================================================================================ 
Commit: d6cfc74a896971ef3542d3dca779f22a14b6613e 
Author: ClientSysFWGit <clientsysfwgit@intel.com> 
Date: Wed Feb 18 15:58:13 2026 -0800 
-------------------------------------------------------------------------------- 
Update SiPkg.dec for NVL Mobile Version 3051.23

-------------------------------------------------------------------------------- 
[Changed Files]
OneSiliconPkg/SiPkg.dec

================================================================================ 
Commit: ce5082371f5c14e4d6fe79533568e67ad78e333c 
Author: ClientSysFWGit <clientsysfwgit@intel.com> 
Date: Wed Feb 18 15:51:23 2026 -0800 
-------------------------------------------------------------------------------- 
"Nvl NovaLakeJenkins_novalake_mobile_program_platform_Daily Daily Updating Version/ID: NovaLake_3051_23

Hsd-es-id: N/A"
Original commit date: Thu Jan 29 06:39:41 2026 +0000
Original commit hash: b63aeafff80bba3bf99ef638e5d79b8942993324

-------------------------------------------------------------------------------- 
[Changed Files]
NovaLakeBoardPkg/BiosId.env
OneSiliconPkg/Product/NovaLake/SiPkgPcdInit.dsc

================================================================================ 
Commit: fc33a10ecec432e158efef0c148b2711c9eed6d7 
Author: ClientSysFWGit <clientsysfwgit@intel.com> 
Date: Wed Feb 18 15:51:20 2026 -0800 
-------------------------------------------------------------------------------- 
Add DisCo table to support new AICv5 codec card

[Feature Description]
Add DisCo table to support new AICv5 codec card.

Package/Module:
Features/Audio/SndwDevTopologyFeaturePkg
Setup

[Impacted Platform]
UPD, Hx

Hsd-es-id: 18044140382
Original commit date: Fri Jan 16 15:16:37 2026 +0000
Change-Id: If50fe467a2f0db000d46b7275b18c3169fd69212
Original commit hash: 6bdd22655e757932355d95944d1eb0207c7e573f

-------------------------------------------------------------------------------- 
[Changed Files]
Features/Audio/SndwDevTopologyFeaturePkg/AcpiTables/SndwDevTopologySt05Ssdt/AudioComposition_8xAMP_1xCODEC.asl
Features/Audio/SndwDevTopologyFeaturePkg/AcpiTables/SndwDevTopologySt05Ssdt/AudioComposition_8xAMP_1xCODEC_all_endpoints.asl
Features/Audio/SndwDevTopologyFeaturePkg/AcpiTables/SndwDevTopologySt05Ssdt/AudioComposition_8xAMP_1xCODEC_no_capture.asl
Features/Audio/SndwDevTopologyFeaturePkg/AcpiTables/SndwDevTopologySt05Ssdt/AudioComposition_8xAMP_1xCODEC_no_capture_no_spk.asl
Features/Audio/SndwDevTopologyFeaturePkg/AcpiTables/SndwDevTopologySt05Ssdt/AudioComposition_8xAMP_1xCODEC_no_spk.asl
Features/Audio/SndwDevTopologyFeaturePkg/AcpiTables/SndwDevTopologySt05Ssdt/CS35L56/CS35L56.asl
Features/Audio/SndwDevTopologyFeaturePkg/AcpiTables/SndwDevTopologySt05Ssdt/CS35L56/CS35L56_DSD.asl
Features/Audio/SndwDevTopologyFeaturePkg/AcpiTables/SndwDevTopologySt05Ssdt/CS35L56/CS35L56_PDP.asl
Features/Audio/SndwDevTopologyFeaturePkg/AcpiTables/SndwDevTopologySt05Ssdt/CS35L56/CS35L56_aasw.asl
Features/Audio/SndwDevTopologyFeaturePkg/AcpiTables/SndwDevTopologySt05Ssdt/CS35L56/CS35L56_ausw.asl
Features/Audio/SndwDevTopologyFeaturePkg/AcpiTables/SndwDevTopologySt05Ssdt/CS35L56/CS35L56_ausw_dmsw.asl
Features/Audio/SndwDevTopologyFeaturePkg/AcpiTables/SndwDevTopologySt05Ssdt/CS35L56/SdcaSmartAmp_CJAM3556_RefStream_common.asl
Features/Audio/SndwDevTopologyFeaturePkg/AcpiTables/SndwDevTopologySt05Ssdt/CS35L63/CS35L63.asl
Features/Audio/SndwDevTopologyFeaturePkg/AcpiTables/SndwDevTopologySt05Ssdt/CS35L63/CS35L63_AMP.asl
Features/Audio/SndwDevTopologyFeaturePkg/AcpiTables/SndwDevTopologySt05Ssdt/CS35L63/CS35L63_DSD.asl
Features/Audio/SndwDevTopologyFeaturePkg/AcpiTables/SndwDevTopologySt05Ssdt/CS35L63/CS35L63_PDP.asl
Features/Audio/SndwDevTopologyFeaturePkg/AcpiTables/SndwDevTopologySt05Ssdt/CS35L63/CS35L63_aasw.asl
Features/Audio/SndwDevTopologyFeaturePkg/AcpiTables/SndwDevTopologySt05Ssdt/CS35L63/CS35L63_ausw.asl
Features/Audio/SndwDevTopologyFeaturePkg/AcpiTables/SndwDevTopologySt05Ssdt/CS35L63/CS35L63_ausw_dmsw.asl
Features/Audio/SndwDevTopologyFeaturePkg/AcpiTables/SndwDevTopologySt05Ssdt/CS42L43/CS42L43.asl
Features/Audio/SndwDevTopologyFeaturePkg/AcpiTables/SndwDevTopologySt05Ssdt/CS42L43/CS42L43_DSD.asl
Features/Audio/SndwDevTopologyFeaturePkg/AcpiTables/SndwDevTopologySt05Ssdt/CS42L43/CS42L43_NEED_CONFIGS.asl
Features/Audio/SndwDevTopologyFeaturePkg/AcpiTables/SndwDevTopologySt05Ssdt/CS42L43/CS42L43_aasw.asl
Features/Audio/SndwDevTopologyFeaturePkg/AcpiTables/SndwDevTopologySt05Ssdt/CS42L43/CS42L43_ausw.asl
Features/Audio/SndwDevTopologyFeaturePkg/AcpiTables/SndwDevTopologySt05Ssdt/CS42L43/CS42L43_ausw_dmsw.asl
Features/Audio/SndwDevTopologyFeaturePkg/AcpiTables/SndwDevTopologySt05Ssdt/CS42L43/CS42L43_hdmc.asl
Features/Audio/SndwDevTopologyFeaturePkg/AcpiTables/SndwDevTopologySt05Ssdt/CS42L43/CS_HID_headset_buttons.asl
Features/Audio/SndwDevTopologyFeaturePkg/AcpiTables/SndwDevTopologySt05Ssdt/CS42L43/Cohen_Amp.asl
Features/Audio/SndwDevTopologyFeaturePkg/AcpiTables/SndwDevTopologySt05Ssdt/CS42L43/Cohen_Amp_Companion.asl
Features/Audio/SndwDevTopologyFeaturePkg/AcpiTables/SndwDevTopologySt05Ssdt/CS42L43/Cohen_SimpleMic.asl
Features/Audio/SndwDevTopologyFeaturePkg/AcpiTables/SndwDevTopologySt05Ssdt/CS42L43/Cohen_UAJ.asl
Features/Audio/SndwDevTopologyFeaturePkg/AcpiTables/SndwDevTopologySt05Ssdt/CS42L43/Cohen_UAJ_capture_disable.asl
Features/Audio/SndwDevTopologyFeaturePkg/AcpiTables/SndwDevTopologySt05Ssdt/CS42L43/Cohen_UAJ_capture_enable.asl
Features/Audio/SndwDevTopologyFeaturePkg/AcpiTables/SndwDevTopologySt05Ssdt/CS42L43/Sidecar_Cohen_Tweeter_Jamerson_Woofer.asl
Features/Audio/SndwDevTopologyFeaturePkg/AcpiTables/SndwDevTopologySt05Ssdt/CS42L45/CS42L45.asl
Features/Audio/SndwDevTopologyFeaturePkg/AcpiTables/SndwDevTopologySt05Ssdt/CS42L45/CS42L45_DSD.asl
Features/Audio/SndwDevTopologyFeaturePkg/AcpiTables/SndwDevTopologySt05Ssdt/CS42L45/CS42L45_aasw.asl
Features/Audio/SndwDevTopologyFeaturePkg/AcpiTables/SndwDevTopologySt05Ssdt/CS42L45/CS42L45_ausw.asl
Features/Audio/SndwDevTopologyFeaturePkg/AcpiTables/SndwDevTopologySt05Ssdt/CS42L45/CS42L45_ausw_dmsw.asl
Features/Audio/SndwDevTopologyFeaturePkg/AcpiTables/SndwDevTopologySt05Ssdt/CS42L45/CS42L45_hdmc.asl
Features/Audio/SndwDevTopologyFeaturePkg/AcpiTables/SndwDevTopologySt05Ssdt/CS42L45/Phife_HID_headset_buttons.asl
Features/Audio/SndwDevTopologyFeaturePkg/AcpiTables/SndwDevTopologySt05Ssdt/CS42L45/Phife_SimpleMic.asl
Features/Audio/SndwDevTopologyFeaturePkg/AcpiTables/SndwDevTopologySt05Ssdt/CS42L45/Phife_UAJ.asl
Features/Audio/SndwDevTopologyFeaturePkg/AcpiTables/SndwDevTopologySt05Ssdt/CS42L45/Phife_UAJ_capture_disable.asl
Features/Audio/SndwDevTopologyFeaturePkg/AcpiTables/SndwDevTopologySt05Ssdt/CS42L45/Phife_UAJ_capture_enable.asl
Features/Audio/SndwDevTopologyFeaturePkg/AcpiTables/SndwDevTopologySt05Ssdt/CS47L47/CS47L47.asl
Features/Audio/SndwDevTopologyFeaturePkg/AcpiTables/SndwDevTopologySt05Ssdt/CS47L47/CS47L47_DSD.asl
Features/Audio/SndwDevTopologyFeaturePkg/AcpiTables/SndwDevTopologySt05Ssdt/CS47L47/CS47L47_aasw.asl
Features/Audio/SndwDevTopologyFeaturePkg/AcpiTables/SndwDevTopologySt05Ssdt/CS47L47/CS47L47_ausw.asl
Features/Audio/SndwDevTopologyFeaturePkg/AcpiTables/SndwDevTopologySt05Ssdt/CS47L47/CS47L47_ausw_dmsw.asl
Features/Audio/SndwDevTopologyFeaturePkg/AcpiTables/SndwDevTopologySt05Ssdt/CS47L47/CS47L47_hdmc.asl
Features/Audio/SndwDevTopologyFeaturePkg/AcpiTables/SndwDevTopologySt05Ssdt/CS47L47/Lesh_HID_headset_buttons.asl
Features/Audio/SndwDevTopologyFeaturePkg/AcpiTables/SndwDevTopologySt05Ssdt/CS47L47/Lesh_SmartMic.asl
Features/Audio/SndwDevTopologyFeaturePkg/AcpiTables/SndwDevTopologySt05Ssdt/CS47L47/Lesh_UAJ.asl
Features/Audio/SndwDevTopologyFeaturePkg/AcpiTables/SndwDevTopologySt05Ssdt/CS47L47/Lesh_UAJ_capture_disable.asl
Features/Audio/SndwDevTopologyFeaturePkg/AcpiTables/SndwDevTopologySt05Ssdt/CS47L47/Lesh_UAJ_capture_enable.asl
Features/Audio/SndwDevTopologyFeaturePkg/AcpiTables/SndwDevTopologySt05Ssdt/Cirrus_NV_N1X_SoundWire_Manager_Streaming_config.asl
Features/Audio/SndwDevTopologyFeaturePkg/AcpiTables/SndwDevTopologySt05Ssdt/Cirrus_Topology_4_Jamerson_1_Cohen.asl
Features/Audio/SndwDevTopologyFeaturePkg/AcpiTables/SndwDevTopologySt05Ssdt/Cirrus_Topology_6_Jamerson_1_Cohen.asl
Features/Audio/SndwDevTopologyFeaturePkg/AcpiTables/SndwDevTopologySt05Ssdt/Cirrus_Topology_8xAMP_1xCODEC.asl
Features/Audio/SndwDevTopologyFeaturePkg/AcpiTables/SndwDevTopologySt05Ssdt/Cirrus_Topology_8xAMP_1xCODEC_aasw.asl
Features/Audio/SndwDevTopologyFeaturePkg/AcpiTables/SndwDevTopologySt05Ssdt/Cirrus_Topology_8xAMP_1xCODEC_ausw.asl
Features/Audio/SndwDevTopologyFeaturePkg/AcpiTables/SndwDevTopologySt05Ssdt/Cirrus_Topology_8xAMP_1xCODEC_ausw_dmsw.asl
Features/Audio/SndwDevTopologyFeaturePkg/AcpiTables/SndwDevTopologySt05Ssdt/Cirrus_Topology_8xAMP_1xCODEC_hdmc.asl
Features/Audio/SndwDevTopologyFeaturePkg/AcpiTables/SndwDevTopologySt05Ssdt/Mic_Geometry_Overload.asl
Features/Audio/SndwDevTopologyFeaturePkg/AcpiTables/SndwDevTopologySt05Ssdt/SmartAmp-Clusters.asl
Features/Audio/SndwDevTopologyFeaturePkg/AcpiTables/SndwDevTopologySt05Ssdt/SmartAmp-Usage.asl
Features/Audio/SndwDevTopologyFeaturePkg/AcpiTables/SndwDevTopologySt05Ssdt/SmartMic-Clusters.asl
Features/Audio/SndwDevTopologyFeaturePkg/AcpiTables/SndwDevTopologySt05Ssdt/SmartMic-Usage.asl
Features/Audio/SndwDevTopologyFeaturePkg/AcpiTables/SndwDevTopologySt05Ssdt/SndwDevTopologySt05Ssdt.asl
Features/Audio/SndwDevTopologyFeaturePkg/AcpiTables/SndwDevTopologySt05Ssdt/cirrus_config_PTL-RVP_AICv5.h
Features/Audio/SndwDevTopologyFeaturePkg/AcpiTables/SndwDevTopologySt05Ssdt/common.h
Features/Audio/SndwDevTopologyFeaturePkg/AcpiTables/SndwDevTopologySt05Ssdt/sb_pc00_hdas_ppms_cirrus_aec.asl
Features/Audio/SndwDevTopologyFeaturePkg/AcpiTables/SndwDevTopologySt05Ssdt/sb_pc00_hdas_ppms_cirrus_apo.asl
Features/Audio/SndwDevTopologyFeaturePkg/AcpiTables/SndwDevTopologySt05Ssdt/sb_pc00_hdas_ppms_waves.asl
Features/Audio/SndwDevTopologyFeaturePkg/AcpiTables/SndwDevTopologySt05Ssdt/version.h
NovaLakePlatSamplePkg/Setup/PchSetup.uni

================================================================================ 
Commit: 18bdd8b5a569a5d20d0249b3009d732d9130613c 
Author: ClientSysFWGit <clientsysfwgit@intel.com> 
Date: Wed Feb 18 15:51:15 2026 -0800 
-------------------------------------------------------------------------------- 
"Nvl NovaLakeJenkins_novalake_mobile_program_platform_Daily Daily Updating Version/ID: NovaLake_3051_22

Hsd-es-id: N/A"
Original commit date: Wed Jan 28 16:11:22 2026 +0000
Original commit hash: c5064c7b126b4074482d8cf47394b4a3f1667164

-------------------------------------------------------------------------------- 
[Changed Files]
NovaLakeBoardPkg/BiosId.env
OneSiliconPkg/Product/NovaLake/SiPkgPcdInit.dsc

================================================================================ 
Commit: 1b800218d5b393e2aad6bc713e983b34122a0d57 
Author: ClientSysFWGit <clientsysfwgit@intel.com> 
Date: Wed Feb 18 15:51:09 2026 -0800 
-------------------------------------------------------------------------------- 
"Nvl NovaLakeJenkins_novalake_mobile_program_platform_Daily Daily Updating Version/ID: NovaLake_3051_21

Hsd-es-id: N/A"
Original commit date: Tue Jan 27 17:29:55 2026 +0000
Original commit hash: eabbf1dae7dafa7909dceaec66eb15eb7867a17c

-------------------------------------------------------------------------------- 
[Changed Files]
NovaLakeBoardPkg/BiosId.env
OneSiliconPkg/Product/NovaLake/SiPkgPcdInit.dsc

================================================================================ 
Commit: ac855b07ba9410a6f4aab581172a8643fda9d9b0 
Author: ClientSysFWGit <clientsysfwgit@intel.com> 
Date: Wed Feb 18 15:51:06 2026 -0800 
-------------------------------------------------------------------------------- 
"Nvl NovaLakeJenkins_novalake_mobile_program_platform_Daily Daily Updating Version/ID: NovaLake_3051_20

Hsd-es-id: N/A"
Original commit date: Tue Jan 27 16:00:32 2026 +0000
Original commit hash: a90d486895afb44161486432b13ee01110924438

-------------------------------------------------------------------------------- 
[Changed Files]
NovaLakeBoardPkg/BiosId.env
OneSiliconPkg/Product/NovaLake/SiPkgPcdInit.dsc

================================================================================ 
Commit: 0f5c6b9e4606572ca822fa47200d614db23fdec9 
Author: ClientSysFWGit <clientsysfwgit@intel.com> 
Date: Wed Feb 18 15:50:59 2026 -0800 
-------------------------------------------------------------------------------- 
With PCH.IOE global reset on G3/DeepSx Exit boots due to USB3DBC change

[Feature Description]
The scenario is while debug IFWI (MEEN is enabled), PlatformDebugOption
(PDO) default is set to Trace Ready, and system boot from G3.

In such case, for PCH.IOE since there is no RTC power, the DCI USB3DBC
setting goes back to hardware default 1. With PDO set to Trace Ready,
BIOS will set USB3DBC to 0.

This change is to skip the global reset when USB3DBC from 1 -> 0 in
such scenario. This follows the implementation as PCD-S for PCH.IOE.

Package/Module:OneSiliconPkg/Dci

[Impacted Platform]
HX

Hsd-es-id: 16029667460
Original commit date: Wed Dec 10 13:40:19 2025 +0800
Change-Id: I064ccd32885e3970f0a7cfe8b120c786c435cc38
Original commit hash: 39e90d9103ec3bcdec08b56c1bdd1b4b201717dc

-------------------------------------------------------------------------------- 
[Changed Files]
OneSiliconPkg/Fru/NvlPcd/LibraryPrivate/NvlPcdPeiInitLib/NvlPcdDci.c
OneSiliconPkg/Fru/NvlPch/LibraryPrivate/PeiNvlPchInitLib/NvlPchDci.c
OneSiliconPkg/IpBlock/Dci/IncludePrivate/DciHandle.h
OneSiliconPkg/IpBlock/Dci/LibraryPrivate/PeiDciInitLib/PeiDciInitLib.c

================================================================================ 
Commit: 4e365ddaab33327e70d428f8acd9b2d6dad28e18 
Author: ClientSysFWGit <clientsysfwgit@intel.com> 
Date: Wed Feb 18 15:50:56 2026 -0800 
-------------------------------------------------------------------------------- 
PMC Trace Verbosity need set to default value to 4

[Issue Description]
The PMC Trace Verbosity is set to 0 by default in BIOS setting. This will cause no trace
is captured when system break at platform bootstall then continue boot to S0 state

[Resolution]
 PMC Trace Verbosity  set to default value 4

Package/Module:NovaLakeBoardPkg

[Impacted Platform]
NVL-P

Hsd-es-id: 15018952947
Original commit date: Fri Jan 23 17:01:16 2026 +0530
Change-Id: I3f53a98cf8de6216740ba756f9f4f9f35644b7c2
Original commit hash: 016a05f7405bba6f02f56c6078dd8a60a78136e0

-------------------------------------------------------------------------------- 
[Changed Files]
NovaLakeBoardPkg/NovaLakePBoards/HiiPcdsInit/HiiStructurePcd.dsc

================================================================================ 
Commit: f151ff53880d7146c4aa314bece13247daa77a6a 
Author: ClientSysFWGit <clientsysfwgit@intel.com> 
Date: Wed Feb 18 15:50:52 2026 -0800 
-------------------------------------------------------------------------------- 
Skip UFS Mphy Calibration flow

[Feature Description]
Skip Mphy Calibration flow as device is BUSY after
Mphy calibration causing failure in Powermode Switch flow

Package/Module: PeiInitLib

[Impacted Platform]
ALL

Hsd-es-id: 16029679881
Original commit date: Tue Jan 27 15:14:02 2026 +0530
Change-Id: Ie7a4be4fb812e5eb74c71d05d900a6085c2c28e5
Original commit hash: 4c047a83a7871fa4e97b5d1782ee712a7aa77c70

-------------------------------------------------------------------------------- 
[Changed Files]
OneSiliconPkg/Fru/NvlPcd/LibraryPrivate/NvlPcdPeiInitLib/NvlPcdScs.c

================================================================================ 
Commit: 17b756e86afcca3160338836e94bb84e6149c37e 
Author: ClientSysFWGit <clientsysfwgit@intel.com> 
Date: Wed Feb 18 15:50:49 2026 -0800 
-------------------------------------------------------------------------------- 
PMC command 0xA5/0xA7 not needed in IOE mode

[Feature Description]
BIOS should not send PMC command 0xA7
to PCH when it is in IOE mode.

Package/Module: OneSiliconPkg

[Impacted Platform]
All

Hsd-es-id: 15018968673
Original commit date: Tue Jan 27 18:01:14 2026 +0800
Change-Id: I775b3749743a4dcf40b6a70bb41e6523543808ac
Original commit hash: 514db545409b4acbe65bdcd17c44f28381b28466

-------------------------------------------------------------------------------- 
[Changed Files]
OneSiliconPkg/Fru/NvlPcd/LibraryPrivate/NvlPcdTcssPmcLib/TcssPmcLib.c

================================================================================ 
Commit: 8cc9d57ce67784cc6ac14cc2fdbe2e55c4ae91c3 
Author: ClientSysFWGit <clientsysfwgit@intel.com> 
Date: Wed Feb 18 15:50:46 2026 -0800 
-------------------------------------------------------------------------------- 
"Nvl NovaLakeJenkins_Edk2Master_Daily Daily Updating Version/ID: NovaLake_3051_01

Hsd-es-id: N/A"
Original commit date: Tue Jan 27 00:04:19 2026 +0000
Original commit hash: b9adf43e200a76bb595ceda86ab02f2a115151de

-------------------------------------------------------------------------------- 
[Changed Files]
NovaLakeBoardPkg/BiosId.env
OneSiliconPkg/Product/NovaLake/SiPkgPcdInit.dsc

================================================================================ 
Commit: 18e332f95b489e20d3a23ba84704f727c254fd6e 
Author: ClientSysFWGit <clientsysfwgit@intel.com> 
Date: Wed Feb 18 15:50:36 2026 -0800 
-------------------------------------------------------------------------------- 
Add firmware-level unit testing support for LPSS I2C.

[Feature Description]
Increase LPSS I2C code quality by adding firmware-level unit
testing support and preparing register macros. The change
introduces standardized register bit masks, field positions,
and numeric shifts, and replaces several packed register unions
with explicit Data32 operations so the code can manipulate register
fields with clear macros. It refactors initialization, clock/divider
configuration, reset handling to use the new macros and explicit
reads/writes, enabling isolated unit tests of MMIO register behavior
and simplifying validation of I2C controller logic.

Revert commit.

Package/Module:
OneSiliconPkg

[Impacted Platform]
N/A

Hsd-es-id: 18044116806
Original commit date: Mon Jan 26 09:35:18 2026 +0100
Change-Id: I098614b2a37e77a34c630859948837375454359
Original commit hash: 1169956c253019df0f7d34e6631050d269ba25cb

-------------------------------------------------------------------------------- 
[Changed Files]
OneSiliconPkg/IpBlock/LpssI2c/Include/Register/LpssI2cRegs.h
OneSiliconPkg/IpBlock/LpssI2c/IncludePrivate/Library/LpssI2cPrivateLib.h
OneSiliconPkg/IpBlock/LpssI2c/LibraryPrivate/PeiDxeSmmLpssI2cPrivateLib/LpssI2cPrivateLib.c

================================================================================ 
Commit: b2b3546d33d446f997ded8893fc38b8a6b397738 
Author: ClientSysFWGit <clientsysfwgit@intel.com> 
Date: Wed Feb 18 15:50:24 2026 -0800 
-------------------------------------------------------------------------------- 
Detect the ME FW Type from Flash During BIOS POST

[Feature Description]
- To support the ME reselling model, different ME FW image type should
  assign with different GUID.

- This change is intended to detect the ME FW image type from flash
  during BIOS POST.

[Changes]
- Add function "SetMeInstance" in "DxeFmpDeviceLibMe"
    - Function to support setting the ME instance

- Add "gHeciProtocolGuid" dependency to ensure module dispatch correctly

- Add function "GetMeFwTypeFromFlash" in "FmpHookMe"
    - Function to get the ME FW type from flash

Package/Module:
BoardPkg/**
CapsulePkg/**

[Impacted Platform]
ALL

Hsd-es-id: 15018961598
Original commit date: Mon Jan 26 14:58:15 2026 +0800
Change-Id: I63663dd2b558e5ab3b7a1a2c149a16c9f56ec0e9
Original commit hash: b5fe56913896639e89fdc1548bafd67817c1e18b

-------------------------------------------------------------------------------- 
[Changed Files]
Features/FirmwareGuard/CapsulePkg/Fmp/DxeFmpDeviceLibMe/DxeFmpDeviceLibMe.c
Features/FirmwareGuard/CapsulePkg/Fmp/DxeFmpDeviceLibMe/DxeFmpDeviceLibMe.inf
NovaLakeBoardPkg/FeatureSupport/Capsule/CapsuleWrapperDxe/CapsuleWrapperDxe.inf
NovaLakeBoardPkg/FeatureSupport/Capsule/CapsuleWrapperDxe/FmpHook/FmpHookMe/FmpHookMe.c

================================================================================ 
Commit: 66778d14875dc68515508c43920b89021e1e54c2 
Author: ClientSysFWGit <clientsysfwgit@intel.com> 
Date: Wed Feb 18 15:50:15 2026 -0800 
-------------------------------------------------------------------------------- 
"Nvl NovaLakeJenkins_Edk2Master_Daily Daily Updating Version/ID: NovaLake_3051_00

Hsd-es-id: N/A"
Original commit date: Mon Jan 26 08:17:12 2026 +0000
Original commit hash: 50b800990fd603f4c3011bc939bbea039cc09053

-------------------------------------------------------------------------------- 
[Changed Files]
NovaLakeBoardPkg/BiosId.env
OneSiliconPkg/Product/NovaLake/SiPkgPcdInit.dsc

================================================================================ 
Commit: 3ef84ebfe89cfc1c06cfc15cac61d29198784991 
Author: ClientSysFWGit <clientsysfwgit@intel.com> 
Date: Wed Feb 18 15:50:12 2026 -0800 
-------------------------------------------------------------------------------- 
"Nvl NovaLakeJenkins_Edk2Master_Daily Daily Updating Version/ID: NovaLake_3050_01

Hsd-es-id: N/A"
Original commit date: Mon Jan 26 07:33:48 2026 +0000
Original commit hash: 4c971ef6ac8dd255f40758ce918ecc861119b3cf

-------------------------------------------------------------------------------- 
[Changed Files]
NovaLakeBoardPkg/BiosId.env
OneSiliconPkg/Product/NovaLake/SiPkgPcdInit.dsc

================================================================================ 
Commit: 7a6860146ba2dba3813d65e779ae9165e3846df0 
Author: ClientSysFWGit <clientsysfwgit@intel.com> 
Date: Wed Feb 18 15:50:09 2026 -0800 
-------------------------------------------------------------------------------- 
USB4.HR LSx GPIO to set IOSState to 0x0

[Feature Description]
Set the IOSState=0 to latch the last value
that USB4.HR is driving to the GPIOs
to control the GPIO on the Sx entry

Package/Module: OneSiliconPkg

[Impacted Platform]
ALL

Hsd-es-id: 15018955302
Original commit date: Fri Jan 23 17:15:13 2026 +0800
Change-Id: Id6cd0b49f40220cba7a17de26ebd8963bbba80e5
Original commit hash: bf56ba26ce6e9cb8b41d99324e5a92e35d998a02

-------------------------------------------------------------------------------- 
[Changed Files]
OneSiliconPkg/Fru/NvlPcd/Library/NvlPcdGpioNativeLib/NvlPcdGpioNativeLib.c
OneSiliconPkg/Fru/NvlPcd/Library/NvlPcdGpioTopology/GpioV2NvlPcdNativeSignals.c

================================================================================ 
Commit: 92f7164d8623e37b0ba5e68885218ed2756f6972 
Author: ClientSysFWGit <clientsysfwgit@intel.com> 
Date: Wed Feb 18 15:50:03 2026 -0800 
-------------------------------------------------------------------------------- 
Adjust NIST slot number for mobile platforms

[Issue Description]
NVME resiliency page is grayed out even if NVME SSD is attached
to NIST slot.

[Resolution]
Adjust slot number to meet PCIE Link Capabilities register
Port Number (PN)

Package/Module:
BoardPkg/CapsuleWrapperDxe

[Impacted Platform]
NVL mobile

Hsd-es-id: 15018643876
Original commit date: Mon Jan 19 15:33:08 2026 +0800
Change-Id: I2a05def01a779566d694d4a2b9877e15496ae678
Original commit hash: 5e277880c7317fe984c6a85eaf1217b9c0c9b912

-------------------------------------------------------------------------------- 
[Changed Files]
NovaLakeBoardPkg/FeatureSupport/Capsule/CapsuleWrapperDxe/CapsuleWrapperDxe.c
NovaLakeBoardPkg/FeatureSupport/Capsule/CapsuleWrapperDxe/CapsuleWrapperDxe.inf

================================================================================ 
Commit: a45a30bce2f421e13491f7eb89c0615a5a9abb15 
Author: ClientSysFWGit <clientsysfwgit@intel.com> 
Date: Wed Feb 18 15:50:00 2026 -0800 
-------------------------------------------------------------------------------- 
Remove redundant items from Thermal/GBE config blocks/upds/setup

[Feature Description]
Remove redundant items from Thermal/GBE config blocks/upds/setup

Package/Module:
FspPkg
SamplePkg

[Impacted Platform]
ALL

Hsd-es-id: 15018950162
Original commit date: Thu Jan 22 16:42:37 2026 +0800
Change-Id: I4cce5e9b2b9af1f977bf8a4e4c0448e384a66738
Original commit hash: 30773fff6bfbcd247e76b3de00709d7a1f037948

-------------------------------------------------------------------------------- 
[Changed Files]
NovaLakeFspPkg/Upd/FspsUpd.dsc
NovaLakePlatSamplePkg/Include/SetupVariable.h

================================================================================ 
Commit: 34995617328d0051e25cb15772383b3c9ae2b12b 
Author: ClientSysFWGit <clientsysfwgit@intel.com> 
Date: Wed Feb 18 15:49:47 2026 -0800 
-------------------------------------------------------------------------------- 
"IpSip17Pcie IpSip17Pcie_main_Daily Daily Updating Version/ID: SIP17PCIE.26050100

Hsd-es-id: N/A"
Original commit date: Mon Jan 26 02:04:39 2026 +0000
Original commit hash: f1f823da3f8082a3e14ff23acf1b38109d84fc0c

-------------------------------------------------------------------------------- 
[Changed Files]
OneSiliconPkg/IpBlock/IpPcieSip17/IpPcieLib/IpPcieVersion.h

================================================================================ 
Commit: e95555fec5c196712bb70967427600aa0523ad93 
Author: ClientSysFWGit <clientsysfwgit@intel.com> 
Date: Wed Feb 18 15:49:43 2026 -0800 
-------------------------------------------------------------------------------- 
Remove redundant items from ME/Smbus/HDA/Cnvi config blocks/upds/setup

[Feature Description]
Remove redundant items from ME/Smbus/HDA/Cnvi config blocks/upds/setup

Package/Module:
BoardPkg
FspPkg
SamplePkg

[Impacted Platform]
ALL

Hsd-es-id: 15018941808
Original commit date: Wed Jan 21 16:30:07 2026 +0800
Change-Id: I576c780a9881477a8e5e79690911f879ec83b3d7
Original commit hash: b447b0ba865ac01dcbcdbb2ccd5a9c4a7bc93d1a

-------------------------------------------------------------------------------- 
[Changed Files]
NovaLakeFspPkg/Upd/FspmUpd.dsc
NovaLakeFspPkg/Upd/FspsUpd.dsc
NovaLakePlatSamplePkg/Include/SetupVariable.h

================================================================================ 
Commit: 20e18eaa919693b6eaa94b3151293b776bb8b292 
Author: ClientSysFWGit <clientsysfwgit@intel.com> 
Date: Wed Feb 18 15:49:34 2026 -0800 
-------------------------------------------------------------------------------- 
"Nvl NovaLakeJenkins_Edk2Master_Daily Daily Updating Version/ID: NovaLake_3050_00

Hsd-es-id: N/A"
Original commit date: Mon Jan 26 00:04:27 2026 +0000
Original commit hash: 20afb6c184460413e09c95ba1a20de5e56ff08c4

-------------------------------------------------------------------------------- 
[Changed Files]
NovaLakeBoardPkg/BiosId.env
OneSiliconPkg/Product/NovaLake/SiPkgPcdInit.dsc

================================================================================ 
Commit: 691f1574df025c6659791411b020eade3114601a 
Author: ClientSysFWGit <clientsysfwgit@intel.com> 
Date: Wed Feb 18 15:49:21 2026 -0800 
-------------------------------------------------------------------------------- 
"Nvl NovaLakeJenkins_Edk2Master_Daily Daily Updating Version/ID: NovaLake_3046_00

Hsd-es-id: N/A"
Original commit date: Sun Jan 25 00:04:26 2026 +0000
Original commit hash: d62655d01e0158ec840773be1256fe7ae54410b8

-------------------------------------------------------------------------------- 
[Changed Files]
NovaLakeBoardPkg/BiosId.env
OneSiliconPkg/Product/NovaLake/SiPkgPcdInit.dsc

================================================================================ 
Commit: 632067acb3b0c38996e75e681b8632ead83bb200 
Author: ClientSysFWGit <clientsysfwgit@intel.com> 
Date: Wed Feb 18 15:49:08 2026 -0800 
-------------------------------------------------------------------------------- 
"Nvl NovaLakeJenkins_Edk2Master_Daily Daily Updating Version/ID: NovaLake_3045_00

Hsd-es-id: N/A"
Original commit date: Sat Jan 24 00:05:44 2026 +0000
Original commit hash: 2d986724fd83b807062a5fdc41aadc6434b89ddf

-------------------------------------------------------------------------------- 
[Changed Files]
NovaLakeBoardPkg/BiosId.env
OneSiliconPkg/Product/NovaLake/SiPkgPcdInit.dsc

================================================================================ 
Commit: 154e981b6553d64aa6478314fb93e9580ee13fde 
Author: ClientSysFWGit <clientsysfwgit@intel.com> 
Date: Wed Feb 18 15:48:51 2026 -0800 
-------------------------------------------------------------------------------- 
BIOS shall program UFS Redriver Equalization settings

[Feature Description]
BIOS to program UFS Redriver Equalization settings
for Gear5 speeds during each board power cycle over I2C03.

Package/Module: BoardPkg

[Impacted Platform]
All

Hsd-es-id: 16029593964
Original commit date: Thu Dec 11 15:18:18 2025 +0530
Change-Id: I673cc14c45fa2eea3c52dbe0ac3f701217f91130
Original commit hash: 9a1d17fad5f55ee325812cfe23f51bbdddd61c1f

-------------------------------------------------------------------------------- 
[Changed Files]
NovaLakeBoardPkg/BoardPkg.dec
NovaLakeBoardPkg/BoardPkg.dsc
NovaLakeBoardPkg/BoardPkg.fdf
NovaLakeBoardPkg/BoardPkgPcdInit.dsc
NovaLakeBoardPkg/FeatureSupport/I2c/I2cUfsRedriverPei/I2cUfsRedriverPei.c
NovaLakeBoardPkg/FeatureSupport/I2c/I2cUfsRedriverPei/I2cUfsRedriverPei.h
NovaLakeBoardPkg/FeatureSupport/I2c/I2cUfsRedriverPei/I2cUfsRedriverPei.inf
NovaLakeBoardPkg/Include/PlatformBoardConfig.h
NovaLakeBoardPkg/NovaLakePBoards/BoardVpdPcdsInit/BoardVpdPcdInit.dsc
NovaLakeBoardPkg/NovaLakePBoards/BoardVpdPcdsInit/SkuIdNvlHxLp5xCammT3Rvp3.dsc
NovaLakeBoardPkg/NovaLakePBoards/BoardVpdPcdsInit/SkuIdNvlUphUlLp5xT3MemSktRvp5.dsc
NovaLakeFspPkg/Upd/FspmUpd.dsc
NovaLakePlatSamplePkg/Library/PeiPolicyUpdateLib/PeiPchPolicyUpdatePreMem.c
OneSiliconPkg/Fru/NvlPcd/LibraryPrivate/NvlPcdPeiInitLib/NvlPcdI2c.c

================================================================================ 
Commit: 33cd53bf80686ec651c158f00df36cdf2eab6173 
Author: ClientSysFWGit <clientsysfwgit@intel.com> 
Date: Wed Feb 18 15:48:34 2026 -0800 
-------------------------------------------------------------------------------- 
Add unit testing support for LPSS UART and prepare register macros.

[Feature Description]
Increase LPSS UART code quality by adding firmware-level unit testing
support and preparing register macros. The change introduces
standardized register bit masks, field positions, and numeric shifts,
and replaces several packed register unions with explicit Data32
operations so the code can manipulate register fields with clear
macros. It refactors initialization, clock/divider configuration,
reset handling to use the new macros and explicit reads/writes,
enabling isolated unit tests of MMIO register behavior and
simplifying validation of SPI controller logic.

Package/Module:
OneSiliconPkg

[Impacted Platform]
N/A

Hsd-es-id: 18044116797
Original commit date: Fri Jan 16 09:15:20 2026 +0100
Change-Id: I098614b2a37e77a34c630859943857673554649
Original commit hash: 53f050a5edf6a31844538612e72f556ceb2b15e9

-------------------------------------------------------------------------------- 
[Changed Files]
OneSiliconPkg/IpBlock/LpssUart/Include/Register/LpssUartRegs.h
OneSiliconPkg/IpBlock/LpssUart/Library/LpssUartLib/LpssUartLib.c

================================================================================ 
Commit: 1f0611e275af08250d63b41d7543c156902b1c19 
Author: ClientSysFWGit <clientsysfwgit@intel.com> 
Date: Wed Feb 18 15:48:28 2026 -0800 
-------------------------------------------------------------------------------- 
PCH GPP_B10 state change from High to Low for RVP2

[Feature Description]
PCH GPP_B10 state change from High to Low for RVP2

Package/Module: BoardPkg

[Impacted Platform]
All

Hsd-es-id: 16029649023
Original commit date: Wed Jan 21 09:49:06 2026 +0530
Change-Id: I53cd34691d8d408e050b8b4a2274be7390e4154f
Original commit hash: 1856ac8c9f9f8d6c90239c243f26fd16f0abb1d3

-------------------------------------------------------------------------------- 
[Changed Files]
NovaLakeBoardPkg/NovaLakePBoards/BoardVpdPcdsInit/SkuIdNvlHxDdr5SODimm2DpcT3dTBTRvp2.dsc

================================================================================ 
Commit: 6af2f1aa4d7db6775461002c94a55f9f5bd6c1dd 
Author: ClientSysFWGit <clientsysfwgit@intel.com> 
Date: Wed Feb 18 15:48:24 2026 -0800 
-------------------------------------------------------------------------------- 
Remove TCSS unused pre-memory policy

[Feature Description]
Remove TCSS unused pre-memory policy, update policy description
and sync UPD default value.

Package/Module:
Intel/OneSiliconPkg
Intel/NovaLakeFspPkg
Intel/NovaLakeBoardPkg
Intel/NovaLakePlatSamplePkg
Intel/DunlowBoardPkg
Intel/DunlowPlatSamplePkg

[Impacted Platform]
ALL

Hsd-es-id: 15018935504
Original commit date: Mon Jan 19 12:55:59 2026 +0800
Change-Id: I19617915697c288d99a69671c9ada3dca30d9e91
Original commit hash: 5288198a0b488bc89e0202d75efee08247b13bee

-------------------------------------------------------------------------------- 
[Changed Files]
NovaLakeBoardPkg/BoardSupport/Library/PeiPolicyBoardConfigLib/PeiSaPolicyBoardConfigPreMem.c
NovaLakeFspPkg/Library/PeiPolicyUpdatePreMemLib/PeiSaPolicyUpdatePreMem.c
NovaLakeFspPkg/Upd/FspmUpd.dsc
OneSiliconPkg/Fru/NvlPcd/Tcss/LibraryPrivate/NvlPcdTcssInitLib/NvlPcdTcssInitCommon.c
OneSiliconPkg/Include/ConfigBlock/Tcss/TcssPeiConfig.h
OneSiliconPkg/Include/ConfigBlock/Tcss/TcssPeiPreMemConfig.h
OneSiliconPkg/Include/Register/PmcRegs.h
OneSiliconPkg/IpBlock/Iom/Include/IpIom.h
OneSiliconPkg/IpBlock/Iom/IpIomLib/IpIomLib.c
OneSiliconPkg/Subsystem/Tcss/PeiTcssPolicyLib/PeiTcssPolicyLib.c
OneSiliconPkg/Subsystem/Tcss/PeiTcssPolicyLib/PeiTcssPolicyPreMemLib.c

================================================================================ 
Commit: 60e7af09ca9eca9bb2584948958dc84d4b27a176 
Author: ClientSysFWGit <clientsysfwgit@intel.com> 
Date: Wed Feb 18 15:48:15 2026 -0800 
-------------------------------------------------------------------------------- 
Remove Dead Code in RegisterDefaultBootOption()

[Issue Description]
Dead code has been found in RegisterDefaultBootOption(). At the end of this
function, the code is calling AppendDevicePathNode() but not capturing its
return value. This function allocates and returns a new device path, but
without storing it, the result is lost and unusable. It appears that this was
at one point used to register a boot option.

[Resolution]
Removed the dead code.

Package/Module: BoardPkg, PlatSamplePkg

[Impacted Platform]
ALL

Hsd-es-id: 22022021395
Original commit date: Thu Jan 22 16:03:58 2026 -0800
Change-Id: I9f965516e0b3157b83a7c939b5571b8bc6612002
Original commit hash: 12666ad6f24ba6ec0e062bfa780bbbf6d145ff11

-------------------------------------------------------------------------------- 
[Changed Files]
NovaLakeBoardPkg/BoardPkgPcdInit.dsc
NovaLakeBoardPkg/BoardSupport/Library/PeiBootModeLib/PeiBootModeLib.c
NovaLakePlatSamplePkg/Library/DxePlatformBootManagerLib/DxePlatformBootManagerHiiFreeLib.inf
NovaLakePlatSamplePkg/Library/DxePlatformBootManagerLib/DxePlatformBootManagerLib.inf
NovaLakePlatSamplePkg/Library/DxePlatformBootManagerLib/PlatformBootOption.c

================================================================================ 
Commit: 7f1b9f94facc6bf71b4f5352df95ce48787dab9c 
Author: ClientSysFWGit <clientsysfwgit@intel.com> 
Date: Wed Feb 18 15:48:03 2026 -0800 
-------------------------------------------------------------------------------- 
Fix GFNS fan index handling error

[Issue Description]
GFNS returns incorrect fan speed for some fan indices.
GFNS should return the correct fan speed in RPM for each fan index
Fan Index 0 -> \_SB.RCFS() -> CPU Fan speed in rpm
Fan Index 1 -> \_SB.ERDF() -> DDR Fan speed in rpm
Fan Index 2 -> \_SB.ERGF() -> GPU Fan speed in rpm

[Resolution]
The GFNS method has been updated to allow it to call
the correct EC fan speed method based on the fan index.

Package/Module:
DptfFeaturePkg

[Impacted Platform]
ALL

Hsd-es-id: 15018936483
Original commit date: Mon Jan 19 16:49:22 2026 +0800
Change-Id: Idc1125534ebd7b6b75eb2c83d6e45baf4915fbcb
Original commit hash: 19743573f42a870c89ba6745eed1f119fee590c9

-------------------------------------------------------------------------------- 
[Changed Files]
Features/Thermal/DptfFeaturePkg/AcpiTables/DptfEcMethods.asl

================================================================================ 
Commit: c8bd54e2e01f77502b5c6e7998d00202942242bf 
Author: ClientSysFWGit <clientsysfwgit@intel.com> 
Date: Wed Feb 18 15:47:54 2026 -0800 
-------------------------------------------------------------------------------- 
Update MRC Release Notes and increment MRC build revision to 0.0.120.9

[Feature Description]
Updating MrcVersion.h and ReleaseNotes.

Package/Module:OneSiliconPkg/MemoryInit

[Impacted Platform]
All

Registers impacted: None

Hsd-es-id: 14023142879
Original commit date: Fri Jan 23 00:56:41 2026 +0000
Original commit hash: 457293d2519138f962a1b39114f1fa75f1dcced6

-------------------------------------------------------------------------------- 
[Changed Files]
OneSiliconPkg/IpBlock/MemoryInit/src/IncludePrivate/Nvl/MrcVersion.h

================================================================================ 
Commit: 82d52469ff20510a790d380941e7de426dea492c 
Author: ClientSysFWGit <clientsysfwgit@intel.com> 
Date: Wed Feb 18 15:47:50 2026 -0800 
-------------------------------------------------------------------------------- 
"Nvl NovaLakeJenkins_Edk2Master_Daily Daily Updating Version/ID: NovaLake_3044_00

Hsd-es-id: N/A"
Original commit date: Fri Jan 23 00:07:14 2026 +0000
Original commit hash: 976d7fbb9749dffffc13484ee123624231b79110

-------------------------------------------------------------------------------- 
[Changed Files]
NovaLakeBoardPkg/BiosId.env
OneSiliconPkg/Product/NovaLake/SiPkgPcdInit.dsc

================================================================================ 
Commit: 9ee6f097cf7444b1110be182317190b7b1115b51 
Author: ClientSysFWGit <clientsysfwgit@intel.com> 
Date: Wed Feb 18 15:47:46 2026 -0800 
-------------------------------------------------------------------------------- 
[COMMON] pcode mailbox command for SAGV G2 update

[Feature Description]
Using pcode mailbox command for SAGV G2 enabling. If the pcode mailbox command returns fail, switch to use the sai solution.

Package/Module: MemoryInit

[Impacted Platform]
NVL

Hsd-es-id: 22021995708
Original commit date: Wed Jan 21 10:53:01 2026 -0800
Change-Id: I8b740fa30fa200aa693eba7a4c1453582d96a06b
Original commit hash: cf4440a3681e91b391911590b030ceba103ff3c3

-------------------------------------------------------------------------------- 
[Changed Files]
OneSiliconPkg/IpBlock/MemoryInit/src/UcManagement/MrcUcManagement.c

================================================================================ 
Commit: e1bcc2f87161594b83545cb0c87a29983cb90124 
Author: ClientSysFWGit <clientsysfwgit@intel.com> 
Date: Wed Feb 18 15:47:42 2026 -0800 
-------------------------------------------------------------------------------- 
[COMMON] Use pcode mailbox command for SAGV G2 enabling

[Feature Description]
Using pcode mailbox command for SAGV G2 enabling instead of directly programming the memss PMA registers.

Package/Module: MemoryInit

[Impacted Platform]
NVL

Hsd-es-id: 22021992366
Original commit date: Wed Jan 21 10:39:21 2026 -0800
Change-Id: I47cd5f08d493610f3a1e3b732311ae34fd7e2552
Original commit hash: 519675eea419a531a8b31173f83fa801f5174a4d

-------------------------------------------------------------------------------- 
[Changed Files]
OneSiliconPkg/IpBlock/MemoryInit/src/ApiLib/MrcGeneral.h
OneSiliconPkg/IpBlock/MemoryInit/src/UcManagement/MrcUcManagement.c

================================================================================ 
Commit: 796060af5c4c66ae39ee7d2cd48b7e89b2f88f6d 
Author: ClientSysFWGit <clientsysfwgit@intel.com> 
Date: Wed Feb 18 15:47:31 2026 -0800 
-------------------------------------------------------------------------------- 
Initial configuration of Root Ports.

[Feature Description]
AOB interface need an update to controller data
handling. This change adds missing updates for
root port initial configuration.

Package/Module:
OneSiliconPkg

[Impacted Platform]
S, H.

Hsd-es-id: 18044167512
Original commit date: Thu Jan 22 14:29:16 2026 +0100
Change-Id: I4998d777d7aa1c24c53f0c17b35465f48bdc4c1f
Original commit hash: f78fb2b2c2b90047793177ff464480d464bfb2ce

-------------------------------------------------------------------------------- 
[Changed Files]
OneSiliconPkg/Fru/NvlPch/LibraryPrivate/NvlPchPcieRpPchLib/NvlPchRpInstance.c

================================================================================ 
Commit: 56dd8ad494d78da000d08fcc50ec04f70163bd6e 
Author: ClientSysFWGit <clientsysfwgit@intel.com> 
Date: Wed Feb 18 15:47:23 2026 -0800 
-------------------------------------------------------------------------------- 
Update MRC Release Notes and increment MRC build revision to 0.0.120.8

[Feature Description]
Updating MrcVersion.h and ReleaseNotes.

Package/Module:OneSiliconPkg/MemoryInit

[Impacted Platform]
All

Registers impacted: None

Hsd-es-id: 14023142879
Original commit date: Thu Jan 22 15:48:45 2026 +0000
Original commit hash: fcb2a003bc2081e31cfbb5579674b5bcda9c0f9d

-------------------------------------------------------------------------------- 
[Changed Files]
OneSiliconPkg/IpBlock/MemoryInit/src/IncludePrivate/Nvl/MrcVersion.h

================================================================================ 
Commit: 45cb7d4fd02fe45de0d4e8ba11c449066db4e405 
Author: ClientSysFWGit <clientsysfwgit@intel.com> 
Date: Wed Feb 18 15:47:19 2026 -0800 
-------------------------------------------------------------------------------- 
Remove all NVL Platform specific tags from NVL source.

[Feature Description]
Removing platform specific tags to enable external release

Package/Module:
BoardPkg

[Impacted Platform]
NVL

Hsd-es-id: 16029657592
Original commit date: Wed Jan 21 15:01:31 2026 +0530
Change-Id: I9413397bb756d0686f7583162e938965265e6908
Original commit hash: cae83b1db1cd2fa0cdb905d23f83cee05a373eef

-------------------------------------------------------------------------------- 
[Changed Files]
OneSiliconPkg/Include/Register/GpioV2ChipsetId.h
OneSiliconPkg/IpBlock/Pmc/LibraryPrivate/PeiPmcPrivateLib2/PeiPmcPrivateLib.c

================================================================================ 
Commit: 33d7c1362696b907f9484c62d004974d0638c3c5 
Author: ClientSysFWGit <clientsysfwgit@intel.com> 
Date: Wed Feb 18 15:47:11 2026 -0800 
-------------------------------------------------------------------------------- 
Virtual UART feature to be disabled by default

[Feature Description]
BIOS Knob: "Virtual UART - Terminal Over Debug" [Default : Change from
Enable to Disable] and Enabled if Platform Debug Option = Trace Active
or Trace Ready.

Package/Module:
PlatSamplePkg
BoardPkg

[Impacted Platform]
ALL

Hsd-es-id: 22021893094
Original commit date: Mon Jan 19 20:13:11 2026 +0530
Change-Id: I20c7ff34d72acef75d16145fb5601058746f702b
Original commit hash: e7bc75c384bbe646e2bb0f22dd0a54b13d9c163f

-------------------------------------------------------------------------------- 
[Changed Files]
NovaLakeBoardPkg/NovaLakePBoards/HiiPcdsInit/HiiStructurePcd.dsc
NovaLakeBoardPkg/NovaLakeSBoards/HiiPcdsInit/HiiStructurePcd.dsc
NovaLakePlatSamplePkg/Features/TerminalOverDebug/TerminalOverDebug.c
NovaLakePlatSamplePkg/Features/TerminalOverDebug/TerminalOverDebug.inf
NovaLakePlatSamplePkg/Library/DxePlatformBootManagerLib/BdsPlatform.c
NovaLakePlatSamplePkg/Setup/DebugSetup.c
NovaLakePlatSamplePkg/Setup/DebugSetup.uni

================================================================================ 
Commit: ce2c3b4fd5c99dc79debc46bed4dba6c3ae2d222 
Author: ClientSysFWGit <clientsysfwgit@intel.com> 
Date: Wed Feb 18 15:46:53 2026 -0800 
-------------------------------------------------------------------------------- 
Sporadic watchdog timeout and UR during SX.

[Issue Description]
Sporadically observing Stop code:
CLOCK_WATCHDOG_TIMEOUT (0x101) 0% and
WHEA_Uncorrectable_Error (0x124) BSOD during Sx
and Restart cycles.

[Resolution]
Change improper use of PCD register access
construction, and add checks for fail conditions
during register access construction.

Package/Module:
OneSiliconPkg

[Impacted Platform]
S, H.

Hsd-es-id: 16029630562
Original commit date: Wed Jan 21 19:57:15 2026 +0100
Change-Id: I1c02cd0660d800edebac49ad31849904affee7cc
Original commit hash: dcecb341808d8ba2a48ffe0af0e51e998cb2b670

-------------------------------------------------------------------------------- 
[Changed Files]
OneSiliconPkg/Product/NovaLake/Library/NvlPciAobLib/NvlPciAobLib.c

================================================================================ 
Commit: 94b80bf7d01255a8552c75c89536792eec354e26 
Author: ClientSysFWGit <clientsysfwgit@intel.com> 
Date: Wed Feb 18 15:46:47 2026 -0800 
-------------------------------------------------------------------------------- 
L1/L2 cache size reporting should reflect (P+E+LPE-core) combined

[Feature Description]
SMBIOS reports L1/L2/L3 cache size incorrectly.

Package/Module: 1SPkg

[Impacted Platform]
ALL

Hsd-es-id: 22021718187
Original commit date: Fri Jan 9 00:25:12 2026 +0530
Change-Id: If9d556a58cf6b5bf6c1089c61da0d84d6dcb6d9e
Original commit hash: b59ed175e7c82b0e7082fcaa3f4140d3fdb59cb1

-------------------------------------------------------------------------------- 
[Changed Files]
OneSiliconPkg/IpBlock/CpuInit/LibraryPrivate/PeiSmbiosCpuLib/SmbiosType7.c
OneSiliconPkg/Library/DxeSmbiosProcessorLib/DxeSmbiosProcessorLib.c

================================================================================ 
Commit: b6e7fdcca5e821ddff59fef5dc0c72e7af9d0f22 
Author: ClientSysFWGit <clientsysfwgit@intel.com> 
Date: Wed Feb 18 15:46:37 2026 -0800 
-------------------------------------------------------------------------------- 
Update MRC Release Notes and increment MRC build revision to 0.0.120.7

[Feature Description]
Updating MrcVersion.h and ReleaseNotes.

Package/Module:OneSiliconPkg/MemoryInit

[Impacted Platform]
All

Registers impacted: None

Hsd-es-id: 14023142879
Original commit date: Thu Jan 22 05:07:34 2026 +0000
Original commit hash: da62e3432ce4e982447667a5c8e1010f44dd2f6d

-------------------------------------------------------------------------------- 
[Changed Files]
OneSiliconPkg/IpBlock/MemoryInit/src/IncludePrivate/Nvl/MrcVersion.h

================================================================================ 
Commit: 5167b8bfd5965276cbc806f26c6407aae45feb8e 
Author: ClientSysFWGit <clientsysfwgit@intel.com> 
Date: Wed Feb 18 15:46:34 2026 -0800 
-------------------------------------------------------------------------------- 
BIOS should keep reading retimer when PD is already in TBT mode

[Issue Description]
BIOS will skip the whole reading flow when PD is already in TBT mode

[Resolution]
1. if the function return error as EFI_ALREADY_STARTED, it means that
PD is already in TBT mode. BIOS should keep executing following steps.
2. CleanUp unused API in EcTcssLib. The original supported EC command
is already removed.

Package/Module:
DxeFirmwareVersionInfoLib

[Impacted Platform]
ALL.

Hsd-es-id: 15018942374
Original commit date: Wed Jan 21 17:30:32 2026 +0800
Change-Id: Ie1bcea27a5452d2018086c1fd179c48078a76094
Original commit hash: 1fa67097ba8592ce52cca3d39f215d4ffb0d0117

-------------------------------------------------------------------------------- 
[Changed Files]
Features/Ec/EcFeaturePkg/Library/BaseEcTcssLib/BaseEcTcssLib.c
NovaLakePlatSamplePkg/Library/DxeFirmwareVersionInfoLib/DxeFirmwareVersionInfoLib.c

================================================================================ 
Commit: 1fb220c92a66600d8da93f1fec276c47ac6f6e7b 
Author: ClientSysFWGit <clientsysfwgit@intel.com> 
Date: Wed Feb 18 15:46:27 2026 -0800 
-------------------------------------------------------------------------------- 
Rvp41, Rvp34, Rvp410m Board Support Addition

[Feature Description]
Rvp41, Rvp34, Rvp410m Board Support Addition

Package/Module: BoardPkg

[Impacted Platform]
ALL

Hsd-es-id: 16029649414
Original commit date: Wed Jan 21 10:55:08 2026 +0530
Change-Id: I789b0e5ead48859dfcd4263da4505f06aed35d32
Original commit hash: 61f5ad2b63dce59560c51b844796a6702e97e07c

-------------------------------------------------------------------------------- 
[Changed Files]
NovaLakeBoardPkg/BoardPkg.dsc
NovaLakeBoardPkg/Include/PlatformBoardId.h
NovaLakeBoardPkg/NovaLakePBoards/BoardVpdPcdsInit/SkuIdNvlDdr5SODimm1DpcT3Rvp1.dsc
NovaLakeBoardPkg/NovaLakePBoards/BoardVpdPcdsInit/SkuIdNvlHxLp5xCammT3Rvp3.dsc

================================================================================ 
Commit: be9095f81c016e34b0588f138a90a183171abd99 
Author: ClientSysFWGit <clientsysfwgit@intel.com> 
Date: Wed Feb 18 15:46:18 2026 -0800 
-------------------------------------------------------------------------------- 
Fix infinite LPE process with extended BIOS

[Issue Description]
After enable LPE in BIOS with extended BIOS enable,
infinite LPE process observed.

[Resolution]
When clear all NV variable action is selected,
PsLpeDisabled shall be invoked when erasing is failed.

Package/Module:
PlatformSanitizeFeaturePkg/PlatformSanitizeDxe

[Impacted Platform]
ALL

Hsd-es-id: 16029565378
Original commit date: Wed Jan 21 13:45:30 2026 +0800
Change-Id: I2a4a229e245f7418f32534847871c3e524adfd54
Original commit hash: 7b909be063420272af6189e16ad52c4c37c05837

-------------------------------------------------------------------------------- 
[Changed Files]
Features/Manageability/PlatformSanitizeFeaturePkg/PlatformSanitizeDxe/PlatformSanitizeService.c

================================================================================ 
Commit: 21c53a561ee28482001bad0667ed62061a40d5ad 
Author: ClientSysFWGit <clientsysfwgit@intel.com> 
Date: Wed Feb 18 15:46:09 2026 -0800 
-------------------------------------------------------------------------------- 
"Nvl NovaLakeJenkins_Edk2Master_Daily Daily Updating Version/ID: NovaLake_3043_00

Hsd-es-id: N/A"
Original commit date: Thu Jan 22 00:06:05 2026 +0000
Original commit hash: 568ec838973c6383f7dbcdafa5530c8e01408b90

-------------------------------------------------------------------------------- 
[Changed Files]
NovaLakeBoardPkg/BiosId.env
OneSiliconPkg/Product/NovaLake/SiPkgPcdInit.dsc

================================================================================ 
Commit: 26dcfd6716f5f5bd03d495a22dbfc43043626932 
Author: ClientSysFWGit <clientsysfwgit@intel.com> 
Date: Wed Feb 18 15:45:56 2026 -0800 
-------------------------------------------------------------------------------- 
LPSS UART initialization in FSP-M

[Feature Description]
Added support for UART configuration in FSP-M.

Package/Module:
OneSiliconPkg
ClientFspPkg

[Impacted Platform]
All.

Hsd-es-id: 16028790074
Original commit date: Tue Nov 25 11:37:00 2025 +0530
Change-Id: I97176dc73e3344b4cd65b75bc08fb8f7c9520c48
Original commit hash: 98c27b3108597cd79166339a9a49d637a0b5852b

-------------------------------------------------------------------------------- 
[Changed Files]
ClientFspPkg/Library/FspSerialIoUartDebugHelperLib/FspSerialIoUartDebugHelperLib.c
ClientFspPkg/Library/FspSerialIoUartDebugHelperLib/FspSerialIoUartDebugHelperLib.inf
NovaLakeFspPkg/NovaLakeFspPkg.dsc
NovaLakeFspPkg/Upd/FspmUpd.dsc
NovaLakeFspPkg/Upd/FsptUpd.dsc
NovaLakePlatSamplePkg/Library/PeiPolicyUpdateLib/PeiSiPolicyUpdate.c
OneSiliconPkg/Fru/NvlPcd/Library/NvlPcdSecLib/NvlPcdSecLib.c
OneSiliconPkg/Fru/NvlPcd/Library/NvlPcdSecLib/NvlPcdSecLib.inf
OneSiliconPkg/Fru/NvlPcd/LibraryPrivate/NvlPcdLpssGpioAccessLib/NvlPcdSecLpssGpioAccessLib.inf
OneSiliconPkg/Fru/NvlPcd/LibraryPrivate/SecPreMemLpssInitLib/SecLpssI2cInitLib.c
OneSiliconPkg/Fru/NvlPcd/LibraryPrivate/SecPreMemLpssInitLib/SecPreMemLpssInitLib.inf
OneSiliconPkg/Fru/NvlPcd/LibraryPrivate/SecPreMemLpssInitLib/SecPreMemLpssUartInitLib.c
OneSiliconPkg/Include/Library/LpssUartInitWrapperLib.h
OneSiliconPkg/IncludePrivate/Nvl/Pcd/Library/SecPreMemLpssUartInitLib.h
OneSiliconPkg/Library/LpssUartInitWrapperLib/LpssUartInitWrapperLib.c
OneSiliconPkg/Library/LpssUartInitWrapperLib/LpssUartInitWrapperLib.inf

================================================================================ 
Commit: b167b250c7d4dd3cba4386b4528b215297c70763 
Author: ClientSysFWGit <clientsysfwgit@intel.com> 
Date: Wed Feb 18 15:45:49 2026 -0800 
-------------------------------------------------------------------------------- 
Add unit testing support for LPSS UART and prepare code.

[Feature Description]
Increase LPSS UART code quality by adding firmware-level unit
testing support.
Removed not needed code.

Package/Module:
OneSiliconPkg

[Impacted Platform]
N/A

Hsd-es-id: 18044116802
Original commit date: Fri Jan 16 09:41:02 2026 +0100
Change-Id: I098614b2a37e77a34c630453943857973854749
Original commit hash: c208298b39ccad181a47e2316c26917ebb992843

-------------------------------------------------------------------------------- 
[Changed Files]
OneSiliconPkg/Fru/NvlPcd/LibraryPrivate/NvlPcdInfoLib/SocInfoLib.c
OneSiliconPkg/IpBlock/LpssI2c/LibraryPrivate/LpssI2cInitLib/LpssI2cInitLib.c
OneSiliconPkg/IpBlock/LpssI3c/LibraryPrivate/LpssI3cInitLib/LpssI3cInitLib.c
OneSiliconPkg/IpBlock/LpssSpi/LibraryPrivate/LpssSpiInitLib/LpssSpiInitLib.c
OneSiliconPkg/IpBlock/LpssUart/LibraryPrivate/LpssUartInitLib/LpssUartInitLib.c

================================================================================ 
Commit: 2091d344c5b600594c3561061ba5a7f9184c3199 
Author: ClientSysFWGit <clientsysfwgit@intel.com> 
Date: Wed Feb 18 15:45:46 2026 -0800 
-------------------------------------------------------------------------------- 
Add firmware-level unit testing support for LPSS I2C.

[Feature Description]
Increase LPSS I2C code quality by adding firmware-level unit
testing support and preparing register macros. The change
introduces standardized register bit masks, field positions,
and numeric shifts, and replaces several packed register unions
with explicit Data32 operations so the code can manipulate register
fields with clear macros. It refactors initialization, clock/divider
configuration, reset handling to use the new macros and explicit
reads/writes, enabling isolated unit tests of MMIO register behavior
and simplifying validation of I2C controller logic.

Package/Module:
OneSiliconPkg

[Impacted Platform]
N/A

Hsd-es-id: 18044116806
Original commit date: Fri Jan 16 09:26:11 2026 +0100
Change-Id: I098614b2a37e77a34c630859948857675554349
Original commit hash: 675b9f22c9583cad8a1d4d1ebc8b26b39a8a0fc0

-------------------------------------------------------------------------------- 
[Changed Files]
OneSiliconPkg/IpBlock/LpssI2c/Include/Register/LpssI2cRegs.h
OneSiliconPkg/IpBlock/LpssI2c/IncludePrivate/Library/LpssI2cPrivateLib.h
OneSiliconPkg/IpBlock/LpssI2c/LibraryPrivate/PeiDxeSmmLpssI2cPrivateLib/LpssI2cPrivateLib.c

================================================================================ 
Commit: c9f376a2c43a59f5f86e51e7eddf06338fe91d05 
Author: ClientSysFWGit <clientsysfwgit@intel.com> 
Date: Wed Feb 18 15:45:40 2026 -0800 
-------------------------------------------------------------------------------- 
Move PCH PCIe Root Port BAR programing to Early Init

[Feature Description]i
PCH PCIe Root Port BAR programming (NvlPchPcieRpProgramBar)
executed at Post-Memory initialization in
NvlPchPcieRootPortsInit function. It is to late to:
- Enable 64-bit BAR and Data "Prefetchable"
- Enable the BAR in RCRB Memory BAR Control register
The BAR programming shall be moved as early as possible,
before any PCIe RP registers access.
The programming has been moved to Pre-Memory phase,
to NvlPchPcieRpEarlyInit()

Package/Module:
PCIe RP

[Impacted Platform]
ALL

Hsd-es-id: 18043784318
Original commit date: Mon Oct 27 13:11:27 2025 +0100
Change-Id: Ief71a974a0393b7654141b887537fa7fc04f2923
Original commit hash: be6f1ab974e5effe104835655d0661a80c7d2726

-------------------------------------------------------------------------------- 
[Changed Files]
OneSiliconPkg/Fru/NvlPch/LibraryPrivate/NvlPchPcieRpPchLib/NvlPchRpInstance.c
OneSiliconPkg/Fru/NvlPch/LibraryPrivate/NvlPchPcieRpPchLib/PcieRpPchLib.c
OneSiliconPkg/Fru/NvlPch/LibraryPrivate/PeiNvlPchInitLib/NvlPchInit.c
OneSiliconPkg/Fru/NvlPch/LibraryPrivate/PeiNvlPchInitLib/NvlPchInit.h
OneSiliconPkg/Fru/NvlPch/LibraryPrivate/PeiNvlPchInitLib/NvlPchInitPreMem.c
OneSiliconPkg/Fru/NvlPch/LibraryPrivate/PeiNvlPchInitLib/NvlPchPeiInitLib.inf
OneSiliconPkg/Fru/NvlPch/LibraryPrivate/PeiNvlPchInitLib/NvlPchRootPorts.c
OneSiliconPkg/Fru/NvlPch/LibraryPrivate/PeiNvlPchInitLib/NvlPchRootPortsInitialization.c
OneSiliconPkg/Include/Library/StdPciLib.h
OneSiliconPkg/Include/PcieRegs.h
OneSiliconPkg/IncludePrivate/Nvl/Pch/Library/NvlPchPcieRpLib.h
OneSiliconPkg/IncludePrivate/Nvl/Pch/Library/PeiNvlPchInitLib.h
OneSiliconPkg/IpBlock/DomainPcie/Ver2/Library/DomainPcieInitLib/DomainPcieInit.c
OneSiliconPkg/IpBlock/DomainPcie/Ver2/Library/DomainPcieInitLib/DomainPcieLib.inf
OneSiliconPkg/IpBlock/DomainPcie/Ver2/PcieHelpersLib/PcieBaseHelpersLib.inf
OneSiliconPkg/IpBlock/DomainPcie/Ver2/PcieHelpersLib/PcieHelpersLib.c
OneSiliconPkg/IpBlock/PcieRp/Include/Library/PciExpressHelpersLib.h
OneSiliconPkg/IpBlock/PcieRp/LibraryPrivate/PciExpressHelpersLibrary/PciExpressHelpersLibrary.c
OneSiliconPkg/Library/StdPciLib/StdPciExpressLib.c
OneSiliconPkg/Product/NovaLake/SiInit/Pei/SiInit.c
OneSiliconPkg/Product/NovaLake/SiInit/Pei/SiInitPreMem.c

================================================================================ 
Commit: ae99072beb17b1c37ef7e3a493e636554020b384 
Author: ClientSysFWGit <clientsysfwgit@intel.com> 
Date: Wed Feb 18 15:45:31 2026 -0800 
-------------------------------------------------------------------------------- 
Add unit testing support for LPSS SPI and prepare register macros.

[Feature Description]
Increase LPSS SPI code quality by adding firmware-level unit testing
support and preparing register macros. The change introduces
standardized register bit masks, field positions, and numeric shifts,
and replaces several packed register unions with explicit Data32
operations so the code can manipulate register fields with clear macros.
It refactors initialization, clock/divider configuration, reset
handling, and CS control paths to use the new macros and explicit
reads/writes, enabling isolated unit tests of MMIO register behavior
and simplifying validation of SPI controller logic.

Package/Module:
OneSiliconPkg

[Impacted Platform]
N/A

Hsd-es-id: 13014228607
Original commit date: Thu Jan 15 14:03:56 2026 +0100
Change-Id: I098614b2a37e77a34c630809933854679559648
Original commit hash: fa95e77f2b04251ef53754be23f4e0096f4ce93f

-------------------------------------------------------------------------------- 
[Changed Files]
OneSiliconPkg/IpBlock/LpssSpi/Include/Register/LpssSpiRegs.h
OneSiliconPkg/IpBlock/LpssSpi/LibraryPrivate/LpssSpiBaseLib/LpssSpiLib.c
OneSiliconPkg/IpBlock/LpssSpi/LibraryPrivate/LpssSpiBaseLib/LpssSpiPrivateLib.c
OneSiliconPkg/IpBlock/LpssSpi/LibraryPrivate/LpssSpiBaseLib/LpssSpiPrivateLib.h

================================================================================ 
Commit: 6e00bf5f864da7d282b6c59c4473a7602a877a3b 
Author: ClientSysFWGit <clientsysfwgit@intel.com> 
Date: Wed Feb 18 15:45:25 2026 -0800 
-------------------------------------------------------------------------------- 
Invalid order of arguments in boot script

[Issue Description]
The order of OR and AND values when calling S3SaveBootScriptPciReadWrite
is incorrect which can lead to incorrect value getting set in the
register.

This particular issue is with setting ASE_BWP in SPI's pci config space.

[Resolution]
Fix ordering of the arguments in the function

Package/Module: OneSiliconPkg/Pch/LibraryPrivate/SmmPchDispatcherLib

[Impacted Platform]
All

Hsd-es-id: 15018582694
Original commit date: Thu Jan 8 12:31:27 2026 +0100
Change-Id: If96a661c1c34c6189f0d7625f8c87d2890831fce
Original commit hash: 9222dd7d0250b322ca9203b8564282277bf93e94

-------------------------------------------------------------------------------- 
[Changed Files]
OneSiliconPkg/Pch/LibraryPrivate/SmmPchDispatcherLib/PchSmmMiscHandler.c
OneSiliconPkg/Pch/LibraryPrivate/SmmPchDispatcherLib/PchSmmTcoHandler.c

================================================================================ 
Commit: 7bdad625955f766f0f58b55836691d452868fad8 
Author: ClientSysFWGit <clientsysfwgit@intel.com> 
Date: Wed Feb 18 15:45:22 2026 -0800 
-------------------------------------------------------------------------------- 
RVP5 SPD Address Table Update

[Feature Description]
RVP5 SPD Address Table Update

Package/Module:

[Impacted Platform]
All

Hsd-es-id: 16029597873
Original commit date: Tue Jan 13 17:18:34 2026 +0530
Change-Id: I60bf11a50ecf5c9678c0ae8fc8e4c5ccaba239d9
Original commit hash: 5a35e5a85849fd830b3b327e87fdeda988841317

-------------------------------------------------------------------------------- 
[Changed Files]
NovaLakeBoardPkg/NovaLakePBoards/BoardVpdPcdsInit/SkuIdNvlUphUlLp5xT3MemSktRvp5.dsc

================================================================================ 
Commit: ed9a0b19f862e7fb09ee992040fbc988d0233295 
Author: ClientSysFWGit <clientsysfwgit@intel.com> 
Date: Wed Feb 18 15:45:16 2026 -0800 
-------------------------------------------------------------------------------- 
Update UCEV and DSMP method for supporting EC MMIO

[Feature Description]
Update the UCEV and DSMP for EC MMIO supporting

Package/Module:
UcsiFeaturePkg

[Impacted Platform]
ALL.

Hsd-es-id: 15018928505
Original commit date: Mon Jan 19 13:21:28 2026 +0800
Change-Id: I7f64ff4e0f9ac7914e7d22556032d9aedb32f668
Original commit hash: 661ee7cf4eae6ea351bbb6559e270168c30526dc

-------------------------------------------------------------------------------- 
[Changed Files]
Features/Ec/EcFeaturePkg/EcMmioAcpiTables/EcSsdt/EcQevent.asl
Features/UcsiFeaturePkg/AcpiTables/UcsiMmio.asl

================================================================================ 
Commit: 33f1fa2892c0c8645dc47ba09427b3d51b3e55bb 
Author: ClientSysFWGit <clientsysfwgit@intel.com> 
Date: Wed Feb 18 15:45:09 2026 -0800 
-------------------------------------------------------------------------------- 
Modify BIOS knob for Resizable BAR Support

[Feature Description]
This change modifies the BIOS knob for Resizable BAR support
to remove Auto option and enable rebar for all dGfx cards by default.

Package/Module:
PCIe

[Impacted Platform]
ALL

Hsd-es-id: 22021914641
Original commit date: Tue Dec 23 12:30:08 2025 +0530
Change-Id: I036ebb1e6235c25e7fe0a40b885ce8f0a43f094c
Original commit hash: 43cdae3d0066fdfd152c0ef3334161a08e180471

-------------------------------------------------------------------------------- 
[Changed Files]
NovaLakeBoardPkg/NovaLakePBoards/HiiPcdsInit/HiiStructurePcd.dsc
NovaLakeBoardPkg/NovaLakeSBoards/HiiPcdsInit/HiiStructurePcd.dsc
NovaLakeFspPkg/Upd/FspmUpd.dsc
NovaLakePlatSamplePkg/Setup/PcieSetup.hfr

================================================================================ 
Commit: b376da3f6935bb438f8c1abf57da4b51299c2211 
Author: ClientSysFWGit <clientsysfwgit@intel.com> 
Date: Wed Feb 18 15:45:06 2026 -0800 
-------------------------------------------------------------------------------- 
Update MRC Release Notes and increment MRC build revision to 0.0.120.6

[Feature Description]
Updating MrcVersion.h and ReleaseNotes.

Package/Module:OneSiliconPkg/MemoryInit

[Impacted Platform]
All

Registers impacted: None

Hsd-es-id: 14023142879
Original commit date: Wed Jan 21 06:42:34 2026 +0000
Original commit hash: d7f7e535c06700efb7c29b400a5d64467989cccc

-------------------------------------------------------------------------------- 
[Changed Files]
OneSiliconPkg/IpBlock/MemoryInit/src/IncludePrivate/Nvl/MrcVersion.h

================================================================================ 
Commit: 4cd6d9082ca01d1a57aa405b00305d3861564671 
Author: ClientSysFWGit <clientsysfwgit@intel.com> 
Date: Wed Feb 18 15:45:00 2026 -0800 
-------------------------------------------------------------------------------- 
PCIe Hot Plug-able ports for RealTek SD Card Reade

[Feature Description]
PCIe Hot Plug-able ports for RealTek SD Card Reade
Determine which Root Ports support the SD card reader based on
VpdPcdPcieRpSdCardDataTable and decide whether to include the methods in PcieSdCard.asl accordingly.
The ADSD method is used to enable hot plug support for the SD card reader and SD host controller.
The _RMV method is used to indicate whether the SD host controller is removable.

Package/Module: BoardPkg, PcieRpPmFeaturePkg

[Impacted Platform]
S

Hsd-es-id: 16029056139
Original commit date: Tue Jan 20 17:33:32 2026 +0800
Change-Id: I9797241c8795de559c02375127520ac6ec70a416
Original commit hash: 8aca0cb070d8683be9063f4df7dd741e518f8b0f

-------------------------------------------------------------------------------- 
[Changed Files]
Features/PowerManagement/PcieRpPmFeaturePkg/AcpiTables/PcieRpPmConfigTableSsdt/CreatePcieRpSpecificControlVariablesFromPmConfigAcpiBuffer.asi
Features/PowerManagement/PcieRpPmFeaturePkg/AcpiTables/PcieRpPmConfigTableSsdt/PcieRpScopePmConfigWrapper.asi
Features/PowerManagement/PcieRpPmFeaturePkg/AcpiTables/PcieRpPmConfigTableSsdt/PcieSdCard.asl
Features/PowerManagement/PcieRpPmFeaturePkg/Driver/Dxe/DtbtPcieRpPmHandler/ProcessesAndAddPcieRpPmConfigData.c
Features/PowerManagement/PcieRpPmFeaturePkg/Driver/Dxe/GenericPcieRpPmHandler/ProcessesAndAddPcieRpPmConfigData.c
Features/PowerManagement/PcieRpPmFeaturePkg/Include/AcpiBufferBlock/PcieRpGenericPmConfigAcpiBufferMacro.h
Features/PowerManagement/PcieRpPmFeaturePkg/Include/AcpiBufferBlock/PcieRpGenericPmConfigAcpiBufferStructure.h
Features/PowerManagement/PcieRpPmFeaturePkg/Include/Protocol/PcieRpPmControlProtocol.h
NovaLakeBoardPkg/BoardPkg.dec
NovaLakeBoardPkg/FeatureSupport/PcieRpPmConfigBoardDxe/PcieRpPmConfigBoardDxe.c
NovaLakeBoardPkg/FeatureSupport/PcieRpPmConfigBoardDxe/PcieRpPmConfigBoardDxe.inf
NovaLakeBoardPkg/Include/PlatformPmBoardConfig.h
NovaLakeBoardPkg/NovaLakeSBoards/BoardVpdPcdsInit/SkuIdNvlSHsioUDimm1DEvcrb.dsc
NovaLakeBoardPkg/NovaLakeSBoards/BoardVpdPcdsInit/SkuIdNvlSSoDimm1DEvcrb.dsc
NovaLakeBoardPkg/NovaLakeSBoards/BoardVpdPcdsInit/SkuIdNvlSUDimm1DCrb.dsc
NovaLakeBoardPkg/NovaLakeSBoards/BoardVpdPcdsInit/SkuIdNvlSUDimm1DEvPnp.dsc
NovaLakeBoardPkg/NovaLakeSBoards/BoardVpdPcdsInit/SkuIdNvlSUDimm1DOcEvcrb.dsc
NovaLakeBoardPkg/NovaLakeSBoards/BoardVpdPcdsInit/SkuIdNvlSUDimm2DEvcrb.dsc

================================================================================ 
Commit: e8246da167d3b18b5f355f5be0035b052439adaf 
Author: ClientSysFWGit <clientsysfwgit@intel.com> 
Date: Wed Feb 18 15:44:54 2026 -0800 
-------------------------------------------------------------------------------- 
[NVL] LP5 SaGv Frequency update

[Feature Description]
Change SaGv for LP5 to:
WP0 -> 3200G4
WP1 -> 5467G4
WP2 -> 6400G4
WP3 -> 7467G4

[Impacted Platform]
HX

Hsd-es-id: 15018939844
Original commit date: Wed Jan 21 12:18:13 2026 +0800
Change-Id: Ibef85ed643e108edfaf126e8ab8e29b194fc1da1
Original commit hash: bf301e7029517234367b8279dc5ff6ab568a4b84

-------------------------------------------------------------------------------- 
[Changed Files]
OneSiliconPkg/IpBlock/MemoryInit/src/ApiLib/Nvl/MrcSagvConfig.c

================================================================================ 
Commit: 027885c036a204cb92ddebe038a0a0c3829c5ad1 
Author: ClientSysFWGit <clientsysfwgit@intel.com> 
Date: Wed Feb 18 15:44:41 2026 -0800 
-------------------------------------------------------------------------------- 
BIOS knobs for MEMSS HASH_MASK and HASH_LSB

[Feature Description]
BIOS knobs for MEMSS HASH_MASK and HASH_LSB

Package/Module: MemSS

[Impacted Platform]
All

Hsd-es-id: 16028324324
Original commit date: Mon Oct 27 10:10:52 2025 +0530
Change-Id: I6f4110388f2b212941710689d95c413ba9d16304
Original commit hash: ba4d95a4293113fa340ed90eecae7d93245f6cc4

-------------------------------------------------------------------------------- 
[Changed Files]
OneSiliconPkg/IpBlock/MemorySubSystem/LibraryPrivate/MemorySubSystemInitLib/MemorySubSystemInitLib.c
OneSiliconPkg/IpBlock/MemorySubSystem/LibraryPrivate/MemorySubSystemInitLib/MemorySubSystemInitLib.inf

================================================================================ 
Commit: c47a063d7f20f0c9be9eabda38fbe5746983a213 
Author: ClientSysFWGit <clientsysfwgit@intel.com> 
Date: Wed Feb 18 15:44:37 2026 -0800 
-------------------------------------------------------------------------------- 
Remove redundant items from OC config blocks/upds/setup

[Feature Description]
Remove redundant items from OC config blocks/upds/setup

Package/Module:
FspPkg

[Impacted Platform]
ALL

Hsd-es-id: 15018934845
Original commit date: Tue Jan 20 14:58:13 2026 +0800
Change-Id: Ia59731efea85fc3fa0731918b7186d514cc97558
Original commit hash: 84a40d9a3857f3871149e569f6156edb2bd22b62

-------------------------------------------------------------------------------- 
[Changed Files]
NovaLakeFspPkg/Upd/FspmUpd.dsc

================================================================================ 
Commit: ddef5b9848783c0c02bee93665c17609c46b4e70 
Author: ClientSysFWGit <clientsysfwgit@intel.com> 
Date: Wed Feb 18 15:44:20 2026 -0800 
-------------------------------------------------------------------------------- 
"Nvl NovaLakeJenkins_Edk2Master_Daily Daily Updating Version/ID: NovaLake_3042_00

Hsd-es-id: N/A"
Original commit date: Wed Jan 21 00:04:04 2026 +0000
Original commit hash: f07993e1bcddbfc75690a5848d623442fd0fcb79

-------------------------------------------------------------------------------- 
[Changed Files]
NovaLakeBoardPkg/BiosId.env
OneSiliconPkg/Product/NovaLake/SiPkgPcdInit.dsc

================================================================================ 
Commit: 2df73000f3d7c1afc4ad36dbc72cf44872af58da 
Author: ClientSysFWGit <clientsysfwgit@intel.com> 
Date: Wed Feb 18 15:43:58 2026 -0800 
-------------------------------------------------------------------------------- 
TPM2.0 UEFI PREBOOT INTERFACE TEST IS FAILING

[Issue Description]
TPM2.0 UEFI PREBOOT interface test is failing
due to a mismatch between the calculated digest
and the digest read from PCR0.

[Resolution]
Added respective component ID to FSPVERSION,
FSPM and FSPS by replacing earlier Component ID
which was 0.

Package/Module: NovaLakeFspPkg

[Impacted Platform]
Default ALL

Hsd-es-id: 16029024526
Original commit date: Mon Jan 19 16:50:58 2026 +0530
Change-Id: I7295983b0233d955320b73c756517269fddd715d
Original commit hash: 52cd9522d8fa80959575cdb0ea8072f85f6c5465

-------------------------------------------------------------------------------- 
[Changed Files]
NovaLakeFspPkg/Library/MeasurementLib/FspMeasurementLib.c

================================================================================ 
Commit: ba327bbac12d1378f8e58b90ec79ba0d3dceb57f 
Author: ClientSysFWGit <clientsysfwgit@intel.com> 
Date: Wed Feb 18 15:43:51 2026 -0800 
-------------------------------------------------------------------------------- 
Invalid TCO base used when PCH attached

[Issue Description]
The condition for deciding which TCO base should be used was invalid
which lead to few cases where instead of using PCD TCO a PCH one was
used instead.

[Resolution]
Change conditions mentioned above to use PCH TCO only when system is
using PCD-S

Package/Module:
BoardPkg/BoardSupport/Library/PeiBootModeLib
BoardPkg/FeatureSupport/Hsti/HstiIhvDxe
BoardPkg/Features/FastBoot/FastBootSetupDxe

[Impacted Platform]
All

Hsd-es-id: 15018835255
Original commit date: Thu Jan 8 13:02:18 2026 +0100
Change-Id: Iafa78d97527901cab83fd78442999d9e704f0036
Original commit hash: 363e7ed6c2ef7b70f696d86bea4de30a9b958a4f

-------------------------------------------------------------------------------- 
[Changed Files]
NovaLakeBoardPkg/BoardSupport/Library/PeiBootModeLib/PeiBootModeLib.c
NovaLakeBoardPkg/FeatureSupport/Hsti/HstiIhvDxe/PcdAndPchSecurityConfiguration.c
NovaLakeBoardPkg/Features/FastBoot/FastBootSetupDxe/FastBootSetupDxe.c

================================================================================ 
Commit: 0794108edd6a0e829d729ed540ebcbe89312b3e9 
Author: ClientSysFWGit <clientsysfwgit@intel.com> 
Date: Wed Feb 18 15:43:48 2026 -0800 
-------------------------------------------------------------------------------- 
Additional strings for PCD and PCH die

[Issue Description]
Invalid string displayed in setup menu for representation of die
iteration.

[Resolution]
Adding more string definitions for dies in InfoLib

Package/Module: OneSiliconPkg/Fru/Library/*InfoLib

[Impacted Platform]
All

Hsd-es-id: 16029468940
Original commit date: Thu Jan 8 12:38:11 2026 +0100
Change-Id: I21482ff84b7a59d02125dde0f60e02a9c8db6900
Original commit hash: d748dc0cc5d3d573e84fb4a99bf7da642215979b

-------------------------------------------------------------------------------- 
[Changed Files]
OneSiliconPkg/Fru/NvlPcd/Library/NvlPcdInfoLib/NvlPcdInfoLib.c
OneSiliconPkg/Fru/NvlPch/Library/NvlPchInfoLib/NvlPchInfoLib.c

================================================================================ 
Commit: 042a0742ae104d3d466dd10d1aca8ec5dc928f14 
Author: ClientSysFWGit <clientsysfwgit@intel.com> 
Date: Wed Feb 18 15:43:38 2026 -0800 
-------------------------------------------------------------------------------- 
Remove redundant VPD PCD

[Feature Description]
Remove redundant VPD PCD

Package/Module: BoardPkg

[Impacted Platform]
S

Hsd-es-id: 15018908780
Original commit date: Wed Jan 14 13:49:04 2026 +0800
Change-Id: Iebe511b86ee0f119510af46ab14802321dc7cdf9
Original commit hash: 3bd7b372f4f2ab13d0fa73f236b850285ffb6d94

-------------------------------------------------------------------------------- 
[Changed Files]
NovaLakeBoardPkg/NovaLakeSBoards/BoardVpdPcdsInit/SkuIdNvlSUDimm1DCrb.dsc
NovaLakeBoardPkg/NovaLakeSBoards/BoardVpdPcdsInit/SkuIdNvlSUDimm1DEvPnp.dsc
NovaLakeBoardPkg/NovaLakeSBoards/BoardVpdPcdsInit/SkuIdNvlSUDimm2DEvcrb.dsc

================================================================================ 
Commit: 4279a54b46f8b020413583db239a39159a81df1b 
Author: ClientSysFWGit <clientsysfwgit@intel.com> 
Date: Wed Feb 18 15:43:35 2026 -0800 
-------------------------------------------------------------------------------- 
eSPI GET_CONFIG polling

[Feature Description]
BIOS poll eSPI GET_CONFIG command until
Peripheral Channel Ready (BIT1) is set
when issuing GET_CONFIG with address 0x10
(Channel 0 Capabilities and Configurations).

Package/Module:
OneSiliconPkg

[Impacted Platform]
Client

Hsd-es-id: 22021960891
Original commit date: Fri Dec 19 23:37:29 2025 +0000
Change-Id: I950c660f77cdc1feff126a518032bac3f88d747b
Original commit hash: a8ff5214ba2337d96d882d126fffdf5dd6ff1f1e

-------------------------------------------------------------------------------- 
[Changed Files]
OneSiliconPkg/IpBlock/Espi/LibraryPrivate/EspiPrivateLib/EspiPrivateLib.c

================================================================================ 
Commit: 028dc589b8e3164c314edca4d2adc306e8a0dc5d 
Author: ClientSysFWGit <clientsysfwgit@intel.com> 
Date: Wed Feb 18 15:43:31 2026 -0800 
-------------------------------------------------------------------------------- 
AOB interface correction.

[Feature Description]
Interface for AOB detection correction.

Package/Module:
OneSiliconPkg

[Impacted Platform]
S, H.

Hsd-es-id: 18044155728
Original commit date: Tue Jan 20 10:31:05 2026 +0100
Change-Id: Ifdbfed3e5d20e42923548d86158e2e5ea3cfb426
Original commit hash: 91875cce17c4032f1fd25135a54555bac68e73d2

-------------------------------------------------------------------------------- 
[Changed Files]
OneSiliconPkg/Product/NovaLake/Library/NvlPciAobLib/NvlPciAobLib.c

================================================================================ 
Commit: 005aee63ad600bbb7eaa59a95f3300a573f116f9 
Author: ClientSysFWGit <clientsysfwgit@intel.com> 
Date: Wed Feb 18 15:43:27 2026 -0800 
-------------------------------------------------------------------------------- 
Remove the BIOS code on bus number restore issue.

[Feature Description]
Dating back to previous projects, feature to enable
PCH Bus number restore for projects that had
this issue, can now be removed since it was mitigated
in the hardware.

Package/Module:
OneSiliconPkg

[Impacted Platform]
S, H.

Hsd-es-id: 18044089579
Original commit date: Wed Dec 10 13:21:21 2025 +0100
Change-Id: Ie7eec5c064cc288c87b8c5f0d63fcc900df397aa
Original commit hash: bce04b366c05c5e1a8e887b1987fd7f6b494c7c3

-------------------------------------------------------------------------------- 
[Changed Files]
OneSiliconPkg/Fru/NvlPcd/SocInit/Smm/PchPcieSmm.c
OneSiliconPkg/Fru/NvlPch/Smm/PchPcieSmm.c

================================================================================ 
Commit: a70f7461cbcc214a20f3918439a55cdb50b09a16 
Author: ClientSysFWGit <clientsysfwgit@intel.com> 
Date: Wed Feb 18 15:43:09 2026 -0800 
-------------------------------------------------------------------------------- 
Remove redundant items from TSN config blocks/upds/setup

[Feature Description]
Remove redundant items from TSN config blocks/upds/setup

Package/Module:
FspPkg

[Impacted Platform]
ALL

Hsd-es-id: 15018910465
Original commit date: Wed Jan 14 16:37:35 2026 +0800
Change-Id: I53d08b1cce89aebcfffdfa1818b2bc2957dce7d1
Original commit hash: 7e3f21d9d1f776bdfa61185c8a6aff340718a8c3

-------------------------------------------------------------------------------- 
[Changed Files]
NovaLakeFspPkg/Upd/FspsUpd.dsc

================================================================================ 
Commit: 03d9f3fd28c73586e5550748017b0eb05c8adc71 
Author: ClientSysFWGit <clientsysfwgit@intel.com> 
Date: Wed Feb 18 15:43:04 2026 -0800 
-------------------------------------------------------------------------------- 
Remove redundant items from USB config blocks/upds/setup

[Feature Description]
Remove redundant items from USB config blocks/upds/setup

Package/Module:
BoardPkg
FspPkg
SamplePkg

[Impacted Platform]
ALL

Hsd-es-id: 15018909217
Original commit date: Wed Jan 14 15:01:33 2026 +0800
Change-Id: Icae8d1b03182337c4238cd22e1279530baeef650
Original commit hash: 6240aec3443ecb60fdbd819d0109237a0c9829b8

-------------------------------------------------------------------------------- 
[Changed Files]
NovaLakeFspPkg/Upd/FspsUpd.dsc
NovaLakePlatSamplePkg/Include/SetupVariable.h

================================================================================ 
Commit: f0d07436e3dc6bfc885ffdc67ddb550c119bcef8 
Author: ClientSysFWGit <clientsysfwgit@intel.com> 
Date: Wed Feb 18 15:42:59 2026 -0800 
-------------------------------------------------------------------------------- 
FSPSUPD space needed for PCH.IOE

[Issue Description]
LPSS exists in both PCD-H and PCH.IOE, we need additional UPD space specifically for PCH.IOE. Currently, in the FSPAPI build, PCH.IOE uses the UPDs from PCD, which causes an assert whenever there is GPIO PINMUX in PCD

[Resolution]
Added the additional UPD for PCH.IOE

Package/Module:
FspPkg/
OneSiliconPkg/
PlatSamplePkg/

[Impacted Platform]
ALL

Hsd-es-id: 16029106820
Original commit date: Mon Nov 17 10:46:54 2025 +0530
Change-Id: Ia3e0895befde6ec144d42c5657ccc0a5407acd8f
Original commit hash: 649d4df55a9c2bf233cd799966158ec847a395e3

-------------------------------------------------------------------------------- 
[Changed Files]
NovaLakeFspPkg/Library/PeiPolicyUpdateLib/PeiPchPolicyUpdate.c
NovaLakeFspPkg/Upd/FspsUpd.dsc
NovaLakePlatSamplePkg/Include/SetupVariable.h
NovaLakePlatSamplePkg/Library/PeiPolicyUpdateLib/PeiPchPolicyUpdate.c

================================================================================ 
Commit: 126a79ce56e18c4cff1571e3a903a05f663e4635 
Author: ClientSysFWGit <clientsysfwgit@intel.com> 
Date: Wed Feb 18 15:42:46 2026 -0800 
-------------------------------------------------------------------------------- 
MRC details porting for EPS

[Feature Description]
Porting MRC details for EPS platform

Package/Module:
BoardPkg

[Impacted Platform]
ALL

Hsd-es-id: 16029502676
Original commit date: Tue Dec 23 11:02:19 2025 +0530
Change-Id: Ib17115a4c66bf4a6219b0fef787ab957efc4903e
Original commit hash: 0dae1dd94e2167e4b9dcb498eca01b09ca7718aa

-------------------------------------------------------------------------------- 
[Changed Files]
NovaLakeBoardPkg/NovaLakePBoards/BoardVpdPcdsInit/SkuIdNvlHxUPHLp5xT4MemSktRvp4.dsc

================================================================================ 
Commit: 8e7227a1d528de983d6dd38570ff02db4893c71e 
Author: ClientSysFWGit <clientsysfwgit@intel.com> 
Date: Wed Feb 18 15:42:40 2026 -0800 
-------------------------------------------------------------------------------- 
Fab ID change for RVP2 and RVP3

[Feature Description]
Fab ID change to 1 for RVP2 and RVP3

Package/Module: BoardPkg

[Impacted Platform]
All

Hsd-es-id: 16029590399
Original commit date: Mon Jan 5 14:16:01 2026 +0530
Change-Id: Ifa2e7d1d1329be3a098150d28e8dfb6eb69f04ce
Original commit hash: a197c266e844d58bcd0a3d5cd425291d2de3fce4

-------------------------------------------------------------------------------- 
[Changed Files]
NovaLakeBoardPkg/BoardPkg.dsc
NovaLakeBoardPkg/Include/PlatformBoardId.h
NovaLakeBoardPkg/NovaLakePBoards/BoardVpdPcdsInit/SkuIdNvlHxDdr5SODimm2DpcT3dTBTRvp2.dsc

================================================================================ 
Commit: 17b2ea057a4f8c7fc30e78b425695330b24c84f9 
Author: ClientSysFWGit <clientsysfwgit@intel.com> 
Date: Wed Feb 18 15:42:27 2026 -0800 
-------------------------------------------------------------------------------- 
Updating NovaRidge UsbOcPin and UsbOcPinType

[Feature Description]
Updating NovaRidge UsbOcPin and UsbOcPinType

Package/Module: BoardPkg

[Impacted Platform]
ALL

Hsd-es-id: 15018919106
Original commit date: Thu Jan 15 21:48:30 2026 +0800
Change-Id: Iea972a4c8a767a95ee08aaa29a298c9f2d2d275f
Original commit hash: 6f3a22b5c0a4bc0d1cf45ba9c13b6461a3198aef

-------------------------------------------------------------------------------- 
[Changed Files]
NovaLakeBoardPkg/NovaLakePBoards/BoardVpdPcdsInit/SkuIdNvlPEmbCrb.dsc

================================================================================ 
Commit: 4faa7d931ffd7f9d6111e9e91bfda32d1412b0d7 
Author: ClientSysFWGit <clientsysfwgit@intel.com> 
Date: Wed Feb 18 15:42:24 2026 -0800 
-------------------------------------------------------------------------------- 
"Nvl NovaLakeJenkins_Edk2Master_Daily Daily Updating Version/ID: NovaLake_3041_00

Hsd-es-id: N/A"
Original commit date: Tue Jan 20 00:04:31 2026 +0000
Original commit hash: a7e25d789305f14fca8403694b8ff172ab6ed7f3

-------------------------------------------------------------------------------- 
[Changed Files]
NovaLakeBoardPkg/BiosId.env
OneSiliconPkg/Product/NovaLake/SiPkgPcdInit.dsc

================================================================================ 
Commit: a601c9f01e08d725cba547d74e4df7afa88ab7e4 
Author: ClientSysFWGit <clientsysfwgit@intel.com> 
Date: Wed Feb 18 15:42:19 2026 -0800 
-------------------------------------------------------------------------------- 
Optimize VGA progress bar to avoid redundant memory writes

[Feature Description]
The UpdateProgressBar function in BaseIGpuInfoLib was rewriting the
entire progress bar from 0% to the current percentage on every update,
causing redundant VGA memory writes. For example, updating from 10% to
50% would redraw columns 0-50 instead of only drawing the new 10-50%
portion.

This optimization introduces incremental progress bar updates by storing
the previous progress percentage in IGpuDataHob->PreviousProgressBar and
only filling the delta between the previous and current positions. This
significantly reduces VGA memory writes and improves performance during
memory initialization progress display.

The optimization applies to both VGA Text Mode 3 (80x25) and Graphics
Mode 12 (640x480) with special handling for clearing (percentage = 0)
which always fills the entire bar.

Changes include:
- Added PreviousProgressBar field to IGPU_DATA_HOB structure
- Modified UpdateProgressBar to track and use previous progress position
- Implemented incremental fill logic for both Mode 3 and Mode 12

Package/Module: DomainIGpu

[Impacted Platform]
ALL

Hsd-es-id: 16029590799
Original commit date: Mon Jan 12 15:44:54 2026 +0530
Change-Id: If6b25f370246f3897a1958202ec80d6ecbc233ab
Original commit hash: 2345f62c04a6c9570793e23e75c38e93fc3418f4

-------------------------------------------------------------------------------- 
[Changed Files]
OneSiliconPkg/IpBlock/DomainIGpu/Include/IGpuDataHob.h
OneSiliconPkg/IpBlock/DomainIGpu/Library/BaseIGpuInfoLib/BaseIGpuInfoLib.c
OneSiliconPkg/IpBlock/DomainIGpu/LibraryPrivate/IGpuInit/PeiDisplayInitLib/PeiDisplayInitLib.c

================================================================================ 
Commit: fdc24905f06d1bf440294b2970221248ebcc6ae1 
Author: ClientSysFWGit <clientsysfwgit@intel.com> 
Date: Wed Feb 18 15:42:13 2026 -0800 
-------------------------------------------------------------------------------- 
DisCo tables sync to the latest versions

[Feature Description]
DisCo tables sync to the latest versions for:
1. Alc722 singlelane.
2. Alc712 + Alc1320.
3. Alc713 + 2xAlc1320.
4. Alc722 multilane.

Package/Module:
Features/Audio/SndwDevTopologyFeaturePkg

[Impacted Platform]
All

Hsd-es-id: 18044025466
Original commit date: Wed Dec 10 11:47:46 2025 +0000
Change-Id: I367c91b1ad56ca1a977219b6c59966d11af431b6
Original commit hash: 2bff5a933bc01c6be1a36fea4569501641dd3293

-------------------------------------------------------------------------------- 
[Changed Files]
Features/Audio/SndwDevTopologyFeaturePkg/AcpiTables/SndwDevTopologySt01Ssdt/AudioComposition_722.asl
Features/Audio/SndwDevTopologyFeaturePkg/AcpiTables/SndwDevTopologySt01Ssdt/AudioFunction_722_AMP.asl
Features/Audio/SndwDevTopologyFeaturePkg/AcpiTables/SndwDevTopologySt01Ssdt/AudioFunction_722_HID.asl
Features/Audio/SndwDevTopologyFeaturePkg/AcpiTables/SndwDevTopologySt01Ssdt/AudioFunction_722_MIC.asl
Features/Audio/SndwDevTopologyFeaturePkg/AcpiTables/SndwDevTopologySt01Ssdt/AudioFunction_722_UAJ.asl
Features/Audio/SndwDevTopologyFeaturePkg/AcpiTables/SndwDevTopologySt01Ssdt/SndwDevTopologySt01Ssdt.asl
Features/Audio/SndwDevTopologyFeaturePkg/AcpiTables/SndwDevTopologySt02Ssdt/AudioComposition_PC00.asl
Features/Audio/SndwDevTopologyFeaturePkg/AcpiTables/SndwDevTopologySt02Ssdt/AudioFunction_1320VBC_SPK_ADR01.asl
Features/Audio/SndwDevTopologyFeaturePkg/AcpiTables/SndwDevTopologySt02Ssdt/AudioFunction_1320VBC_SPK_ADR01_PCM_feedback_mute.asl
Features/Audio/SndwDevTopologyFeaturePkg/AcpiTables/SndwDevTopologySt02Ssdt/AudioFunction_712VB_AMP.asl
Features/Audio/SndwDevTopologyFeaturePkg/AcpiTables/SndwDevTopologySt02Ssdt/AudioFunction_712VB_MIC_4CH_VAD.asl
Features/Audio/SndwDevTopologyFeaturePkg/AcpiTables/SndwDevTopologySt02Ssdt/AudioFunction_712VB_UAJ.asl
Features/Audio/SndwDevTopologyFeaturePkg/AcpiTables/SndwDevTopologySt02Ssdt/Peripheral_1320.asl
Features/Audio/SndwDevTopologyFeaturePkg/AcpiTables/SndwDevTopologySt02Ssdt/Peripheral_712VB.asl
Features/Audio/SndwDevTopologyFeaturePkg/AcpiTables/SndwDevTopologySt03Ssdt/AudioFunction_1320VBC_SPK1_ADR01.asl
Features/Audio/SndwDevTopologyFeaturePkg/AcpiTables/SndwDevTopologySt03Ssdt/AudioFunction_1320VBC_SPK1_ADR01_PCM_feedback_mute.asl
Features/Audio/SndwDevTopologyFeaturePkg/AcpiTables/SndwDevTopologySt03Ssdt/AudioFunction_1320VBC_SPK2_ADR01.asl
Features/Audio/SndwDevTopologyFeaturePkg/AcpiTables/SndwDevTopologySt03Ssdt/AudioFunction_1320VBC_SPK2_ADR01_PCM_feedback_mute.asl
Features/Audio/SndwDevTopologyFeaturePkg/AcpiTables/SndwDevTopologySt03Ssdt/AudioFunction_713VB_MIC_2CH_VAD.asl
Features/Audio/SndwDevTopologyFeaturePkg/AcpiTables/SndwDevTopologySt03Ssdt/AudioFunction_713VB_UAJ.asl
Features/Audio/SndwDevTopologyFeaturePkg/AcpiTables/SndwDevTopologySt03Ssdt/Peripheral_1320_SPK1.asl
Features/Audio/SndwDevTopologyFeaturePkg/AcpiTables/SndwDevTopologySt03Ssdt/Peripheral_1320_SPK2.asl
Features/Audio/SndwDevTopologyFeaturePkg/AcpiTables/SndwDevTopologySt04Ssdt/AudioComposition_722.asl
Features/Audio/SndwDevTopologyFeaturePkg/AcpiTables/SndwDevTopologySt04Ssdt/AudioFunction_722_AMP.asl
Features/Audio/SndwDevTopologyFeaturePkg/AcpiTables/SndwDevTopologySt04Ssdt/AudioFunction_722_HID.asl
Features/Audio/SndwDevTopologyFeaturePkg/AcpiTables/SndwDevTopologySt04Ssdt/AudioFunction_722_MIC.asl
Features/Audio/SndwDevTopologyFeaturePkg/AcpiTables/SndwDevTopologySt04Ssdt/AudioFunction_722_UAJ.asl
Features/Audio/SndwDevTopologyFeaturePkg/AcpiTables/SndwDevTopologySt04Ssdt/SndwDevTopologySt04Ssdt.asl
NovaLakePlatSamplePkg/Setup/PchSetup.uni

================================================================================ 
Commit: 8b487884c7e75ae33875493d7f09ea7af034b37c 
Author: ClientSysFWGit <clientsysfwgit@intel.com> 
Date: Wed Feb 18 15:42:09 2026 -0800 
-------------------------------------------------------------------------------- 
Replace source of FvReportPei PEIM from BoardPkg to Edk2

[Issue Description]
In the release BIOS build,
the system hits a CpuDeadLoop with error code DC33 when the
FvReport PEIM (included from BoardPkg via FvReportPei.inf)
runs its entry point FvReportEntryPoint() and
calls CheckStoredHashFv().

[Resolution]
PcdSpiDmaEnable keep TRUE, we include EDK2's FvReportPei PEIM.

Package/Module:
BoardPkg

[Impacted Platform]
ALL

Hsd-es-id: 22021718778
Original commit date: Wed Jan 14 16:59:11 2026 +0800
Change-Id: I0110ab823aa470e4f0c8d56dcd3a2b7c35a60f7f
Original commit hash: 83ec6d1f872f9c8ac28c9ed6981098d5f942870a

-------------------------------------------------------------------------------- 
[Changed Files]
NovaLakeBoardPkg/BoardPkg.dsc
NovaLakeBoardPkg/BoardSupport/Include/Fdf/MultiIbb/BspPreMemoryMultiIbbnp1Include.fdf

================================================================================ 
Commit: 5367ca6718316a787f40ff22e8de547d18a62567 
Author: ClientSysFWGit <clientsysfwgit@intel.com> 
Date: Wed Feb 18 15:42:03 2026 -0800 
-------------------------------------------------------------------------------- 
Add hot-unplug support to PCIe SMI callback

[Issue Description]
During hot unplug our HW expects SW to disable PTM. It is not
compliant with PCIe spec, so OS drivers will not do it, so it
must be implemented in SMI callback

[Resolution]
PCIe hotplug SMI callback will disable PTM when no endpoint is found.

Package/Module:OneSiliconPkg

[Impacted Platform]
ALL

Hsd-es-id: 14026584980
Original commit date: Mon Dec 15 15:38:43 2025 +0100
Change-Id: I305b52514ceca36c54cd71c69fc42e35742d8519
Original commit hash: a002c2aa29954bc3a619695bf79a8bcbf46a9710

-------------------------------------------------------------------------------- 
[Changed Files]
OneSiliconPkg/Fru/NvlPcd/SocInit/Smm/PchPcieSmm.c
OneSiliconPkg/Fru/NvlPch/Smm/PchPcieSmm.c
OneSiliconPkg/Pch/Include/Library/PchSmmPcieHandler.h

================================================================================ 
Commit: 37eb92ca209e9e0e4e1a89a1b9ffde9daa43cade 
Author: ClientSysFWGit <clientsysfwgit@intel.com> 
Date: Wed Feb 18 15:41:55 2026 -0800 
-------------------------------------------------------------------------------- 
Program termination for SoundWire GPIO pads

[Feature Description]
Program the Term register for all SoundWire pad modes to 0xF to allow
the native controller control over the termination.

Package/Module:
OneSiliconPkg/Fru

[Impacted Platform]
NewPlatform

Hsd-es-id: 18044110127
Original commit date: Thu Jan 15 13:21:55 2026 +0000
Change-Id: I3ad7305f0d51b1bffb07f7c9ecad13d27bce709b
Original commit hash: 30889438aacb34314347da8095709c9cda35ee09

-------------------------------------------------------------------------------- 
[Changed Files]
OneSiliconPkg/Fru/NvlPcd/Library/NvlPcdGpioNativeLib/NvlPcdGpioNativeLib.c
OneSiliconPkg/Fru/NvlPcd/LibraryPrivate/NvlPcdHdaLib/NvlPcdAceLib.c
OneSiliconPkg/Fru/NvlPch/Library/NvlPchGpioNativeLib/NvlPchGpioNativeLib.c
OneSiliconPkg/Fru/NvlPch/LibraryPrivate/PeiNvlPchInitLib/NvlPchAceInit.c
OneSiliconPkg/IncludePrivate/Nvl/Pcd/Library/NvlPcdGpioNativeLib.h
OneSiliconPkg/IncludePrivate/Nvl/Pch/Library/NvlPchGpioNativeLib.h

================================================================================ 
Commit: 34c12d123049e719e34c58e23197506eeb5c9516 
Author: ClientSysFWGit <clientsysfwgit@intel.com> 
Date: Wed Feb 18 15:41:51 2026 -0800 
-------------------------------------------------------------------------------- 
Update UPTP for Gen4 with recommended settings.

[Issue Description]
Current Upstream Port Transmitter Preset does not
match BWG recommendation.

[Resolution]
This code is applying correct DPTP for Gen4 ports.

Package/Module:

[Impacted Platform]
S, H.

Hsd-es-id: 14026578290
Original commit date: Wed Dec 10 13:34:37 2025 +0100
Change-Id: I2dde7c755b9498eabffd7275d9144479a7b44d8c
Original commit hash: 546f7171f9b78cef7bec49bd343a7310fed69e7c

-------------------------------------------------------------------------------- 
[Changed Files]
OneSiliconPkg/Fru/NvlPch/LibraryPrivate/NvlPchPcieRpPchLib/NvlPchRpInstance.c

================================================================================ 
Commit: c6544e79618dedad52f6712b624738ac28f8a149 
Author: ClientSysFWGit <clientsysfwgit@intel.com> 
Date: Wed Feb 18 15:41:48 2026 -0800 
-------------------------------------------------------------------------------- 
Observing POE instead of legacy PECI

[Issue Description]
Even though the user changes the setup option from POE to legacy PECI,
the platform continues to observe POE.

[Resolution]
Modified the code to correctly set the PECI mode based on the
user's setup option.

Package/Module:
BoardPkg

[Impacted Platform]
ALL

Hsd-es-id: 16029558312
Original commit date: Wed Jan 14 15:13:44 2026 +0530
Change-Id: Ib14f59222dab8173a3db62d1f54558d4a8cb74dc
Original commit hash: 2b250096510410c85d5306eae168f6d9fd5861d6

-------------------------------------------------------------------------------- 
[Changed Files]
NovaLakeBoardPkg/BoardSupport/NovaLakePBoards/Library/BoardInitLib/Pei/PeiDetect.c
NovaLakeBoardPkg/BoardSupport/NovaLakeSBoards/Library/BoardInitLib/Pei/PeiDetect.c

================================================================================ 
Commit: e6216f9d2f6b4cdf3ff3d4003ca1fd4edc4d1ec1 
Author: ClientSysFWGit <clientsysfwgit@intel.com> 
Date: Wed Feb 18 15:41:44 2026 -0800 
-------------------------------------------------------------------------------- 
Change PCH gpio GPD_2 pad to ResetDefault S51 board.

[Issue Description]
Reset type of GPIOV2_NVL_PCH_S_GPD_2 is GpioV2ResetHostDeep.
on S51 board.

[Resolution]
Change PCH GPD_2 pad to GpioV2ResetDefault on S51 board.

Package/Module:
BoardPkg

[Impacted Platform]
ALL

Hsd-es-id: 15018928467
Original commit date: Mon Jan 19 14:17:43 2026 +0800
Change-Id: Ic4b03cf01af3f3a7fb5a59ff74a81f5406699531
Original commit hash: 64b78043e203eed7af3a612e08104d835e7f41bf

-------------------------------------------------------------------------------- 
[Changed Files]
NovaLakeBoardPkg/NovaLakeSBoards/BoardVpdPcdsInit/SkuIdNvlSUDimm1DOcEvcrb.dsc

================================================================================ 
Commit: bd25eaa9ac971fd80122d85f40cf40c18152febd 
Author: ClientSysFWGit <clientsysfwgit@intel.com> 
Date: Wed Feb 18 15:41:26 2026 -0800 
-------------------------------------------------------------------------------- 
Include SerialIoTestDevices and update SPI pin mux policy for PCH.IOE

[Feature Description]
This commit includes SerialIoTestDevices and update SPI pin mux policy if PCH.IOE is attached.

Package/Module:
BoardPkg
PlatSamplePkg

[Impacted Platform]
RVP33

Hsd-es-id: 15018922173
Original commit date: Fri Jan 16 16:31:21 2026 +0800
Change-Id: I46ece7d35021bfc3fdf018cfefaa755461227069
Original commit hash: 59a2d425dee8706d50929b6ca93d045becd9aff2

-------------------------------------------------------------------------------- 
[Changed Files]
NovaLakePlatSamplePkg/Library/PeiPolicyUpdateLib/PeiPchPolicyUpdate.c

================================================================================ 
Commit: 99972fde94fba6518a61bce4e08eb5f871d9f6f5 
Author: ClientSysFWGit <clientsysfwgit@intel.com> 
Date: Wed Feb 18 15:41:22 2026 -0800 
-------------------------------------------------------------------------------- 
NVU IP, FRU and unit test

[Feature Description]
FRU layer
Ip layer for NVU initialization
RegSim test for NVU

Package/Module: OneSiliconPkg

[Impacted Platform]
new

Hsd-es-id: 18043976371, 18043715611
Original commit date: Tue Dec 16 16:01:42 2025 +0100
Change-Id: I2a160bb819167a61db2f0178253f10140acb1453
Original commit hash: 6fc445a551de812c00d671776f3a07801701c434

-------------------------------------------------------------------------------- 
[Changed Files]
OneSiliconPkg/IncludePrivate/Library/PmcSocLib.h

================================================================================ 
Commit: 635d28feacad7db57e2d08c2b9360ac11388d3e2 
Author: ClientSysFWGit <clientsysfwgit@intel.com> 
Date: Wed Feb 18 15:41:09 2026 -0800 
-------------------------------------------------------------------------------- 
GFx not entering Rtd3

[Issue Description]
5070 not entering RTD3

[Resolution]
PEG_SLOT_DGPU_PWR_EN_N pin should be low active always.

Package/Module: BoardPkg

[Impacted Platform]
S

Hsd-es-id: 14026761943
Original commit date: Mon Jan 12 11:18:16 2026 +0530
Change-Id: Ia1d964577d65d769c83eea29b9277b831335baf7
Original commit hash: 4ea53d19a1a60c5a45e30367bae243574b7d3097

-------------------------------------------------------------------------------- 
[Changed Files]
NovaLakeBoardPkg/NovaLakeSBoards/BoardVpdPcdsInit/SkuIdNvlSUDimm2DEvcrb.dsc

================================================================================ 
Commit: d7a905f35ae16cc33dfc7f1af93258185c7ff896 
Author: ClientSysFWGit <clientsysfwgit@intel.com> 
Date: Wed Feb 18 15:41:05 2026 -0800 
-------------------------------------------------------------------------------- 
Migrate BspPremem FV and the pointer between flash to memory address

[Feature Description]
 Build Migrate Hob for PcdFlashFvPreMemoryBase
 Migrate the below two pointer between flash address
 to memory address

 1. TemporaryRamDonePpi->TemporaryRamDone
 2. TPM2 Device Interface function pointers
    Tpm2DeviceInterface->Tpm2SubmitCommand
    Tpm2DeviceInterface->Tpm2RequestUseTpm

  Integrated SecMigrationPei for in BspPremem FV

Package/Module:
 NovaLakeBoardPkg/BoardSupport/NovaLakePBoards
 NovaLakeBoardPkg/BoardSupport/NovaLakeSBoards

[Impacted Platform]
 ALL

Hsd-es-id: 16029537605
Original commit date: Mon Jan 5 15:33:21 2026 +0530
Change-Id: I171ae2f72bed489e35dd7f6fe252f049ae916862
Original commit hash: 072b42c2dc7e582cb1926cdcaa8db898128450c8

-------------------------------------------------------------------------------- 
[Changed Files]
NovaLakeBoardPkg/BoardPkg.dsc
NovaLakeBoardPkg/BoardSupport/Include/Fdf/BspPreMemoryInclude.fdf
NovaLakeBoardPkg/BoardSupport/NovaLakePBoards/Library/BoardInitLib/Pei/PeiInitPreMemLib.c
NovaLakeBoardPkg/BoardSupport/NovaLakePBoards/Library/BoardInitLib/Pei/PeiMultiBoardInitPreMemLib.c
NovaLakeBoardPkg/BoardSupport/NovaLakePBoards/Library/BoardInitLib/Pei/PeiMultiBoardInitPreMemLib.inf
NovaLakeBoardPkg/BoardSupport/NovaLakeSBoards/Library/BoardInitLib/Pei/PeiInitPreMemLib.c
NovaLakeBoardPkg/BoardSupport/NovaLakeSBoards/Library/BoardInitLib/Pei/PeiMultiBoardInitPreMemLib.c
NovaLakeBoardPkg/BoardSupport/NovaLakeSBoards/Library/BoardInitLib/Pei/PeiMultiBoardInitPreMemLib.inf

================================================================================ 
Commit: 4cbec48e3d7675e50772b39092d175ae4380f4dc 
Author: ClientSysFWGit <clientsysfwgit@intel.com> 
Date: Wed Feb 18 15:41:02 2026 -0800 
-------------------------------------------------------------------------------- 
Fix for Secure Device on RVP with PCH

[Issue Description]
USB typeA or eUSB VTIO - PCD USB Host Controller for USB Port 5 is not showing Secure Device on RVP with PCH

[Resolution]
Loads the platform specific XHCI controller SBDF data in to PCDs.

Package/Module:BoardPkg

[Impacted Platform]
Hx

Hsd-es-id: 22021981447
Original commit date: Fri Jan 16 13:31:29 2026 +0530
Change-Id: Ice254563d9486b4198341f31eaa4b0430bf5280e
Original commit hash: 32e3b94d91b115393231435214325b4d531ef765

-------------------------------------------------------------------------------- 
[Changed Files]
NovaLakeBoardPkg/FeatureSupport/VTIO/VtioPlatformDataDxe/VtioPlatformData.c

================================================================================ 
Commit: efc18d155560fd62a3143ca2dc03475f206e2d83 
Author: ClientSysFWGit <clientsysfwgit@intel.com> 
Date: Wed Feb 18 15:40:13 2026 -0800 
-------------------------------------------------------------------------------- 
"IpSip17Pcie IpSip17Pcie_main_Daily Daily Updating Version/ID: SIP17PCIE.26040100

Hsd-es-id: N/A"
Original commit date: Mon Jan 19 02:05:41 2026 +0000
Original commit hash: b8afc3618d803a25949155cce15d5793a71ca9fc

-------------------------------------------------------------------------------- 
[Changed Files]
OneSiliconPkg/IpBlock/IpPcieSip17/IpPcieLib/IpPcieVersion.h

================================================================================ 
Commit: 2fe77e84ab467da3828d923c5dd5d592b7360ada 
Author: ClientSysFWGit <clientsysfwgit@intel.com> 
Date: Wed Feb 18 15:40:09 2026 -0800 
-------------------------------------------------------------------------------- 
SyncScript: Revert override commits from PB

This reverts commit 292f78ba27dfecf2544463a6090e107e07683c23.

Original commit date: Tue Jan 27 12:48:48 2026 +0530
Change-Id: I509f3f4f5c16982121c6927378cee11bd4d0b8f5
Original commit hash: aafd0b473b37bffaed45d6ca93f7e7708527546b

-------------------------------------------------------------------------------- 
[Changed Files]
NovaLakeBoardPkg/BiosId.env
NovaLakeBoardPkg/FeatureSupport/VTIO/VtioPlatformDataDxe/VtioPlatformData.c
OneSiliconPkg/Product/NovaLake/SiPkgPcdInit.dsc

================================================================================ 
Commit: c17b2b0934dcb734da3176a4cdf3a109afaab30e 
Author: ClientSysFWGit <clientsysfwgit@intel.com> 
Date: Wed Feb 18 15:40:06 2026 -0800 
-------------------------------------------------------------------------------- 
"Nvl NovaLakeJenkins_novalake_mobile_program_platform_Daily Daily Updating Version/ID: NovaLake_3040_20

Hsd-es-id: N/A"
Original commit date: Mon Jan 19 14:00:05 2026 +0000
Original commit hash: 78ca79baaaf0fe9fbb77206094184206df82d712

-------------------------------------------------------------------------------- 
[Changed Files]
NovaLakeBoardPkg/BiosId.env
OneSiliconPkg/Product/NovaLake/SiPkgPcdInit.dsc

================================================================================ 
Commit: b1d3b25d52482ed350478d113886eca1c040ea24 
Author: ClientSysFWGit <clientsysfwgit@intel.com> 
Date: Wed Feb 18 15:40:03 2026 -0800 
-------------------------------------------------------------------------------- 
Fix for Secure Device on RVP with PCH

[Issue Description]
USB typeA or eUSB VTIO - PCD USB Host Controller for USB Port 5 is not showing Secure Device on RVP with PCH

[Resolution]
Loads the platform specific XHCI controller SBDF data in to PCDs.

Package/Module:BoardPkg

[Impacted Platform]
Hx

Hsd-es-id: 22021981447
Original commit date: Fri Jan 16 13:31:29 2026 +0530
Change-Id: Ice254563d9486b4198341f31eaa4b0430bf5280e
Original commit hash: 9b818a69190ecf372449fe6268e8a173da2f9847

-------------------------------------------------------------------------------- 
[Changed Files]
NovaLakeBoardPkg/FeatureSupport/VTIO/VtioPlatformDataDxe/VtioPlatformData.c

================================================================================ 
Commit: 31115816a833943be50b96299915b6bc09ea05df 
Author: ClientSysFWGit <clientsysfwgit@intel.com> 
Date: Wed Feb 18 15:39:57 2026 -0800 
-------------------------------------------------------------------------------- 
"Nvl NovaLakeJenkins_Edk2Master_Daily Daily Updating Version/ID: NovaLake_3040_00

Hsd-es-id: N/A"
Original commit date: Mon Jan 19 00:04:08 2026 +0000
Original commit hash: c37c8ae7d1d4347156a2422e4120462dcb9af1b3

-------------------------------------------------------------------------------- 
[Changed Files]
NovaLakeBoardPkg/BiosId.env
OneSiliconPkg/Product/NovaLake/SiPkgPcdInit.dsc

================================================================================ 
Commit: 6bcc6caebfdd3f04061a9be31faac61e5da4edcf 
Author: ClientSysFWGit <clientsysfwgit@intel.com> 
Date: Wed Feb 18 15:39:49 2026 -0800 
-------------------------------------------------------------------------------- 
Revert "[TDX] Remove of TDX support from Client External BIOS"

[Issue Description]
CAF test failed with External FSP Wrapper Embedded build on NVL-S
platform causing build to hang when booting to UEFI shell.

[Resolution]
Revert problematic commit that removed TDX support from Client
External BIOS. The removal introduced regression in External FSP
Wrapper Embedded builds preventing proper boot sequence.

[Impacted Platform]
ALL

Package/Module:
NovaLakeBoardPkg
NovaLakeFspPkg
OneSiliconPkg

Hsd-es-id: 16029624454
Original commit date: Fri Jan 16 19:33:33 2026 +0530
Change-Id: If467e62a9c2b257740765e5446041ad7f4903e73
Original commit hash: 51127c2081db14bb875d46ac7f3a821245d8eb2f

-------------------------------------------------------------------------------- 
[Changed Files]
NovaLakeBoardPkg/BoardPkgPcdUpdate.dsc
NovaLakeFspPkg/FspPkgPcdInit.dsc
NovaLakePlatSamplePkg/Library/PeiPolicyUpdateLib/PeiCpuPolicyUpdate.c
NovaLakePlatSamplePkg/Platform/PlatformSetup/Dxe/PlatformSetup.c
NovaLakePlatSamplePkg/Platform/PlatformSetup/Dxe/PlatformSetup.inf
OneSiliconPkg/IpBlock/Tdx/Library/TdxInfoLib/TdxInfoLib.c
OneSiliconPkg/Product/NovaLake/SiPkgPcdInit.dsc

================================================================================ 
Commit: 8bfd14a0332baa29e0c728a45fa94f8b8337023b 
Author: ClientSysFWGit <clientsysfwgit@intel.com> 
Date: Wed Feb 18 15:39:44 2026 -0800 
-------------------------------------------------------------------------------- 
Perform the Anti-Rollback SVN Checking on Extended BIOS

[Issue Description]
- Anti-Rollback SVN checking is not performed before Extended BIOS
  firmware update.

- It is caused by the incorrect code flow got implemented.

[Resolution]
- Change the code flow to check the below items,
    - Flash config file FFS GUID
    - BIOS image buffer FFS GUID
    - BIOS image size
    - Anti-Rollback SVN checking

Package/Module:
CapsulePkg/**

[Impacted Platform]
ALL

Hsd-es-id: 15018703328
Original commit date: Wed Jan 14 17:48:05 2026 +0800
Change-Id: I6b062186b7eb8a1a78f1c1d32055477ff17e812b
Original commit hash: eef0bad2ddbeca03662055ae0bd5197685da0782

-------------------------------------------------------------------------------- 
[Changed Files]
Features/FirmwareGuard/CapsulePkg/Library/BiosUpdateHelpersLib/BiosUpdateHelpersLib.c

================================================================================ 
Commit: 0ec4abd42f1d214a2ee43f2e16dcef79ad7bafdb 
Author: ClientSysFWGit <clientsysfwgit@intel.com> 
Date: Wed Feb 18 15:39:40 2026 -0800 
-------------------------------------------------------------------------------- 
Migrate the API Return Type from UINT8 into EFI_STATUS - FBM MIN SVN

[Issue Description]
- It is not clear for the consumer of API to get the FBM MIN SVN.

- In previous design, MAX_UINT8 would be used as invalid value,
  but the specification not mentioned.

- This change is intended to change the return type into EFI_STATUS
  to make it decouple with the returned FBM MIN value.

[Resolution]
- Make the API return type from UINT8 into EFI_STATUS

- Refine the code flow within API

Package/Module:
CapsulePkg/**

[Impacted Platform]
ALL

Hsd-es-id: 15018703328
Original commit date: Wed Jan 14 17:13:33 2026 +0800
Change-Id: I20ff5c2416916a6602b76e6e1285dac728dd83f1
Original commit hash: 7e0aae7d2ffc8e80a6a6fb252f5cf4ccf59eaece

-------------------------------------------------------------------------------- 
[Changed Files]
Features/FirmwareGuard/CapsulePkg/Api/IncludePrivate/Library/BtgAcmApiLib.h
Features/FirmwareGuard/CapsulePkg/Api/LibraryPrivate/BaseBtgAcmApiLib/BaseBtgAcmApiLib.c
Features/FirmwareGuard/CapsulePkg/Library/CbntSvnCheckLib/CbntSvnCheckLib.c
Features/FirmwareGuard/CapsulePkg/Silicon/IncludePrivate/Library/BtgAcmSupportLib.h
Features/FirmwareGuard/CapsulePkg/Silicon/LibraryPrivate/BaseBtgAcmSupportLib/BaseBtgAcmSupportLib.c

================================================================================ 
Commit: a8a023ff26171a53437f11d4d111debb6cbe85ba 
Author: ClientSysFWGit <clientsysfwgit@intel.com> 
Date: Wed Feb 18 15:39:37 2026 -0800 
-------------------------------------------------------------------------------- 
Migrate the API Return Type from UINT8 into EFI_STATUS - FSP SVN

[Issue Description]
- It is not clear for the consumer of API to get the FSP SVN.

- In previous design, 0x0 and 0x3F would be used as invalid value,
  but the specification not mentioned.

- This change is intended to change the return type into EFI_STATUS
  to make it decouple with the returned FSP SVN value.

[Resolution]
- Make the API return type from UINT8 into EFI_STATUS

- Refine the code flow within API

Package/Module:
CapsulePkg/**

[Impacted Platform]
ALL

Hsd-es-id: 15018703328
Original commit date: Wed Jan 14 16:42:55 2026 +0800
Change-Id: I7163620bc853b107a11f645b95d306c4b98c8d61
Original commit hash: ebf296aab4644298fd2180c2b1e5e6b835134bdd

-------------------------------------------------------------------------------- 
[Changed Files]
Features/FirmwareGuard/CapsulePkg/Api/IncludePrivate/Library/FspApiLib.h
Features/FirmwareGuard/CapsulePkg/Api/LibraryPrivate/BaseFspApiLib/BaseFspApiLib.c
Features/FirmwareGuard/CapsulePkg/Library/CbntSvnCheckLib/CbntSvnCheckLib.c
Features/FirmwareGuard/CapsulePkg/Silicon/IncludePrivate/Library/FspSupportLib.h
Features/FirmwareGuard/CapsulePkg/Silicon/LibraryPrivate/BaseFspSupportLib/BaseFspSupportLib.c

================================================================================ 
Commit: 472d5e3546682a1269aa9d76ed609e93ce1fdb90 
Author: ClientSysFWGit <clientsysfwgit@intel.com> 
Date: Wed Feb 18 15:39:31 2026 -0800 
-------------------------------------------------------------------------------- 
"Nvl NovaLakeJenkins_Edk2Master_Daily Daily Updating Version/ID: NovaLake_3036_00

Hsd-es-id: N/A"
Original commit date: Sun Jan 18 00:04:41 2026 +0000
Original commit hash: 920ef580e961df0ec244a6281f2be69c6651be6e

-------------------------------------------------------------------------------- 
[Changed Files]
NovaLakeBoardPkg/BiosId.env
OneSiliconPkg/Product/NovaLake/SiPkgPcdInit.dsc

================================================================================ 
Commit: e3ca92adc0c4f8e8eb0ffba879673f1febcf1183 
Author: ClientSysFWGit <clientsysfwgit@intel.com> 
Date: Wed Feb 18 15:39:17 2026 -0800 
-------------------------------------------------------------------------------- 
Update MRC Release Notes and increment MRC build revision to 0.0.120.5

[Feature Description]
Updating MrcVersion.h and ReleaseNotes.

Package/Module:OneSiliconPkg/MemoryInit

[Impacted Platform]
All

Registers impacted: None

Hsd-es-id: 14023142879
Original commit date: Sat Jan 17 00:32:46 2026 +0000
Original commit hash: ece3172f8af33b7224f3487c3b40eb7868ac530a

-------------------------------------------------------------------------------- 
[Changed Files]
OneSiliconPkg/IpBlock/MemoryInit/src/IncludePrivate/Nvl/MrcVersion.h

================================================================================ 
Commit: b1361c659005656d3b443b573c3da768c26fd770 
Author: ClientSysFWGit <clientsysfwgit@intel.com> 
Date: Wed Feb 18 15:39:14 2026 -0800 
-------------------------------------------------------------------------------- 
"Nvl NovaLakeJenkins_Edk2Master_Daily Daily Updating Version/ID: NovaLake_3035_00

Hsd-es-id: N/A"
Original commit date: Sat Jan 17 00:04:50 2026 +0000
Original commit hash: ba58431c17fd1bd344d30ba5de10b8705004f4ee

-------------------------------------------------------------------------------- 
[Changed Files]
NovaLakeBoardPkg/BiosId.env
OneSiliconPkg/Product/NovaLake/SiPkgPcdInit.dsc

================================================================================ 
Commit: e6c509289e83fddbe4fa7098248b2eea894a344f 
Author: ClientSysFWGit <clientsysfwgit@intel.com> 
Date: Wed Feb 18 15:39:11 2026 -0800 
-------------------------------------------------------------------------------- 
Revert "Enable G2 by default"

This reverts commit b5aad9db22af93bd8e03d351f628246ce2f3e927.

(cherry picked from commit 30704ab9a948499822406d6f6f3eb6d1baa15c50)

Fri Jan 16 14:51:23 2026 -0700
Original commit date: Fri Jan 16 14:51:23 2026 -0700
Original commit hash: 3ffb80002322373aa1c7722b51d529ef115aab15

-------------------------------------------------------------------------------- 
[Changed Files]
NovaLakeBoardPkg/NovaLakeSBoards/BoardVpdPcdsInit/SkuIdNvlSHsioUDimm1DEvcrb.dsc
NovaLakeBoardPkg/NovaLakeSBoards/BoardVpdPcdsInit/SkuIdNvlSSoDimm1DEvcrb.dsc
NovaLakeBoardPkg/NovaLakeSBoards/BoardVpdPcdsInit/SkuIdNvlSUDimm1DOcEvcrb.dsc
NovaLakeBoardPkg/NovaLakeSBoards/BoardVpdPcdsInit/SkuIdNvlSUDimm2DEvcrb.dsc

================================================================================ 
Commit: ec72aff851961191fc814bc447b336d491718b7b 
Author: ClientSysFWGit <clientsysfwgit@intel.com> 
Date: Wed Feb 18 15:39:08 2026 -0800 
-------------------------------------------------------------------------------- 
Revert "Enable G2 by default"

This reverts commit f815e4524e975256f2a1130c46ca30905ddefb99.

(cherry picked from commit 88c859a3d7b88e32c8315e842ba653086590b345)

Fri Jan 16 14:35:20 2026 -0700
Original commit date: Fri Jan 16 14:35:20 2026 -0700
Original commit hash: f4bbcae40e93191fe079a1b60f2c7b6b7ad9dd73

-------------------------------------------------------------------------------- 
[Changed Files]
OneSiliconPkg/IpBlock/MemoryInit/src/ApiLib/Nvl/MrcSagvConfig.c

================================================================================ 
Commit: 8ca857a841519dd515ef140be9b6f58143ba4a42 
Author: ClientSysFWGit <clientsysfwgit@intel.com> 
Date: Wed Feb 18 15:38:54 2026 -0800 
-------------------------------------------------------------------------------- 
Update MRC Release Notes and increment MRC build revision to 0.0.120.4

[Feature Description]
Updating MrcVersion.h and ReleaseNotes.

Package/Module:OneSiliconPkg/MemoryInit

[Impacted Platform]
All

Registers impacted: None

Hsd-es-id: 14023142879
Original commit date: Fri Jan 16 14:54:42 2026 +0000
Original commit hash: 463808b804ba575893317ab7b88a887d778ab702

-------------------------------------------------------------------------------- 
[Changed Files]
OneSiliconPkg/IpBlock/MemoryInit/src/IncludePrivate/Nvl/MrcVersion.h

================================================================================ 
Commit: 7c7062c684084f66ed03476d1497d9e17139a7b1 
Author: ClientSysFWGit <clientsysfwgit@intel.com> 
Date: Wed Feb 18 15:38:51 2026 -0800 
-------------------------------------------------------------------------------- 
API for Controller config data handling.

[Feature Description]
This code adds interface to detect specific Controller
configuration. It will be applied for use
with AOB Controller configuration for use with New Projects.

Package/Module:
OneSiliconPkg

[Impacted Platform]
S, H.

Hsd-es-id: 13014008220
Original commit date: Wed Nov 19 15:02:41 2025 +0100
Change-Id: I54f48df1dc37c13fc4374fcadc8d895c9335ea3c
Original commit hash: 646ad14b95053a79e805bdc954dc26af19868d24

-------------------------------------------------------------------------------- 
[Changed Files]
NovaLakeOpenBoardPkg/Include/Dsc/SiPkgCommonLib.dsc
OneSiliconPkg/Fru/NvlPch/Include/Library/NvlPchPcieControllerInfoLib.h
OneSiliconPkg/Fru/NvlPch/Library/NvlPchPcieControllerInfoLib/NvlPchPcieControllerInfoLib.c
OneSiliconPkg/Fru/NvlPch/LibraryPrivate/NvlPchPcieRpPchLib/NvlPchPcieRpPchLib.inf
OneSiliconPkg/Fru/NvlPch/LibraryPrivate/NvlPchPcieRpPchLib/NvlPchRpInstance.c
OneSiliconPkg/Fru/NvlPch/LibraryPrivate/NvlPchPcieRpPchLib/PcieRpPchLib.c
OneSiliconPkg/Fru/NvlPch/LibraryPrivate/PeiNvlPchInitLib/NvlPchInit.c
OneSiliconPkg/Fru/NvlPch/LibraryPrivate/PeiNvlPchInitLib/NvlPchInit.h
OneSiliconPkg/Fru/NvlPch/LibraryPrivate/PeiNvlPchInitLib/NvlPchRootPorts.c
OneSiliconPkg/Fru/NvlPch/LibraryPrivate/PeiNvlPchInitLib/NvlPchRootPortsInitialization.c
OneSiliconPkg/Include/DieInstance.h
OneSiliconPkg/Include/Library/PciAobLib.h
OneSiliconPkg/IncludePrivate/Nvl/Pch/Library/NvlPchPcieRpLib.h
OneSiliconPkg/IpBlock/DomainPcie/Ver2/Library/DomainPcieInitLib/DomainPcieInit.c
OneSiliconPkg/Product/NovaLake/Library/NvlPciAobLib/NvlPciAobLib.c
OneSiliconPkg/Product/NovaLake/Library/NvlPciAobLib/NvlPciAobLib.inf
OneSiliconPkg/Product/NovaLake/SiPkgCommonLib.dsc

================================================================================ 
Commit: c77b068dcff6e5b6e9a7c2d56d996e4c4aedea1e 
Author: ClientSysFWGit <clientsysfwgit@intel.com> 
Date: Wed Feb 18 15:38:48 2026 -0800 
-------------------------------------------------------------------------------- 
Revert "EC Self Detection in EC AFP"

[Issue Description]
Sx Entry failed with postcode 0b23

[Resolution]
Revert "EC Self Detection in EC AFP"

Package/Module:
AFP

[Impacted Platform]
ALL

Hsd-es-id: 15018920353
Original commit date: Fri Jan 16 15:54:07 2026 +0800
Change-Id: Ib465545f8075df5f0fa99799bb2c0d374bfca802
Original commit hash: 02b12af862858947e25a7ec39964a999420abd5f

-------------------------------------------------------------------------------- 
[Changed Files]
Features/Ec/EcFeaturePkg/EcFeaturePkg.dec
Features/Ec/EcFeaturePkg/Library/BaseEcMiscLib/BaseEcMiscLib.c
Features/Ec/EcFeaturePkg/Library/BaseEcMiscLib/BaseEcMiscLib.inf
Features/Ec/EcFeaturePkg/Library/BaseEcTcssLib/BaseEcTcssLib.c
Features/Ec/EcFeaturePkg/Library/BaseEcTcssLib/BaseEcTcssLib.inf

================================================================================ 
Commit: 4edc5c51c00edb876ba849fd1dafcd9ad0bc99a2 
Author: ClientSysFWGit <clientsysfwgit@intel.com> 
Date: Wed Feb 18 15:38:44 2026 -0800 
-------------------------------------------------------------------------------- 
Revert "EC Self Detection in BoardPkg and PlatSamplePkg"

[Issue Description]
Sx Entry failed with postcode 0b23

[Resolution]
Revert "EC Self Detection in BoardPkg and PlatSamplePkg"

Package/Module:
BoardPkg
PlatSamplePkg

[Impacted Platform]
ALL

Hsd-es-id: 15018920353
Original commit date: Fri Jan 16 15:52:42 2026 +0800
Change-Id: I44b6d2fb394d19b3ac47b932805a063ac7c42f7c
Original commit hash: 69f1341b99e05a254856dc02b9700457d034ec02

-------------------------------------------------------------------------------- 
[Changed Files]
NovaLakeBoardPkg/Acpi/AcpiTables/Dsdt/PlatformNvs.asl
NovaLakeBoardPkg/Acpi/AdvancedAcpiDxe/AcpiPlatform.c
NovaLakeBoardPkg/Acpi/AdvancedAcpiDxe/AdvancedAcpiDxe.inf
NovaLakeBoardPkg/BoardInitAdvanced/BoardInitAdvancedPei/BoardInitAdvancedPreMem.c
NovaLakeBoardPkg/BoardInitAdvanced/BoardInitAdvancedPei/BoardInitAdvancedPreMem.inf
NovaLakeBoardPkg/BoardInitAdvanced/BoardInitAdvancedSmm/BoardInitAdvancedSmm.c
NovaLakeBoardPkg/BoardInitAdvanced/BoardInitAdvancedSmm/BoardInitAdvancedSmm.inf
NovaLakeBoardPkg/BoardSupport/Library/PeiBoardConfigLib/PeiBoardConfigLib.c
NovaLakeBoardPkg/BoardSupport/Library/PeiBoardConfigLib/PeiBoardConfigLib.inf
NovaLakeBoardPkg/BoardSupport/Library/PeiPolicyBoardConfigLib/PeiCpuPolicyBoardConfigPreMem.c
NovaLakeBoardPkg/BoardSupport/Library/PeiPolicyBoardConfigLib/PeiPolicyBoardConfigLib.inf
NovaLakeBoardPkg/BoardSupport/Library/SiliconInitLib/SiliconInitLib.inf
NovaLakeBoardPkg/BoardSupport/Library/SiliconInitLib/SiliconInitPreMem.c
NovaLakeBoardPkg/BoardSupport/NovaLakePBoards/Library/BoardInitLib/Pei/PeiDetect.c
NovaLakeBoardPkg/BoardSupport/NovaLakePBoards/Library/BoardInitLib/Pei/PeiInitPostMemLib.c
NovaLakeBoardPkg/BoardSupport/NovaLakePBoards/Library/BoardInitLib/Pei/PeiInitPreMemLib.c
NovaLakeBoardPkg/BoardSupport/NovaLakePBoards/Library/BoardInitLib/Pei/PeiMultiBoardInitPostMemLib.inf
NovaLakeBoardPkg/BoardSupport/NovaLakePBoards/Library/BoardInitLib/Pei/PeiMultiBoardInitPreMemLib.inf
NovaLakeBoardPkg/BoardSupport/NovaLakeSBoards/Library/BoardInitLib/Pei/PeiDetect.c
NovaLakeBoardPkg/BoardSupport/NovaLakeSBoards/Library/BoardInitLib/Pei/PeiInitPostMemLib.c
NovaLakeBoardPkg/BoardSupport/NovaLakeSBoards/Library/BoardInitLib/Pei/PeiInitPreMemLib.c
NovaLakeBoardPkg/BoardSupport/NovaLakeSBoards/Library/BoardInitLib/Pei/PeiMultiBoardInitPostMemLib.inf
NovaLakeBoardPkg/BoardSupport/NovaLakeSBoards/Library/BoardInitLib/Pei/PeiMultiBoardInitPreMemLib.inf
NovaLakeBoardPkg/FeatureSupport/DptfPlatformData/Acpi/DptfPlatformData.asl
NovaLakeBoardPkg/Include/PlatformNvsAreaDef.h
NovaLakeBoardPkg/Library/DxeUpdatePlatformInfoLib/DxeUpdatePlatformInfoLib.c
NovaLakeBoardPkg/Library/DxeUpdatePlatformInfoLib/DxeUpdatePlatformInfoLib.inf
NovaLakeBoardPkg/NovaLakePBoards/Library/BoardInitLib/Dxe/DxeInitLib.c
NovaLakeBoardPkg/NovaLakePBoards/Library/BoardInitLib/Dxe/DxeMultiBoardInitlib.inf
NovaLakeBoardPkg/NovaLakeSBoards/Library/BoardInitLib/Dxe/DxeInitLib.c
NovaLakeBoardPkg/NovaLakeSBoards/Library/BoardInitLib/Dxe/DxeMultiBoardInitlib.inf
NovaLakePlatSamplePkg/Include/SetupVariable.h
NovaLakePlatSamplePkg/Library/PeiPolicyUpdateLib/PeiCpuPolicyUpdatePreMem.c
NovaLakePlatSamplePkg/Library/PeiPolicyUpdateLib/PeiPolicyUpdateLib.inf
NovaLakePlatSamplePkg/Library/PeiPolicyUpdateLib/PeiPolicyUpdateLibApi.inf
NovaLakePlatSamplePkg/Platform/PlatformSetup/Dxe/PlatformSetup.c
NovaLakePlatSamplePkg/Platform/PlatformSetup/Dxe/PlatformSetup.inf
NovaLakePlatSamplePkg/Setup/Advanced.vfr
NovaLakePlatSamplePkg/Setup/EcSetup.c
NovaLakePlatSamplePkg/Setup/HhmSetup.hfr
NovaLakePlatSamplePkg/Setup/PlatformSetup.hfr
NovaLakePlatSamplePkg/Setup/Setup.inf
NovaLakePlatSamplePkg/Setup/SioIT8659ESetup.c
NovaLakePlatSamplePkg/Setup/SioIT8659ESetup.hfr

================================================================================ 
Commit: 9d552fe3cf39da93c9e6fd9952bba6fd12458bc3 
Author: ClientSysFWGit <clientsysfwgit@intel.com> 
Date: Wed Feb 18 15:38:41 2026 -0800 
-------------------------------------------------------------------------------- 
Revert "EC Self Detection in OneSiliconPkg"

[Issue Description]
Sx Entry failed with postcode 0b23

[Resolution]
Revert "EC Self Detection in OneSiliconPkg"

Package/Module:
OneSiliconPkg

[Impacted Platform]
ALL

Hsd-es-id: 15018920353
Original commit date: Fri Jan 16 15:50:44 2026 +0800
Change-Id: I297219fd39c7429827dbf2e0f045e56ecab1ea86
Original commit hash: 6d08676baa29fe6ce255d955649e061b735320f8

-------------------------------------------------------------------------------- 
[Changed Files]
OneSiliconPkg/IpBlock/BiosGuard/Include/V22/BiosGuard.h
OneSiliconPkg/IpBlock/BiosGuard/LibraryPrivate/PeiBiosGuardLib/BiosGuardInit.c

================================================================================ 
Commit: 8bb5280167ff886305e51adad93fa744e7031d75 
Author: ClientSysFWGit <clientsysfwgit@intel.com> 
Date: Wed Feb 18 15:38:37 2026 -0800 
-------------------------------------------------------------------------------- 
Revert "EC Self Detection in DPTF AFP"

[Issue Description]
Sx Entry failed with postcode 0b23

[Resolution]
Revert "EC Self Detection in DPTF AFP"

Package/Module:
AFP

[Impacted Platform]
ALL

Hsd-es-id: 15018920353
Original commit date: Fri Jan 16 15:49:07 2026 +0800
Change-Id: Ied7916b8042ac33a434511d5c7da19729697b2d6
Original commit hash: 7bf0643034f6c66202c7c343591b669f0b0e30a3

-------------------------------------------------------------------------------- 
[Changed Files]
Features/Thermal/DptfFeaturePkg/AcpiTables/Dptf.asl

================================================================================ 
Commit: 14e5b69bfe1a83706c79db37f4bcc353c33867bd 
Author: ClientSysFWGit <clientsysfwgit@intel.com> 
Date: Wed Feb 18 15:38:35 2026 -0800 
-------------------------------------------------------------------------------- 
Revert "EC Self Detection in Sio AFP"

[Issue Description]
Sx Entry failed with postcode 0b23

[Resolution]
Revert "EC Self Detection in Sio AFP"

Package/Module:
AFP

[Impacted Platform]
ALL

Hsd-es-id: 15018920353
Original commit date: Fri Jan 16 15:47:22 2026 +0800
Change-Id: Ib6bb8111023efde37bc3bbdfa8acae6eb0d12b82
Original commit hash: ab4fdad6f9cb4629e16023c3b38fc77ae15b4d2e

-------------------------------------------------------------------------------- 
[Changed Files]
Features/Sio/SioIT8659Pkg/Readme.md

================================================================================ 
Commit: 20e828bca5c708cd84e3a603595055c0b536e546 
Author: ClientSysFWGit <clientsysfwgit@intel.com> 
Date: Wed Feb 18 15:38:26 2026 -0800 
-------------------------------------------------------------------------------- 
Update MRC Release Notes and increment MRC build revision to 0.0.120.3

[Feature Description]
Updating MrcVersion.h and ReleaseNotes.

Package/Module:OneSiliconPkg/MemoryInit

[Impacted Platform]
All

Registers impacted: None

Hsd-es-id: 14023142879
Original commit date: Fri Jan 16 08:12:35 2026 +0000
Original commit hash: dd97876dda2c65710ea1eb9493445d7b4695e1c9

-------------------------------------------------------------------------------- 
[Changed Files]
OneSiliconPkg/IpBlock/MemoryInit/src/IncludePrivate/Nvl/MrcVersion.h

================================================================================ 
Commit: a35e6e9da6acb68a31c86c18477cc1881f294c60 
Author: ClientSysFWGit <clientsysfwgit@intel.com> 
Date: Wed Feb 18 15:38:23 2026 -0800 
-------------------------------------------------------------------------------- 
Enable G2 by default

[Feature Description]
Enable G2 by default

Package/Module: MemoryInit

[Impacted Platform]
NVL

Hsd-es-id: 22021990935
Original commit date: Thu Jan 15 23:21:37 2026 -0800
Change-Id: I4c465b20ab9209855c010ef3c6b0f4a0881e0ea6
Original commit hash: 8594c794227c02740b1daa3386e103e159a74fc4

-------------------------------------------------------------------------------- 
[Changed Files]
OneSiliconPkg/IpBlock/MemoryInit/src/ApiLib/Nvl/MrcSagvConfig.c

================================================================================ 
Commit: cad5568384c72aca090b950b673216f1e3a68125 
Author: ClientSysFWGit <clientsysfwgit@intel.com> 
Date: Wed Feb 18 15:38:20 2026 -0800 
-------------------------------------------------------------------------------- 
Update MRC Release Notes and increment MRC build revision to 0.0.120.2

[Feature Description]
Updating MrcVersion.h and ReleaseNotes.

Package/Module:OneSiliconPkg/MemoryInit

[Impacted Platform]
All

Registers impacted: None

Hsd-es-id: 14023142879
Original commit date: Fri Jan 16 07:51:17 2026 +0000
Original commit hash: e696a20b36b04fcc393357db81be81c9f898cb34

-------------------------------------------------------------------------------- 
[Changed Files]
OneSiliconPkg/IpBlock/MemoryInit/src/IncludePrivate/Nvl/MrcVersion.h
OneSiliconPkg/IpBlock/MemoryInit/src/UcManagement/Nvl/MrcUcPayloadData.c

================================================================================ 
Commit: eb21acfb14b9a2933b15335e8ae8eeb6af8deabd 
Author: ClientSysFWGit <clientsysfwgit@intel.com> 
Date: Wed Feb 18 15:38:17 2026 -0800 
-------------------------------------------------------------------------------- 
Enable G2 by default

[Feature Description]
max(freq)	           SAGV	SAGV[0]	SAGV[1]	SAGV[2]	SAGV[3]
Default 1DPC 1R, S11/12/21/22	6400	Enabled	3200g4	5400g4	6000g4	6400g2
Default 1DPC 2R, S11/12/21/22	5600	Enabled	3200g4	4800g4	5400g4	5600g2
Default 2DPC, S31	4800	Enabled	3200g4	3200g4	4800g4	4800g2
S41/S51/S61	4800	Enabled	3200g4	3200g4	4800g4	4800g2

Package/Module: MemoryInit

[Impacted Platform]
NVL

Hsd-es-id: 22021990964
Original commit date: Thu Jan 15 19:02:44 2026 -0800
Change-Id: I03881d3dbfc32e88712386bbc14c5946ed1c952d
Original commit hash: 7d7184b317825586dfdbb98a125d13b3d6ac369b

-------------------------------------------------------------------------------- 
[Changed Files]
NovaLakeBoardPkg/NovaLakeSBoards/BoardVpdPcdsInit/SkuIdNvlSHsioUDimm1DEvcrb.dsc
NovaLakeBoardPkg/NovaLakeSBoards/BoardVpdPcdsInit/SkuIdNvlSSoDimm1DEvcrb.dsc
NovaLakeBoardPkg/NovaLakeSBoards/BoardVpdPcdsInit/SkuIdNvlSUDimm1DOcEvcrb.dsc
NovaLakeBoardPkg/NovaLakeSBoards/BoardVpdPcdsInit/SkuIdNvlSUDimm2DEvcrb.dsc

================================================================================ 
Commit: 3b7330dc1dfaf97517b0e25bfc01e82746b59bb1 
Author: ClientSysFWGit <clientsysfwgit@intel.com> 
Date: Wed Feb 18 15:38:14 2026 -0800 
-------------------------------------------------------------------------------- 
[NVL] Add BIOS Knobs for CMOS debug break function for OEM usage

[Feature Description]
Add BIOS Knobs for CMOS debug break function for OEM usage

Package/Module:
BoardPkg

[Impacted Platform]
ALL

Hsd-es-id: 14026449332
Original commit date: Fri Nov 14 12:12:15 2025 -0800
Change-Id: I70f1ee7451ed8bbcd98a410e1419e440b47e199a
Original commit hash: 55bba374ac0b3d5d602f4629fd7ac69adf196171

-------------------------------------------------------------------------------- 
[Changed Files]
NovaLakeFspPkg/Library/PeiPolicyUpdatePreMemLib/PeiSaPolicyUpdatePreMem.c
NovaLakeFspPkg/Upd/FspmUpd.dsc
NovaLakePlatSamplePkg/Include/SetupVariable.h
NovaLakePlatSamplePkg/Library/PeiPolicyUpdateLib/PeiSaPolicyUpdatePreMem.c
NovaLakePlatSamplePkg/Setup/SaSetup.hfr
NovaLakePlatSamplePkg/Setup/SaSetup.uni

================================================================================ 
Commit: 7dde0e45e37c82b77113636bc4d901eb376a9477 
Author: ClientSysFWGit <clientsysfwgit@intel.com> 
Date: Wed Feb 18 15:38:10 2026 -0800 
-------------------------------------------------------------------------------- 
[COMMON] SAGV G2 fast boot enabling
[Feature Description]
SAGV G2 fast boot enabling
1. For fast boot, use the same  retoring order as the cold boot training order.
2. Disabling ph fsm by setting PHFsmStart = 0 before restoring, and setting back to POR value 3 after restoring.
3. Disable MC QCLK before restoring DDRIO crs and enable MC QCLK after restoring the DDRIO crs.
5. After restoring the CRs, disable MCQCLK, doing a DLL reset, then enable the MCQCLK, and setting the PHFsmStart back to POR value 3.
6. Keep the MC QCLK pi code value unchanged during restoring.

Package/Module: MemoryInit

[Impacted Platform]
NVL

Hsd-es-id: 22021990932
Original commit date: Thu Jan 15 18:09:34 2026 -0800
Change-Id: I54c843cb62c9289b4e72140b17cbdd7ab0c888b6
Original commit hash: de24920c48dbcae87d73e71a4e83e1f7aceb5684

-------------------------------------------------------------------------------- 
[Changed Files]
OneSiliconPkg/IpBlock/MemoryInit/Include/CMrcInterface.h
OneSiliconPkg/IpBlock/MemoryInit/src/ApiLib/BlueMrcStartMemoryConfiguration.c
OneSiliconPkg/IpBlock/MemoryInit/src/ApiLib/MrcSaveRestore.h
OneSiliconPkg/IpBlock/MemoryInit/src/ApiLib/Nvl/MrcSaveRestore.c
OneSiliconPkg/IpBlock/MemoryInit/src/DdrIoLib/IncludePublic/MrcDdrIoApi.h
OneSiliconPkg/IpBlock/MemoryInit/src/DdrIoLib/Nvl/MrcDdrIoApiNvl.c
OneSiliconPkg/IpBlock/MemoryInit/src/UcManagement/MrcUcManagement.c

================================================================================ 
Commit: e7a771fb43d6759ba4376694af5986a8216f56ad 
Author: ClientSysFWGit <clientsysfwgit@intel.com> 
Date: Wed Feb 18 15:38:01 2026 -0800 
-------------------------------------------------------------------------------- 
DBG2 Failure in the FWTS log fix

[Issue Description]
DBG2 was failing because of wrong Dbg2 controller
index was passed

[Resolution]
reverted the change to 0 index as default
Dbg2 controller index

Package/Module:
OneSiliconPkg
PlatSamplePkg

[Impacted Platform]
S

Hsd-es-id: 16029581694
Original commit date: Wed Jan 14 09:01:40 2026 +0530
Change-Id: Idbd98e258feed032a68b1dce37bff5d84d160257
Original commit hash: 90a01ca204a5785dbd630b0ce835baedc88b0365

-------------------------------------------------------------------------------- 
[Changed Files]
NovaLakePlatSamplePkg/Setup/DebugSetup.hfr
OneSiliconPkg/Fru/NvlPch/LibraryPrivate/PeiNvlPchInitLib/NvlPchHobs.c

================================================================================ 
Commit: a728c1abc0a95894db2ad498fa9ba1d2ca79490f 
Author: ClientSysFWGit <clientsysfwgit@intel.com> 
Date: Wed Feb 18 15:37:45 2026 -0800 
-------------------------------------------------------------------------------- 
"Nvl NovaLakeJenkins_Edk2Master_Daily Daily Updating Version/ID: NovaLake_3034_00

Hsd-es-id: N/A"
Original commit date: Fri Jan 16 00:06:15 2026 +0000
Original commit hash: 0ce413f4c98d2b8c9b8ae02ca8ca42edeca77d88

-------------------------------------------------------------------------------- 
[Changed Files]
NovaLakeBoardPkg/BiosId.env
OneSiliconPkg/Product/NovaLake/SiPkgPcdInit.dsc

================================================================================ 
Commit: 31f6e45038df8246a33d58778732a6fb7c23c2ca 
Author: ClientSysFWGit <clientsysfwgit@intel.com> 
Date: Wed Feb 18 15:37:14 2026 -0800 
-------------------------------------------------------------------------------- 
Set -fno-asynchronous-unwind-tables in release mode

[Feature Description]
Set -fno-asynchronous-unwind-tables in release mode to save binary size

Package/Module:
NovaLakeFspPkg
NovaLakeBoardPkg
OneSiliconPkg

[Impacted Platform]
NovaLake

Hsd-es-id: 15018784135
Original commit date: Mon Jan 12 17:39:12 2026 +0800
Change-Id: I67721af327d75c31c76cf164723d554a58a9c903
Original commit hash: f9ef0de802090a5db2bcd2d55131b3b4039b7c04

-------------------------------------------------------------------------------- 
[Changed Files]
NovaLakeBoardPkg/BoardPkgBuildConfig.yaml
NovaLakeBoardPkg/BoardPkgBuildOption.dsc
NovaLakeBoardPkg/BoardPkgPcdInit.dsc
NovaLakeBoardPkg/BoardPkgPcdUpdate.dsc
NovaLakeFspPkg/FspPkgBuildConfig.yaml
NovaLakeFspPkg/FspPkgBuildOption.dsc
NovaLakeFspPkg/FspPkgMisc.py
NovaLakeFspPkg/FspPkgPcdInit.dsc
NovaLakeFspPkg/FspPkgPcdUpdate.dsc
NovaLakeFspPkg/NovaLakeFspPkg.dec
NovaLakePlatSamplePkg/PlatformPkg.dec
OneSiliconPkg/Product/NovaLake/SiPkgBuildOption.dsc
OneSiliconPkg/Product/NovaLake/SiPkgPcdInit.dsc
OneSiliconPkg/SiliconPkgMisc.py

================================================================================ 
Commit: b6c24b75b90e7804ed8f8b74632853b285d052af 
Author: ClientSysFWGit <clientsysfwgit@intel.com> 
Date: Wed Feb 18 15:37:03 2026 -0800 
-------------------------------------------------------------------------------- 
"Nvl NovaLakeJenkins_Edk2Master_Daily Daily Updating Version/ID: NovaLake_3033_00

Hsd-es-id: N/A"
Original commit date: Thu Jan 15 00:04:58 2026 +0000
Original commit hash: 0ce7ca2bf4e3385f32708c7356f7b40bc792b0b9

-------------------------------------------------------------------------------- 
[Changed Files]
NovaLakeBoardPkg/BiosId.env
OneSiliconPkg/Product/NovaLake/SiPkgPcdInit.dsc

================================================================================ 
Commit: b63dafcb3f33b4493ecfbbd5a0c4d88fd99fa6c9 
Author: ClientSysFWGit <clientsysfwgit@intel.com> 
Date: Wed Feb 18 15:36:36 2026 -0800 
-------------------------------------------------------------------------------- 
[TDX] Remove of TDX support from Client External BIOS

[Feature Description]
Remove TDX from External BIOS and disable resource allocation
Ensure TDX is disabled and prevents any resource allocation
or initialization in External BIOS.

Package/Module:
*BoardPkg

[Impacted Platform]
ALL

Hsd-es-id: 14026478387
Original commit date: Thu Dec 4 12:28:26 2025 +0100
Change-Id: Icdc1a86bc8fc97a3f3d0802687bf7e4e23c7908c
Original commit hash: db712153f7f5841493bf0f3b8a8cc59bf2a098c6

-------------------------------------------------------------------------------- 
[Changed Files]
NovaLakeBoardPkg/BoardPkgPcdUpdate.dsc
NovaLakeFspPkg/FspPkgPcdInit.dsc
NovaLakePlatSamplePkg/Library/PeiPolicyUpdateLib/PeiCpuPolicyUpdate.c
NovaLakePlatSamplePkg/Platform/PlatformSetup/Dxe/PlatformSetup.c
NovaLakePlatSamplePkg/Platform/PlatformSetup/Dxe/PlatformSetup.inf
OneSiliconPkg/IpBlock/Tdx/Library/TdxInfoLib/TdxInfoLib.c
OneSiliconPkg/Product/NovaLake/SiPkgPcdInit.dsc

================================================================================ 
Commit: 8c2c873889ce227206f60389982eca9f80c59133 
Author: ClientSysFWGit <clientsysfwgit@intel.com> 
Date: Wed Feb 18 15:36:33 2026 -0800 
-------------------------------------------------------------------------------- 
"IpSip17Pcie IpSip17Pcie_main_Daily Daily Updating Version/ID: SIP17PCIE.26030300

Hsd-es-id: N/A"
Original commit date: Wed Jan 14 06:36:57 2026 +0000
Original commit hash: e808c0ce91e98396ef6d7e3d7da6710810da7cc2

-------------------------------------------------------------------------------- 
[Changed Files]
OneSiliconPkg/IpBlock/IpPcieSip17/IpPcieLib/IpPcieVersion.h

================================================================================ 
Commit: 5a90ee6c06783e17ed190fa2c6057e95c5fa5661 
Author: ClientSysFWGit <clientsysfwgit@intel.com> 
Date: Wed Feb 18 15:36:30 2026 -0800 
-------------------------------------------------------------------------------- 
PCIe ASPM default set to L1 for PCD PCIe Root Ports

[Issue Description]
PCIe ASPM default set to L1 for PCD PCIe Root Ports

[Resolution]
Changed ASPM setup option default value to "Auto" for PCD and PCH RP's
and limited ASPM to L1 internally for PCH RP's.

Package/Module: OneSiliconPkg

[Impacted Platform]
ALL

Hsd-es-id: 16029473814
Original commit date: Tue Jan 6 15:25:20 2026 +0530
Change-Id: Ic8da7666da7b7260be2e29a02398086f7133e157
Original commit hash: a762a337dbd4799772496f690691a55dfd4c1bc6

-------------------------------------------------------------------------------- 
[Changed Files]
NovaLakeBoardPkg/NovaLakePBoards/HiiPcdsInit/HiiStructurePcd.dsc
NovaLakeBoardPkg/NovaLakeSBoards/HiiPcdsInit/HiiStructurePcd.dsc
NovaLakePlatSamplePkg/Setup/PchPcieSetupSinglePort.hfr
OneSiliconPkg/Fru/NvlPcd/LibraryPrivate/NvlPcdPcieRpLib/PcieRpPcdLib.c
OneSiliconPkg/Fru/NvlPch/LibraryPrivate/NvlPchPcieRpPchLib/PcieRpPchLib.c

================================================================================ 
Commit: 4d9c42897d996ba28a31811e859564f8d119ef2b 
Author: ClientSysFWGit <clientsysfwgit@intel.com> 
Date: Wed Feb 18 15:36:27 2026 -0800 
-------------------------------------------------------------------------------- 
TCC New Feature Change

[Feature Description]
Remove not needed features and change TCC BIOS option layout

Package/Module: BoardPkg, PlatformSample, OneSiliconPkg

[Impacted Platform]
ALL

Hsd-es-id: 15018728258
Original commit date: Fri Nov 28 20:21:18 2025 +0800
Change-Id: I3b656aeff2bbc55c415102dd9bf45e05f1638c23
Original commit hash: a2899dd5361ff944956c6abcd1868d3936e26a08

-------------------------------------------------------------------------------- 
[Changed Files]
NovaLakeBoardPkg/Features/Tcc/Library/TccPolicyLib/TccPolicyLib.c
NovaLakeBoardPkg/NovaLakePBoards/HiiPcdsInit/HiiStructurePcd.dsc
NovaLakeBoardPkg/NovaLakeSBoards/HiiPcdsInit/HiiStructurePcd.dsc
NovaLakePlatSamplePkg/Include/SetupVariable.h
NovaLakePlatSamplePkg/Setup/Setup.inf
NovaLakePlatSamplePkg/Setup/SetupCallbackExList.h
NovaLakePlatSamplePkg/Setup/SetupId.h
NovaLakePlatSamplePkg/Setup/TccMultiVcSetup.hfr
NovaLakePlatSamplePkg/Setup/TccSetup.c
NovaLakePlatSamplePkg/Setup/TccSetup.hfr
NovaLakePlatSamplePkg/Setup/TccSetup.uni
OneSiliconPkg/IpBlock/Tcc/Library/PeiTccLib/PeiTccLib.c

================================================================================ 
Commit: 3ca8f00e8f7b218997cb1e4c77b295632cc6a81c 
Author: ClientSysFWGit <clientsysfwgit@intel.com> 
Date: Wed Feb 18 15:36:03 2026 -0800 
-------------------------------------------------------------------------------- 
"Nvl NovaLakeJenkins_Edk2Master_Daily Daily Updating Version/ID: NovaLake_3032_00

Hsd-es-id: N/A"
Original commit date: Wed Jan 14 00:05:01 2026 +0000
Original commit hash: afe482844b029f6793ff07cfb069865485340d55

-------------------------------------------------------------------------------- 
[Changed Files]
NovaLakeBoardPkg/BiosId.env
OneSiliconPkg/Product/NovaLake/SiPkgPcdInit.dsc

================================================================================ 
Commit: b37af5c092b0004cbae2720d8fcaa5ff0da04c71 
Author: ClientSysFWGit <clientsysfwgit@intel.com> 
Date: Wed Feb 18 15:35:32 2026 -0800 
-------------------------------------------------------------------------------- 
Update MRC Release Notes and increment MRC build revision to 0.0.120.1

[Feature Description]
Updating MrcVersion.h and ReleaseNotes.

Package/Module:OneSiliconPkg/MemoryInit

[Impacted Platform]
All

Registers impacted: None

Hsd-es-id: 14023142879
Original commit date: Tue Jan 13 08:59:58 2026 +0000
Original commit hash: ddc687a1b2572792d3edd2b5c73ab642bcf6f77b

-------------------------------------------------------------------------------- 
[Changed Files]
OneSiliconPkg/IpBlock/MemoryInit/src/IncludePrivate/Nvl/MrcVersion.h

================================================================================ 
Commit: 3df2a6ba17354acd46cf9ed62334e5320de74180 
Author: ClientSysFWGit <clientsysfwgit@intel.com> 
Date: Wed Feb 18 15:35:26 2026 -0800 
-------------------------------------------------------------------------------- 
EC Self Detection in EC AFP

[Feature Description]
Renamed EcPresent to EcDetected

Package/Module:
AFP

[Impacted Platform]
ALL

Hsd-es-id: 16029265066
Original commit date: Sun Jan 11 23:55:21 2026 +0530
Change-Id: Ibb8073696b74d7bada35bcf93d4b29bad7f60631
Original commit hash: a03832b31dd61f5489149ddd2f6954c763bf6b74

-------------------------------------------------------------------------------- 
[Changed Files]
Features/Ec/EcFeaturePkg/EcFeaturePkg.dec
Features/Ec/EcFeaturePkg/Library/BaseEcMiscLib/BaseEcMiscLib.c
Features/Ec/EcFeaturePkg/Library/BaseEcMiscLib/BaseEcMiscLib.inf
Features/Ec/EcFeaturePkg/Library/BaseEcTcssLib/BaseEcTcssLib.c
Features/Ec/EcFeaturePkg/Library/BaseEcTcssLib/BaseEcTcssLib.inf

================================================================================ 
Commit: 7ce9ebea3f97c885f848ba58c1c0a75bc52e9af3 
Author: ClientSysFWGit <clientsysfwgit@intel.com> 
Date: Wed Feb 18 15:35:23 2026 -0800 
-------------------------------------------------------------------------------- 
EC Self Detection in BoardPkg and PlatSamplePkg

[Feature Description]
Dynamically detect EC support
Optimized code
Removed Embedded flag
Reduced redundant code

Package/Module:
BoardPkg
PlatSamplePkg

[Impacted Platform]
ALL

Hsd-es-id: 16029265066
Original commit date: Tue Dec 16 14:53:58 2025 +0530
Change-Id: Ia9e2753ba43489edd17f5e3f90b25a30abe7bbce
Original commit hash: aa77799dce324da29ee45f540b11adddb48d7661

-------------------------------------------------------------------------------- 
[Changed Files]
NovaLakeBoardPkg/Acpi/AcpiTables/Dsdt/PlatformNvs.asl
NovaLakeBoardPkg/Acpi/AdvancedAcpiDxe/AcpiPlatform.c
NovaLakeBoardPkg/Acpi/AdvancedAcpiDxe/AdvancedAcpiDxe.inf
NovaLakeBoardPkg/BoardInitAdvanced/BoardInitAdvancedPei/BoardInitAdvancedPreMem.c
NovaLakeBoardPkg/BoardInitAdvanced/BoardInitAdvancedPei/BoardInitAdvancedPreMem.inf
NovaLakeBoardPkg/BoardInitAdvanced/BoardInitAdvancedSmm/BoardInitAdvancedSmm.c
NovaLakeBoardPkg/BoardInitAdvanced/BoardInitAdvancedSmm/BoardInitAdvancedSmm.inf
NovaLakeBoardPkg/BoardSupport/Library/PeiBoardConfigLib/PeiBoardConfigLib.c
NovaLakeBoardPkg/BoardSupport/Library/PeiBoardConfigLib/PeiBoardConfigLib.inf
NovaLakeBoardPkg/BoardSupport/Library/PeiPolicyBoardConfigLib/PeiCpuPolicyBoardConfigPreMem.c
NovaLakeBoardPkg/BoardSupport/Library/PeiPolicyBoardConfigLib/PeiPolicyBoardConfigLib.inf
NovaLakeBoardPkg/BoardSupport/Library/SiliconInitLib/SiliconInitLib.inf
NovaLakeBoardPkg/BoardSupport/Library/SiliconInitLib/SiliconInitPreMem.c
NovaLakeBoardPkg/BoardSupport/NovaLakePBoards/Library/BoardInitLib/Pei/PeiDetect.c
NovaLakeBoardPkg/BoardSupport/NovaLakePBoards/Library/BoardInitLib/Pei/PeiInitPostMemLib.c
NovaLakeBoardPkg/BoardSupport/NovaLakePBoards/Library/BoardInitLib/Pei/PeiInitPreMemLib.c
NovaLakeBoardPkg/BoardSupport/NovaLakePBoards/Library/BoardInitLib/Pei/PeiMultiBoardInitPostMemLib.inf
NovaLakeBoardPkg/BoardSupport/NovaLakePBoards/Library/BoardInitLib/Pei/PeiMultiBoardInitPreMemLib.inf
NovaLakeBoardPkg/BoardSupport/NovaLakeSBoards/Library/BoardInitLib/Pei/PeiDetect.c
NovaLakeBoardPkg/BoardSupport/NovaLakeSBoards/Library/BoardInitLib/Pei/PeiInitPostMemLib.c
NovaLakeBoardPkg/BoardSupport/NovaLakeSBoards/Library/BoardInitLib/Pei/PeiInitPreMemLib.c
NovaLakeBoardPkg/BoardSupport/NovaLakeSBoards/Library/BoardInitLib/Pei/PeiMultiBoardInitPostMemLib.inf
NovaLakeBoardPkg/BoardSupport/NovaLakeSBoards/Library/BoardInitLib/Pei/PeiMultiBoardInitPreMemLib.inf
NovaLakeBoardPkg/FeatureSupport/DptfPlatformData/Acpi/DptfPlatformData.asl
NovaLakeBoardPkg/Include/PlatformNvsAreaDef.h
NovaLakeBoardPkg/Library/DxeUpdatePlatformInfoLib/DxeUpdatePlatformInfoLib.c
NovaLakeBoardPkg/Library/DxeUpdatePlatformInfoLib/DxeUpdatePlatformInfoLib.inf
NovaLakeBoardPkg/NovaLakePBoards/Library/BoardInitLib/Dxe/DxeInitLib.c
NovaLakeBoardPkg/NovaLakePBoards/Library/BoardInitLib/Dxe/DxeMultiBoardInitlib.inf
NovaLakeBoardPkg/NovaLakeSBoards/Library/BoardInitLib/Dxe/DxeInitLib.c
NovaLakeBoardPkg/NovaLakeSBoards/Library/BoardInitLib/Dxe/DxeMultiBoardInitlib.inf
NovaLakePlatSamplePkg/Include/SetupVariable.h
NovaLakePlatSamplePkg/Library/PeiPolicyUpdateLib/PeiCpuPolicyUpdatePreMem.c
NovaLakePlatSamplePkg/Library/PeiPolicyUpdateLib/PeiPolicyUpdateLib.inf
NovaLakePlatSamplePkg/Library/PeiPolicyUpdateLib/PeiPolicyUpdateLibApi.inf
NovaLakePlatSamplePkg/Platform/PlatformSetup/Dxe/PlatformSetup.c
NovaLakePlatSamplePkg/Platform/PlatformSetup/Dxe/PlatformSetup.inf
NovaLakePlatSamplePkg/Setup/Advanced.vfr
NovaLakePlatSamplePkg/Setup/EcSetup.c
NovaLakePlatSamplePkg/Setup/HhmSetup.hfr
NovaLakePlatSamplePkg/Setup/PlatformSetup.hfr
NovaLakePlatSamplePkg/Setup/Setup.inf
NovaLakePlatSamplePkg/Setup/SioIT8659ESetup.c
NovaLakePlatSamplePkg/Setup/SioIT8659ESetup.hfr

================================================================================ 
Commit: 7e083fd4e3e014c146ee8de5899f2ce0eda1403e 
Author: ClientSysFWGit <clientsysfwgit@intel.com> 
Date: Wed Feb 18 15:35:20 2026 -0800 
-------------------------------------------------------------------------------- 
EC Self Detection in OneSiliconPkg

[Feature Description]
Renamed EnumEcPresent to EnumEcDetected
Renamed EcPresent to EcDetected

Package/Module:
OneSiliconPkg

[Impacted Platform]
ALL

Hsd-es-id: 16029265066
Original commit date: Tue Dec 16 14:47:22 2025 +0530
Change-Id: I2889d538670936220ca5ce26e093aaff9e20437f
Original commit hash: c48860cb0236a96eb0a134e1685732e3d53eeb03

-------------------------------------------------------------------------------- 
[Changed Files]
OneSiliconPkg/IpBlock/BiosGuard/Include/V22/BiosGuard.h
OneSiliconPkg/IpBlock/BiosGuard/LibraryPrivate/PeiBiosGuardLib/BiosGuardInit.c

================================================================================ 
Commit: c4ce062afb103f8100271d73b73ed82a1983c192 
Author: ClientSysFWGit <clientsysfwgit@intel.com> 
Date: Wed Feb 18 15:35:17 2026 -0800 
-------------------------------------------------------------------------------- 
EC Self Detection in DPTF AFP

[Feature Description]
Removed Embedded Flag

Package/Module:
AFP

[Impacted Platform]
ALL

Hsd-es-id: 16029265066
Original commit date: Tue Dec 16 14:45:03 2025 +0530
Change-Id: Ibc569d5bef1dd74f051ca2562195518113677972
Original commit hash: 3069205e84c966349aba615ec5726ada4e679da1

-------------------------------------------------------------------------------- 
[Changed Files]
Features/Thermal/DptfFeaturePkg/AcpiTables/Dptf.asl

================================================================================ 
Commit: 88eef7ed4cd60e10785e1c783208c702c9094a52 
Author: ClientSysFWGit <clientsysfwgit@intel.com> 
Date: Wed Feb 18 15:35:14 2026 -0800 
-------------------------------------------------------------------------------- 
EC Self Detection in Sio AFP

[Feature Description]
Renamed PcdEcPresent to PcdEcDetected

Package/Module:
AFP

[Impacted Platform]
ALL

Hsd-es-id: 16029265066
Original commit date: Tue Dec 16 14:43:44 2025 +0530
Change-Id: I67584e21efca489d2cce36c76dc40b2a1fe3e977
Original commit hash: 5fbc2f712f62fefdc599fdb420c70546474661c6

-------------------------------------------------------------------------------- 
[Changed Files]
Features/Sio/SioIT8659Pkg/Readme.md

================================================================================ 
Commit: 934168ad79968e5417eeea91de4a54f38973d3cc 
Author: ClientSysFWGit <clientsysfwgit@intel.com> 
Date: Wed Feb 18 15:35:09 2026 -0800 
-------------------------------------------------------------------------------- 
Update MRC Green Payload for MRC build revision 0.0.120.0

[Feature Description]
Updating MrcVersion.h and ReleaseNotes.

Package/Module:OneSiliconPkg/MemoryInit

[Impacted Platform]
All

Registers impacted: None

Hsd-es-id: 14023142879
Original commit date: Mon Jan 12 23:02:33 2026 -0800
Original commit hash: 8a8de117523b1d3846a60268dba664890407a0cb

-------------------------------------------------------------------------------- 
[Changed Files]
OneSiliconPkg/IpBlock/MemoryInit/src/UcManagement/Nvl/MrcUcPayloadData.c

================================================================================ 
Commit: 36fe56a6fa07282f506d9280debcb605c5d43076 
Author: ClientSysFWGit <clientsysfwgit@intel.com> 
Date: Wed Feb 18 15:35:06 2026 -0800 
-------------------------------------------------------------------------------- 
[U/H | DDR5 LP5] Program-N MRC drop 0.0.120.0

[Feature Description]
Update Program-N Platform BIOS with Program-N MRC drop 0.0.120.0

Package/Module: OneSiliconPkg/MemoryInit

[Impacted Platform]
All

Registers impacted: None

Hsd-es-id: 18044053905
Original commit date: Mon Dec 29 15:53:16 2025 +0100
Change-Id: Iacaa07f2e7fb19e8df8baa6e8ef8cd1a0a7d6ba3
Original commit hash: ba7161d25162f93758beb8d43fce96cdc94a4a17

-------------------------------------------------------------------------------- 
[Changed Files]
OneSiliconPkg/IpBlock/MemoryInit/Include/CMrcInterface.h
OneSiliconPkg/IpBlock/MemoryInit/Library/PeiDxeSmmMemAddrEncodeLib/MemAddrDecodeEncodeLib.inf
OneSiliconPkg/IpBlock/MemoryInit/Library/PeiDxeSmmMemAddrEncodeLib/decoder.h
OneSiliconPkg/IpBlock/MemoryInit/Library/PeiDxeSmmMemAddrEncodeLib/decoder_functions.c
OneSiliconPkg/IpBlock/MemoryInit/Library/PeiMemPolicyLib/InputBlock/Nvl/MrcInputBlock.c
OneSiliconPkg/IpBlock/MemoryInit/LibraryPrivate/MemoryInitNvl.c
OneSiliconPkg/IpBlock/MemoryInit/LibraryPrivate/MrcOemPlatform.c
OneSiliconPkg/IpBlock/MemoryInit/src/ApiLib/BlueMrcGeneral.c
OneSiliconPkg/IpBlock/MemoryInit/src/ApiLib/BlueMrcStartMemoryConfiguration.c
OneSiliconPkg/IpBlock/MemoryInit/src/ApiLib/IncludePublic/CBlueMrcCommonTypes.h
OneSiliconPkg/IpBlock/MemoryInit/src/ApiLib/IncludePublic/CGreenMrcCommonTypes.h
OneSiliconPkg/IpBlock/MemoryInit/src/ApiLib/MrcBlueGreenCommunication.h
OneSiliconPkg/IpBlock/MemoryInit/src/ApiLib/MrcDebugPrint.c
OneSiliconPkg/IpBlock/MemoryInit/src/ApiLib/MrcDebugPrint.h
OneSiliconPkg/IpBlock/MemoryInit/src/ApiLib/MrcSagv.c
OneSiliconPkg/IpBlock/MemoryInit/src/ApiLib/Nvl/MrcBlueCallTableNvl.c
OneSiliconPkg/IpBlock/MemoryInit/src/ApiLib/Nvl/MrcSaveRestore.c
OneSiliconPkg/IpBlock/MemoryInit/src/ChipLib/BlueMrcChipApi.c
OneSiliconPkg/IpBlock/MemoryInit/src/ChipLib/IncludePublic/MrcChipApi.h
OneSiliconPkg/IpBlock/MemoryInit/src/DdrIoLib/IncludePublic/MrcDdrIoApi.h
OneSiliconPkg/IpBlock/MemoryInit/src/DdrIoLib/IncludePublic/MrcDdrIoUtils.h
OneSiliconPkg/IpBlock/MemoryInit/src/DdrIoLib/MrcDdrIoApi.c
OneSiliconPkg/IpBlock/MemoryInit/src/DdrIoLib/MrcDdrIoWorkPointApi.c
OneSiliconPkg/IpBlock/MemoryInit/src/DdrIoLib/Nvl/BlueMrcDdrIoHalHashes.c
OneSiliconPkg/IpBlock/MemoryInit/src/DdrIoLib/Nvl/BlueMrcDdrIoHalLimits.c
OneSiliconPkg/IpBlock/MemoryInit/src/DdrIoLib/Nvl/BlueMrcDdrIoHalOffsets.c
OneSiliconPkg/IpBlock/MemoryInit/src/DdrIoLib/Nvl/MrcDdrIoApiNvl.c
OneSiliconPkg/IpBlock/MemoryInit/src/DdrIoLib/Nvl/MrcDdrIoNvl.h
OneSiliconPkg/IpBlock/MemoryInit/src/DdrIoLib/Nvl/MrcDdrIoWorkPointApiNvl.c
OneSiliconPkg/IpBlock/MemoryInit/src/HalLib/Nvl/BlueMrcHalRegisterAccess.c
OneSiliconPkg/IpBlock/MemoryInit/src/IncludePrivate/Nvl/MrcVersion.h
OneSiliconPkg/IpBlock/MemoryInit/src/IncludePublic/MrcPostCodes.h
OneSiliconPkg/IpBlock/MemoryInit/src/IncludePublic/Nvl/CMrcExtInputs.h
OneSiliconPkg/IpBlock/MemoryInit/src/IncludePublic/Nvl/MrcGenSaveRestoreRegCount.h
OneSiliconPkg/IpBlock/MemoryInit/src/IncludePublic/Nvl/MrcGlobalDefinitions.h
OneSiliconPkg/IpBlock/MemoryInit/src/McLib/IncludePublic/MrcMcApi.h
OneSiliconPkg/IpBlock/MemoryInit/src/McLib/MrcAddressDecodeConfiguration.c
OneSiliconPkg/IpBlock/MemoryInit/src/McLib/MrcMaintenance.c
OneSiliconPkg/IpBlock/MemoryInit/src/McLib/MrcMcApi.c
OneSiliconPkg/IpBlock/MemoryInit/src/McLib/MrcMcConfiguration.c
OneSiliconPkg/IpBlock/MemoryInit/src/McLib/MrcMcConfiguration.h
OneSiliconPkg/IpBlock/MemoryInit/src/McLib/MrcModeRegisterHandler.c
OneSiliconPkg/IpBlock/MemoryInit/src/McLib/MrcRefreshConfiguration.c
OneSiliconPkg/IpBlock/MemoryInit/src/McLib/MrcSchedulerParameters.c
OneSiliconPkg/IpBlock/MemoryInit/src/McLib/MrcTimingConfiguration.c
OneSiliconPkg/IpBlock/MemoryInit/src/McLib/Nvl/MrcMcApiNvl.c
OneSiliconPkg/IpBlock/MemoryInit/src/McLib/Nvl/MrcMcHalHashes.c
OneSiliconPkg/IpBlock/MemoryInit/src/McLib/Nvl/MrcMcHalLimits.c
OneSiliconPkg/IpBlock/MemoryInit/src/McLib/Nvl/MrcMcHalOffsets.c
OneSiliconPkg/IpBlock/MemoryInit/src/McLib/Nvl/MrcMcSiSpecificNvl.c
OneSiliconPkg/IpBlock/MemoryInit/src/MemoryTypes/MrcDdr5.c
OneSiliconPkg/IpBlock/MemoryInit/src/MemoryTypes/MrcDdr5.h
OneSiliconPkg/IpBlock/MemoryInit/src/MemoryTypes/MrcLpddr5.c
OneSiliconPkg/IpBlock/MemoryInit/src/MemoryTypes/MrcLpddr5.h
OneSiliconPkg/IpBlock/MemoryInit/src/MemoryTypes/MrcLpddrCommon.c
OneSiliconPkg/IpBlock/MemoryInit/src/MemoryTypes/MrcLpddrCommon.h
OneSiliconPkg/IpBlock/MemoryInit/src/MemoryTypes/MrcMemoryApi.c
OneSiliconPkg/IpBlock/MemoryInit/src/MemoryTypes/MrcMemoryApi.h
OneSiliconPkg/IpBlock/MemoryInit/src/MemoryTypes/Nvl/MrcDdr5Settings.c
OneSiliconPkg/IpBlock/MemoryInit/src/PmaLib/BluePmMessageApi.c
OneSiliconPkg/IpBlock/MemoryInit/src/PmaLib/IncludePublic/MrcPmaApi.h
OneSiliconPkg/IpBlock/MemoryInit/src/PmaLib/MrcPmaApi.c
OneSiliconPkg/IpBlock/MemoryInit/src/PmaLib/Nvl/BluePmMessageApiNvl.c
OneSiliconPkg/IpBlock/MemoryInit/src/PmaLib/Nvl/MrcPmaApiNvl.c
OneSiliconPkg/IpBlock/MemoryInit/src/ServicesLib/MrcCommandTraining.h
OneSiliconPkg/IpBlock/MemoryInit/src/ServicesLib/MrcCommon.c
OneSiliconPkg/IpBlock/MemoryInit/src/ServicesLib/MrcCommon.h
OneSiliconPkg/IpBlock/MemoryInit/src/ServicesLib/MrcTurnAround.c
OneSiliconPkg/IpBlock/MemoryInit/src/SpdProcessing/MrcSpdProcessing.c
OneSiliconPkg/IpBlock/MemoryInit/src/UcManagement/MrcUcManagement.c
OneSiliconPkg/IpBlock/MemoryInit/src/UcManagement/Nvl/MrcUcPayloadData.c
OneSiliconPkg/IpBlock/MemoryInit/src/WriteTraining/MrcWriteDqDqs.h

================================================================================ 
Commit: d4ad4ae4f5b89cf32b210f23099aeaa591b90c80 
Author: ClientSysFWGit <clientsysfwgit@intel.com> 
Date: Wed Feb 18 15:35:01 2026 -0800 
-------------------------------------------------------------------------------- 
LP5 Max Frequency update

[Feature Description]
Update LP5 DdrFreqLimit to 7467

Package/Module: BoardPkg

[Impacted Platform]
NVL-HX

Hsd-es-id: 18044053905
Original commit date: Tue Jan 6 20:00:26 2026 +0800
Change-Id: Ie96cb8f2133b0c5a0d8004b86b32e0f9d83f8072
Original commit hash: dc4787086d2c85e3278346ace3123bf6a1054b9e

-------------------------------------------------------------------------------- 
[Changed Files]
NovaLakeBoardPkg/NovaLakePBoards/BoardVpdPcdsInit/SkuIdNvlHxUPHLp5xT4MemSktRvp4.dsc

================================================================================ 
Commit: 1cf809287dfcdf568c973f08c9784f9e62474b6c 
Author: ClientSysFWGit <clientsysfwgit@intel.com> 
Date: Wed Feb 18 15:34:59 2026 -0800 
-------------------------------------------------------------------------------- 
Update BIOS Knobs for MC CR POR Value Updates

[Feature Description]
MRC needs to update POR values in MC.

Summary of changes:
mc_scheduler_ch_1.SCHED_THIRD_CBIT.disable_split_act = 0x0
mc_common.PM_OPP_SREF_IDLE_TIMER.Idle_timer = 0x640
mc_scheduler_ch_1.AUTO_PRE_CONTROL.AUTO_PRE_EN = 0x1 for LP5

Package/Module:
BoardPkg

[Impacted Platform]
ALL

Hsd-es-id: 18044053905
Original commit date: Wed Oct 22 23:38:58 2025 -0700
Change-Id: Ic7851b53fad218f467c69a10632c0954a9da288f
Original commit hash: 36df82554cefb58134641c747116eecf57b9bfbb

-------------------------------------------------------------------------------- 
[Changed Files]
NovaLakeBoardPkg/NovaLakePBoards/HiiPcdsInit/HiiStructurePcd.dsc
NovaLakeBoardPkg/NovaLakeSBoards/HiiPcdsInit/HiiStructurePcd.dsc

================================================================================ 
Commit: 18c5df8eec9c9a460b08cb8e2fffed3252875de3 
Author: ClientSysFWGit <clientsysfwgit@intel.com> 
Date: Wed Feb 18 15:34:56 2026 -0800 
-------------------------------------------------------------------------------- 
DDR_1DPC knob default setting to be enabled

[Feature Description]
BIOS knob setting changed to be enabled for 1DPC split ranks

Package/Module:

[Impacted Platform]
ALL

Hsd-es-id: 18044053905
Original commit date: Thu Sep 11 18:12:07 2025 -0700
Change-Id: I719878948c504b735ffbf7508cae61ce748a62bb
Original commit hash: 5b09f72c185bdfdd652448f9d05a5ea65ad38938

-------------------------------------------------------------------------------- 
[Changed Files]
NovaLakeBoardPkg/NovaLakePBoards/HiiPcdsInit/HiiStructurePcd.dsc
NovaLakeBoardPkg/NovaLakeSBoards/HiiPcdsInit/HiiStructurePcd.dsc

================================================================================ 
Commit: 4c3673b5405e0f63fdc58977da6738e8c38510ba 
Author: ClientSysFWGit <clientsysfwgit@intel.com> 
Date: Wed Feb 18 15:34:53 2026 -0800 
-------------------------------------------------------------------------------- 
Disable QCLK phase alignment margin

[Feature Description]
Disable QCLK phase alignment margin for now.
Will add it back once it's updated.

Package/Module: MemoryInit

[Impacted Platform]
NVL

Hsd-es-id: 22021977890
Original commit date: Tue Jan 6 17:00:23 2026 -0800
Change-Id: I1ddf41f37c60705e354b6d10e881995b9f963610
Original commit hash: 920c5a40629b4e61bf2b9396bc53f626de46bbf0

-------------------------------------------------------------------------------- 
[Changed Files]
NovaLakeBoardPkg/NovaLakePBoards/HiiPcdsInit/HiiStructurePcd.dsc
NovaLakeBoardPkg/NovaLakeSBoards/HiiPcdsInit/HiiStructurePcd.dsc
NovaLakeFspPkg/Upd/FspmUpd.dsc

================================================================================ 
Commit: 9ee31b91952b68af0eca4b9de31cf04cec0809ef 
Author: ClientSysFWGit <clientsysfwgit@intel.com> 
Date: Wed Feb 18 15:34:34 2026 -0800 
-------------------------------------------------------------------------------- 
"Nvl NovaLakeJenkins_Edk2Master_Daily Daily Updating Version/ID: NovaLake_3031_00

Hsd-es-id: N/A"
Original commit date: Tue Jan 13 00:04:17 2026 +0000
Original commit hash: bc6558929a87b59445556b6ec172db618ac41d72

-------------------------------------------------------------------------------- 
[Changed Files]
NovaLakeBoardPkg/BiosId.env
OneSiliconPkg/Product/NovaLake/SiPkgPcdInit.dsc

================================================================================ 
Commit: dc1dd6228ff42b9083e0f6b5c31b09a57ad388c0 
Author: ClientSysFWGit <clientsysfwgit@intel.com> 
Date: Wed Feb 18 15:34:27 2026 -0800 
-------------------------------------------------------------------------------- 
Set VpdPcdPchThermalHotEnable to TRUE

[Issue Description]
PchHotLevel was not matching with the PHLL Value because
VpdPcdPchThermalHotEnable was set to FALSE

[Resolution]
Change VpdPcdPchThermalHotEnable to TRUE in NVL-S DSC files.

Package/Module:
NovaLakeBoardPkg/NovaLakeSBoards

[Impacted Platform]
S

Hsd-es-id: 16029361368
Original commit date: Mon Dec 8 10:40:39 2025 -0800
Change-Id: Ice1103868c66941352f32c75d6faf705d790afd5
Original commit hash: 9cda08cf4bf34ad11d7c499e98f90e2ad0d80bf0

-------------------------------------------------------------------------------- 
[Changed Files]
NovaLakeBoardPkg/NovaLakeSBoards/BoardVpdPcdsInit/SkuIdNvlSHmp.dsc
NovaLakeBoardPkg/NovaLakeSBoards/BoardVpdPcdsInit/SkuIdNvlSHsioUDimm1DEvcrb.dsc
NovaLakeBoardPkg/NovaLakeSBoards/BoardVpdPcdsInit/SkuIdNvlSSimics.dsc
NovaLakeBoardPkg/NovaLakeSBoards/BoardVpdPcdsInit/SkuIdNvlSSoDimm1DEvcrb.dsc
NovaLakeBoardPkg/NovaLakeSBoards/BoardVpdPcdsInit/SkuIdNvlSUDimm1DCrb.dsc
NovaLakeBoardPkg/NovaLakeSBoards/BoardVpdPcdsInit/SkuIdNvlSUDimm1DEvPnp.dsc
NovaLakeBoardPkg/NovaLakeSBoards/BoardVpdPcdsInit/SkuIdNvlSUDimm1DOcEvcrb.dsc
NovaLakeBoardPkg/NovaLakeSBoards/BoardVpdPcdsInit/SkuIdNvlSUDimm2DEvcrb.dsc

================================================================================ 
Commit: 4e0e63f0c58041bfaabeeb8c50abc7a6c666a64a 
Author: ClientSysFWGit <clientsysfwgit@intel.com> 
Date: Wed Feb 18 15:34:20 2026 -0800 
-------------------------------------------------------------------------------- 
Enable LPSS UART Debug in Resiliency debug BIOS

[Issue Description]
Resiliency debug BIOS boots slowly

[Resolution]
Resiliency debug BIOS wraps release build FSP due
to size consideration. Remove silicon code
which binds to FixedAtBuild LPSS UART debug PCDs
only.
LpssUartDebugConfiguration() itself checks UPD and
then default PCD if UPD is not available.

Package/Module: OneSiliconPkg

[Impacted Platform]
All

Hsd-es-id: 16028798345
Original commit date: Thu Jan 8 15:58:48 2026 +0800
Change-Id: I3303c9f1ded4557df085da174904c35945669172
Original commit hash: 6b1b6b82d7ffd1df3118130a7c75093fd26fae29

-------------------------------------------------------------------------------- 
[Changed Files]
OneSiliconPkg/Product/NovaLake/LibraryPrivate/NvlSecLib/NvlSecLib.c
OneSiliconPkg/Product/NovaLake/LibraryPrivate/NvlSecLib/NvlSecLib.inf

================================================================================ 
Commit: b87ac6ad080ae2fe26a8794c026475b04beaeee4 
Author: ClientSysFWGit <clientsysfwgit@intel.com> 
Date: Wed Feb 18 15:34:15 2026 -0800 
-------------------------------------------------------------------------------- 
Fix FSPAPI debug BIOS mode assert caused by IOE I2c pin mux

[Issue Description] FSPAPI BIOS encounters an assertion failure
when operating in Debug ROM mode due to IOE I2C pin mux conflicts.

[Resolution]
IoeSerialIoI2cSdaPinMux and IoeSerialIoI2cSclPinMux have been
created to store IOE I2C pin mux configurations.

These dedicated parameters prevent pin mux conflicts that
were causing the assertion failure in debug mode.

Package/Module: FSPPKG

[Impacted Platform]
H

Hsd-es-id: 15018889195
Original commit date: Thu Jan 8 13:55:15 2026 +0800
Change-Id: I72b710afe673fbb6194f6ee54ecaa9e133ba855f
Original commit hash: e4252e44b9bc205eabe5fc59f97c8f17e34bb022

-------------------------------------------------------------------------------- 
[Changed Files]
NovaLakeFspPkg/Library/PeiPolicyUpdateLib/PeiPchPolicyUpdate.c
NovaLakeFspPkg/Upd/FspsUpd.dsc
NovaLakePlatSamplePkg/Library/PeiPolicyUpdateLib/PeiPchPolicyUpdate.c

================================================================================ 
Commit: 2d9b7b8e20622dd1df6567b3f929ee281a05a4c8 
Author: ClientSysFWGit <clientsysfwgit@intel.com> 
Date: Wed Feb 18 15:34:13 2026 -0800 
-------------------------------------------------------------------------------- 
Fix FSPAPI UART Pin Mux cause boot assert

[Issue Description]
FSPAPI BIOS encounters an assertion failure when using Debug ROM.
The debug output shows:
ASSERT NvlPcdGpioNativeLib.c(200): PinMux == 0

[Resolution]
Investigation revealed that SerialIoUartTxPinMuxPolicy[0] was being
overwritten in the UpdateLpssPchIoeConfig function with IOE GPIO
configuration.

To resolve this issue, IoeSerialIoUartTxPinMuxPolicy[] has been
added to the FSPS UPD structure.

IoeSerialIoUartTxPinMuxPolicy is now used exclusively for configuring
IOE GPIO, preventing the overwrite condition that caused the assertion.

Package/Module: FspPkg

[Impacted Platform]
H

Hsd-es-id: 15018881830
Original commit date: Thu Jan 8 12:35:22 2026 +0800
Change-Id: I9c603b460db29f3a086ae9cec1abb4342de0884b
Original commit hash: e505d44063b8ea8de4c70f2be141c54aa6456872

-------------------------------------------------------------------------------- 
[Changed Files]
NovaLakeFspPkg/Library/PeiPolicyUpdateLib/PeiPchPolicyUpdate.c
NovaLakeFspPkg/Upd/FspsUpd.dsc
NovaLakePlatSamplePkg/Library/PeiPolicyUpdateLib/PeiPchPolicyUpdate.c

================================================================================ 
Commit: 461eb5d1f3f236c0a4b1d5872199a01f87caffa9 
Author: ClientSysFWGit <clientsysfwgit@intel.com> 
Date: Wed Feb 18 15:34:10 2026 -0800 
-------------------------------------------------------------------------------- 
Lpss Uart Mmio Base address in Fsp fix

[Issue Description]
Observed that the Mmio address was wrongly programmed to 0xFE02C00

[Resolution]
Resolved by changing the Mmio Base address to 0xFE02C000

Package/Module:
FspPkg

[Impacted Platform]
H

Hsd-es-id: 14026660865
Original commit date: Tue Dec 23 22:36:33 2025 +0530
Change-Id: Id91abc0475dd1f978fd56ec680e23e822cb655a6
Original commit hash: e721691cbca6df67f84bfafc27159d6add4c90e2

-------------------------------------------------------------------------------- 
[Changed Files]
NovaLakeFspPkg/Upd/FsptUpd.dsc

================================================================================ 
Commit: bd4632fc8658ef0a1cd495c2355eb4aa39eed53f 
Author: ClientSysFWGit <clientsysfwgit@intel.com> 
Date: Wed Feb 18 15:33:49 2026 -0800 
-------------------------------------------------------------------------------- 
SyncScript: Revert override commits

This reverts commit cf92d62444c2651ab82b8ed03c802d95f86e978a.

Original commit date: Mon Jan 19 11:52:58 2026 +0530
Change-Id: I1a762f3e08db180d0ac4738a4d8e216a4130afe0
Original commit hash: ce8ade45b21f5d68ff089baaff4d2d381a6ba5df

-------------------------------------------------------------------------------- 
[Changed Files]
NovaLakeBoardPkg/BiosId.env
OneSiliconPkg/Product/NovaLake/SiPkgPcdInit.dsc

================================================================================ 
Commit: ea977bc4e3577d8a36d3d3de4f2539ae67426e18 
Author: ClientSysFWGit <clientsysfwgit@intel.com> 
Date: Wed Feb 18 15:33:46 2026 -0800 
-------------------------------------------------------------------------------- 
"Nvl NovaLakeJenkins_novalake_mobile_program_platform_Daily Daily Updating Version/ID: NovaLake_3030_20

Hsd-es-id: N/A"
Original commit date: Mon Jan 12 12:41:38 2026 +0000
Original commit hash: 2b0c000a06339df230116e3d1b63657c965ee783

-------------------------------------------------------------------------------- 
[Changed Files]
NovaLakeBoardPkg/BiosId.env
OneSiliconPkg/Product/NovaLake/SiPkgPcdInit.dsc

================================================================================ 
Commit: 43b6077c9eea467b77e0be87b4dabd148a4e70d3 
Author: ClientSysFWGit <clientsysfwgit@intel.com> 
Date: Wed Feb 18 15:33:41 2026 -0800 
-------------------------------------------------------------------------------- 
"Nvl NovaLakeJenkins_Edk2Master_Daily Daily Updating Version/ID: NovaLake_3030_01

Hsd-es-id: N/A"
Original commit date: Mon Jan 12 03:54:56 2026 +0000
Original commit hash: 7906902180e13716a2480a4472f2db7bee808a9c

-------------------------------------------------------------------------------- 
[Changed Files]
NovaLakeBoardPkg/BiosId.env
OneSiliconPkg/Product/NovaLake/SiPkgPcdInit.dsc

================================================================================ 
Commit: 5e7d0355c9ca429d28b0c49b43b3d42f10ac9d28 
Author: ClientSysFWGit <clientsysfwgit@intel.com> 
Date: Wed Feb 18 15:33:39 2026 -0800 
-------------------------------------------------------------------------------- 
FV Size optimization - Isolate VPDPCDs based on Board SKUs

[Feature Description]
BIOS must use build flags to isolate VPDPCDs
in BIOS source based on supported Board SKUs
in corresponding BIOS binaries.

Package/Module: BoardPkg

[Impacted Platform]
Default ALL.

Hsd-es-id: 16029352942
Original commit date: Tue Dec 23 09:59:32 2025 +0530
Change-Id: Ibd9cdcd655d7bcbee8ac2b2b4f513e8a8ae109e5
Original commit hash: 6b8f1ce3b1dfdf7c833d891b0f05773c5a940aaa

-------------------------------------------------------------------------------- 
[Changed Files]
NovaLakeBoardPkg/BoardPkg.dsc
NovaLakeBoardPkg/NovaLakePBoards/BoardVpdPcdsInit/BoardVpdPcdInit.dsc
NovaLakeBoardPkg/NovaLakeSBoards/BoardVpdPcdsInit/BoardVpdPcdInit.dsc

================================================================================ 
Commit: 344f0ee67372818ca328587952ae4a8572ca2bf4 
Author: ClientSysFWGit <clientsysfwgit@intel.com> 
Date: Wed Feb 18 15:33:34 2026 -0800 
-------------------------------------------------------------------------------- 
"IpSip17Pcie IpSip17Pcie_main_Daily Daily Updating Version/ID: SIP17PCIE.26030100

Hsd-es-id: N/A"
Original commit date: Mon Jan 12 02:05:41 2026 +0000
Original commit hash: b076c0ecc065ef61bcbf108ecd153234ae690e7b

-------------------------------------------------------------------------------- 
[Changed Files]
OneSiliconPkg/IpBlock/IpPcieSip17/IpPcieLib/IpPcieVersion.h

================================================================================ 
Commit: a38c488d5dbd10237555c1820051f65053702045 
Author: ClientSysFWGit <clientsysfwgit@intel.com> 
Date: Wed Feb 18 15:33:31 2026 -0800 
-------------------------------------------------------------------------------- 
FspMpServiceWrapper should return status.

[Issue Description]
Fsp MP service wrapper didn't return the correct status from the
called MP service function.

[Resolution]
Using XMM_SAVE_RETURN_STATUS and XMM_RESTORE_RETURN_STATUS macros to
retrieve the return status from the called MP service function.

Package/Module:
ClientFspPkg/FspInit/

[Impacted Platform]
ALL

Hsd-es-id: 15018754766
Original commit date: Mon Dec 1 11:09:02 2025 +0800
Change-Id: I0d92f26f14a7662f7b828884c0fcd96d2b034025
Original commit hash: d33c12e20c5dda8b2622fe3d3f4504371ec6271e

-------------------------------------------------------------------------------- 
[Changed Files]
ClientFspPkg/FspInit/Pei/X64/FspMpServiceWrapper.nasm

================================================================================ 
Commit: 3e395a4a308535b24f84d3d9cebe63276c997494 
Author: ClientSysFWGit <clientsysfwgit@intel.com> 
Date: Wed Feb 18 15:33:27 2026 -0800 
-------------------------------------------------------------------------------- 
"Nvl NovaLakeJenkins_Edk2Master_Daily Daily Updating Version/ID: NovaLake_3030_00

Hsd-es-id: N/A"
Original commit date: Mon Jan 12 00:07:11 2026 +0000
Original commit hash: 845206b5f66216031cb2d739963e81b16a2ff0a2

-------------------------------------------------------------------------------- 
[Changed Files]
NovaLakeBoardPkg/BiosId.env
OneSiliconPkg/Product/NovaLake/SiPkgPcdInit.dsc

================================================================================ 
Commit: d860c5744e7a9b0f723dc3233336b84562f78eca 
Author: ClientSysFWGit <clientsysfwgit@intel.com> 
Date: Wed Feb 18 15:33:18 2026 -0800 
-------------------------------------------------------------------------------- 
"Nvl NovaLakeJenkins_Edk2Master_Daily Daily Updating Version/ID: NovaLake_3026_00

Hsd-es-id: N/A"
Original commit date: Sun Jan 11 00:05:19 2026 +0000
Original commit hash: d80fb41b5267bef8347bc7cc2cd5c9b8a340e306

-------------------------------------------------------------------------------- 
[Changed Files]
NovaLakeBoardPkg/BiosId.env
OneSiliconPkg/Product/NovaLake/SiPkgPcdInit.dsc

================================================================================ 
Commit: 1b81d6099baeb1763675671a309f811f428e59c1 
Author: ClientSysFWGit <clientsysfwgit@intel.com> 
Date: Wed Feb 18 15:33:07 2026 -0800 
-------------------------------------------------------------------------------- 
PCH IOE FW version should be exposed in ACPI PHAT

[Feature Description]
Add strings for PCH IOE FW versions for CSME, SSE and PMC in PHAT

Package/Module:
Features/FirmwareGuard/TelemetryFeaturePkg
NovaLakeBoardPkg/FeatureSupport

[Impacted Platform]
All

Hsd-es-id: 16026958283
Original commit date: Fri Dec 19 13:01:29 2025 -0800
Change-Id: I3141cc9c77451ab1a1cd595fbccebcaa849e4198
Original commit hash: 5f0f9021ca6f09ac518e9c520e7bce67d8e54039

-------------------------------------------------------------------------------- 
[Changed Files]
Features/FirmwareGuard/TelemetryFeaturePkg/FirmwareVersion/SiFirmwareVersionDxe/SiFirmwareVersionDxe.c
Features/FirmwareGuard/TelemetryFeaturePkg/FirmwareVersion/SiFirmwareVersionDxe/SiFirmwareVersionDxe.h
Features/FirmwareGuard/TelemetryFeaturePkg/Include/Guid/ComponentId.h
Features/FirmwareGuard/TelemetryFeaturePkg/Library/DxeTelemetryFviLib/DxeTelemetryFviLib.c
Features/FirmwareGuard/TelemetryFeaturePkg/Library/DxeTelemetryFviLib/DxeTelemetryFviLib.inf
Features/FirmwareGuard/TelemetryFeaturePkg/TelemetryFeaturePkg.dec
NovaLakeBoardPkg/FeatureSupport/Telemetry/TelemetryFirmwareVersionHookLib.c
NovaLakeBoardPkg/FeatureSupport/Telemetry/TelemetryFirmwareVersionHookLib.inf

================================================================================ 
Commit: c1a5e177e667069b5b468e7d23ad8d5256512d9d 
Author: ClientSysFWGit <clientsysfwgit@intel.com> 
Date: Wed Feb 18 15:33:04 2026 -0800 
-------------------------------------------------------------------------------- 
"Nvl NovaLakeJenkins_Edk2Master_Daily Daily Updating Version/ID: NovaLake_3025_00

Hsd-es-id: N/A"
Original commit date: Sat Jan 10 00:04:31 2026 +0000
Original commit hash: 6b4ad2dc8266e7c1df7e82885ce874614640f8b7

-------------------------------------------------------------------------------- 
[Changed Files]
NovaLakeBoardPkg/BiosId.env
OneSiliconPkg/Product/NovaLake/SiPkgPcdInit.dsc

================================================================================ 
Commit: ca03c827457237f10ea2429496dd796a7f711f7f 
Author: ClientSysFWGit <clientsysfwgit@intel.com> 
Date: Wed Feb 18 15:33:00 2026 -0800 
-------------------------------------------------------------------------------- 
BIOS shall add the eUSB2 Secure Biometric support

[Feature Description]
BIOS shall add the eUSB2 (eUSB2V1),
Secure Biometric support.
Added entry to expose XHCI SDEV Entry for eUSB8

Package/Module: BoardPkg

[Impacted Platform]
All

Hsd-es-id: 16029548103
Original commit date: Fri Jan 9 13:43:36 2026 +0530
Change-Id: I75f01c2a7ee17ccde53cb5aca822a9a5f9523bfe
Original commit hash: 1687c0b83f50e6e06967f4222a6e3efdf84d30a8

-------------------------------------------------------------------------------- 
[Changed Files]
NovaLakeBoardPkg/Acpi/AcpiTables/Dsdt/Dsdt.asl

================================================================================ 
Commit: 5e3807376dca4a9e1d12bc4a025f628ef0bf0db0 
Author: ClientSysFWGit <clientsysfwgit@intel.com> 
Date: Wed Feb 18 15:32:55 2026 -0800 
-------------------------------------------------------------------------------- 
MemHomeId for CCF/IDIB/MEM_SW

[Feature Description]
MemHomeId for CCF/IDIB/MEM_SW

Package/Module:
MemorySubSystem

[Impacted Platform]
NEW

Hsd-es-id: 16029112953
Original commit date: Thu Nov 13 23:47:13 2025 +0530
Change-Id: I21d9fcd9638d2636c96a8b5cdcd3fce676335df2
Original commit hash: 590e64db011416b69eb102c39674850515fdf1e5

-------------------------------------------------------------------------------- 
[Changed Files]
OneSiliconPkg/CsiIpBlock/IpIGpu/Include/IpIGpuDefines.h
OneSiliconPkg/CsiIpBlock/IpIGpu/IpIGpuLib/IpIGpuLib.c
OneSiliconPkg/Fru/NvlCpu/LibraryPrivate/PeiCpuInitFruLib/PeiCpuInitFruLib.c
OneSiliconPkg/Fru/NvlCpu/LibraryPrivate/PeiCpuInitFruLib/PeiCpuInitFruLib.inf
OneSiliconPkg/Fru/NvlHDie/LibraryPrivate/PeiHostBridgeInitFruLib/PeiHostBridgeInitFruLib.c
OneSiliconPkg/IncludePrivate/Library/PeiCpuInitFruLib.h
OneSiliconPkg/IncludePrivate/Register/HostBridgeRegs.h
OneSiliconPkg/IncludePrivate/Register/Nvl/HostBridge/HostBridgeSafBar.h
OneSiliconPkg/IpBlock/HostBridge/IncludePrivate/Library/PeiHostBridgeInitLib.h
OneSiliconPkg/IpBlock/MemorySubSystem/LibraryPrivate/MemorySubSystemInitLib/MemorySubSystemInitLib.c

================================================================================ 
Commit: 467fd359495c74a45fa8445b81053ad03ea33309 
Author: ClientSysFWGit <clientsysfwgit@intel.com> 
Date: Wed Feb 18 15:32:49 2026 -0800 
-------------------------------------------------------------------------------- 
Update MRC Release Notes and increment MRC build revision to 0.0.118.6

[Feature Description]
Updating MrcVersion.h and ReleaseNotes.

Package/Module:OneSiliconPkg/MemoryInit

[Impacted Platform]
All

Registers impacted: None

Hsd-es-id: 14023142879
Original commit date: Fri Jan 9 12:39:49 2026 +0000
Original commit hash: e1108c8d9804de3189464d775857e1009b63bce8

-------------------------------------------------------------------------------- 
[Changed Files]
OneSiliconPkg/IpBlock/MemoryInit/src/IncludePrivate/Nvl/MrcVersion.h

================================================================================ 
Commit: 3f7dc98f62938998f7c2f40636b9e939d48acfe3 
Author: ClientSysFWGit <clientsysfwgit@intel.com> 
Date: Wed Feb 18 15:32:42 2026 -0800 
-------------------------------------------------------------------------------- 
Duplicated DIMM information in the SA configuration

[Issue Description]
Logical channel to physical channel conversion error

[Resolution]
Controller index should use it as channel index

Package/Module:

OneSiliconPkg/IpBlock/MemoryInit/
DunlowPlatSamplePkg/Setup

[Impacted Platform]
Dunlow, Novolake

Hsd-es-id: 16029421711
Original commit date: Fri Dec 12 01:07:04 2025 +0530
Change-Id: Ifb65cc061499c331b35a41bab905fb15de6cb4c3
Original commit hash: a1cd95322e37757604f56f013fb9719b4fb6d4da

-------------------------------------------------------------------------------- 
[Changed Files]
OneSiliconPkg/Include/MemInfoHob.h
OneSiliconPkg/IpBlock/MemoryInit/LibraryPrivate/MemoryInitNvl.c

================================================================================ 
Commit: af8c1218c1b20b88061b42d59810456dd6919f9a 
Author: ClientSysFWGit <clientsysfwgit@intel.com> 
Date: Wed Feb 18 15:32:33 2026 -0800 
-------------------------------------------------------------------------------- 
Board Support for RVP6 USB

[Feature Description]
Board Support for RVP6 USB

Package/Module: BoardPkg

[Impacted Platform]
Default ALL

Hsd-es-id: 16029517373
Original commit date: Wed Dec 24 15:30:46 2025 +0530
Change-Id: I0279ada95e08cba36138b2266f020ccc6cecb101
Original commit hash: 6cef468b359089edcfdc48ca4790b3151b2ed866

-------------------------------------------------------------------------------- 
[Changed Files]
NovaLakeBoardPkg/NovaLakePBoards/BoardVpdPcdsInit/SkuIdNvlUphUlLp5xCammT3Rvp6.dsc

================================================================================ 
Commit: b04defd21978478fc6e9e879cad4b28a95650360 
Author: ClientSysFWGit <clientsysfwgit@intel.com> 
Date: Wed Feb 18 15:32:31 2026 -0800 
-------------------------------------------------------------------------------- 
LPSS UART PCH changes

[Feature Description]
PCH UART support was added
Uart console Redirection support was added

Package/Module:
OneSiliconPkg
ClientFspPkg
PlatSamplePkg
OpenBoardPkg
FspPkg

[Impacted Platform]
All.

Hsd-es-id: 16029561801
Original commit date: Mon Dec 22 03:01:22 2025 +0530
Change-Id: I76264f2954e566d40ff358dd84453b7d046003ea
Original commit hash: adf44c45238300244e5e05e7ad2d9bc17fe0872d

-------------------------------------------------------------------------------- 
[Changed Files]
ClientFspPkg/Library/FspSerialIoUartDebugHelperLib/FspSerialIoUartDebugHelperLib.c
ClientFspPkg/Library/FspSerialIoUartDebugHelperLib/FspSerialIoUartDebugHelperLib.inf
NovaLakeBoardPkg/BoardPkgPcdUpdate.dsc
NovaLakeBoardPkg/NovaLakeSBoards/HiiPcdsInit/HiiStructurePcd.dsc
NovaLakeFspPkg/FspPkgPcdUpdate.dsc
NovaLakeFspPkg/NovaLakeFspPkg.dsc
NovaLakeFspPkg/Upd/FspmUpd.dsc
NovaLakeFspPkg/Upd/FsptUpd.dsc
NovaLakeOpenBoardPkg/Include/Library/UartDebugPropertyPcdLib.h
NovaLakeOpenBoardPkg/Library/BaseUartDebugPropertyPcdLib/BaseUartDebugPropertyPcdLib.c
NovaLakeOpenBoardPkg/Library/BaseUartDebugPropertyPcdLib/BaseUartDebugPropertyPcdLib.inf
NovaLakePlatSamplePkg/Library/PeiPlatformStatusCodeHandlerLib/PeiPlatformStatusCodeHandlerLib.c
NovaLakePlatSamplePkg/Library/RuntimeDxePlatformStatusCodeHandlerLib/RuntimeDxePlatformStatusCodeHandlerLib.c
NovaLakePlatSamplePkg/Library/SmmPlatformStatusCodeHandlerLib/SmmPlatformStatusCodeHandlerLib.c
NovaLakePlatSamplePkg/Setup/DebugSetup.hfr
NovaLakePlatSamplePkg/Setup/PchSetup.hfr
NovaLakePlatSamplePkg/Setup/PchSetup.uni
OneSiliconPkg/Fru/NvlPcd/CommonLib.dsc
OneSiliconPkg/Fru/NvlPcd/Library/LpssControllerInfoLib/NvlPcdLpssControllerInfoLib.c
OneSiliconPkg/Fru/NvlPcd/Library/LpssControllerInfoLib/NvlPcdLpssControllerInfoLib.inf
OneSiliconPkg/Fru/NvlPcd/LibraryPrivate/NvlPcdLpssUartAddressLib/NvlPcdLpssUartAddressLib.c
OneSiliconPkg/Fru/NvlPcd/LibraryPrivate/NvlPcdLpssUartAddressLib/NvlPcdLpssUartAddressLib.inf
OneSiliconPkg/Fru/NvlPcd/LibraryPrivate/SecLpssInitLib/SecLpssUartInitLib.c
OneSiliconPkg/Fru/NvlPch/CommonLib.dsc
OneSiliconPkg/Fru/NvlPch/Include/Library/NvlPchSecLib.h
OneSiliconPkg/Fru/NvlPch/Library/LpssControllerInfoLib/NvlPchLpssControllerInfoLib.c
OneSiliconPkg/Fru/NvlPch/Library/LpssControllerInfoLib/NvlPchLpssControllerInfoLib.inf
OneSiliconPkg/Fru/NvlPch/Library/NvlPchSecLib/NvlPchSecLib.c
OneSiliconPkg/Fru/NvlPch/Library/NvlPchSecLib/NvlPchSecLib.inf
OneSiliconPkg/Fru/NvlPch/LibraryPrivate/NvlPchLpssGpioAccessLib/NvlPchSecLpssGpioAccessLib.c
OneSiliconPkg/Fru/NvlPch/LibraryPrivate/NvlPchLpssUartAddressLib/NvlPchLpssUartAddressLib.c
OneSiliconPkg/Fru/NvlPch/LibraryPrivate/NvlPchLpssUartAddressLib/NvlPchLpssUartAddressLib.inf
OneSiliconPkg/Fru/NvlPch/LibraryPrivate/PeiNvlPchInitLib/NvlPchHobs.c
OneSiliconPkg/Fru/NvlPch/LibraryPrivate/SecLpssInitLib/NvlPchSecLpssInitLib.inf
OneSiliconPkg/Fru/NvlPch/LibraryPrivate/SecLpssInitLib/NvlPchSecLpssUartInitLib.c
OneSiliconPkg/Fru/NvlPch/PeiLib.dsc
OneSiliconPkg/Include/LpssUartAddressLib.h
OneSiliconPkg/IncludePrivate/Nvl/Pcd/Library/NvlPcdLpssUartAddressLib.h
OneSiliconPkg/IncludePrivate/Nvl/Pch/Library/NvlPchLpssUartAddressLib.h
OneSiliconPkg/IncludePrivate/Nvl/Pch/Library/NvlPchSecLpssGpioAccessLib.h
OneSiliconPkg/IpBlock/LpssUart/Include/Library/LpssUartLib.h
OneSiliconPkg/IpBlock/LpssUart/Library/LpssUartLib/LpssUartLib.c
OneSiliconPkg/IpBlock/LpssUart/Library/LpssUartLib/LpssUartLib.inf
OneSiliconPkg/Library/SecFspSiliconLib/SecFspSiliconLib.c
OneSiliconPkg/Product/NovaLake/Library/LpssUartAddressLib/LpssUartAddressLib.c
OneSiliconPkg/Product/NovaLake/Library/LpssUartAddressLib/LpssUartAddressLib.inf
OneSiliconPkg/Product/NovaLake/LibraryPrivate/NvlSecLib/NvlSecLib.c

================================================================================ 
Commit: 23947a224b60311062f558fc0e36ddf6ebfcca4d 
Author: ClientSysFWGit <clientsysfwgit@intel.com> 
Date: Wed Feb 18 15:32:16 2026 -0800 
-------------------------------------------------------------------------------- 
Update MRC Release Notes and increment MRC build revision to 0.0.118.5

[Feature Description]
Updating MrcVersion.h and ReleaseNotes.

Package/Module:OneSiliconPkg/MemoryInit

[Impacted Platform]
All

Registers impacted: None

Hsd-es-id: 14023142879
Original commit date: Fri Jan 9 01:35:07 2026 +0000
Original commit hash: 5502921a480a8e8569c0d1fb9e1ce58a9437155c

-------------------------------------------------------------------------------- 
[Changed Files]
OneSiliconPkg/IpBlock/MemoryInit/src/IncludePrivate/Nvl/MrcVersion.h
OneSiliconPkg/IpBlock/MemoryInit/src/UcManagement/Nvl/MrcUcPayloadData.c

================================================================================ 
Commit: cd7c5c504f6dd22d8410b00a9e938e4339f0970b 
Author: ClientSysFWGit <clientsysfwgit@intel.com> 
Date: Wed Feb 18 15:32:14 2026 -0800 
-------------------------------------------------------------------------------- 
Porting Extend HX changes to P,U,H

[Feature Description]
Add IsDdrIoUlxUlt for code under IsDdrIoHx

[Impacted Platform]
P,U,H

Hsd-es-id: 22021970735
Original commit date: Thu Jan 8 15:24:35 2026 -0800
Change-Id: Iddfcd8ef75a779c9899919f5be1f479d4e580a7c
Original commit hash: e74aa2e1bf2498f56c2fd1b8df632edb50a2396b

-------------------------------------------------------------------------------- 
[Changed Files]
OneSiliconPkg/IpBlock/MemoryInit/src/ApiLib/Nvl/MrcSagvConfig.c
OneSiliconPkg/IpBlock/MemoryInit/src/DdrIoLib/Nvl/MrcDdrIoApiNvl.c
OneSiliconPkg/IpBlock/MemoryInit/src/DdrIoLib/Nvl/MrcDdrIoWorkPointApiNvl.c
OneSiliconPkg/IpBlock/MemoryInit/src/McLib/Nvl/MrcMcApiNvl.c
OneSiliconPkg/IpBlock/MemoryInit/src/MemoryTypes/Nvl/MrcDdr5Settings.c

================================================================================ 
Commit: 5417ebad0d521513191a6946800d1aca6ace0ed1 
Author: ClientSysFWGit <clientsysfwgit@intel.com> 
Date: Wed Feb 18 15:32:11 2026 -0800 
-------------------------------------------------------------------------------- 
"Nvl NovaLakeJenkins_Edk2Master_Daily Daily Updating Version/ID: NovaLake_3024_00

Hsd-es-id: N/A"
Original commit date: Fri Jan 9 00:04:17 2026 +0000
Original commit hash: cbc3ee4a9936597ad93c388c6349fefe0cc09cc9

-------------------------------------------------------------------------------- 
[Changed Files]
NovaLakeBoardPkg/BiosId.env
OneSiliconPkg/Product/NovaLake/SiPkgPcdInit.dsc

================================================================================ 
Commit: 97cbe7adab4fc2bd4d1a7fc6b223da17e2d0163f 
Author: ClientSysFWGit <clientsysfwgit@intel.com> 
Date: Wed Feb 18 15:32:00 2026 -0800 
-------------------------------------------------------------------------------- 
NVL DT LGA Package information shows that Not Implemented Yet

[Issue Description]
BIOS not exposing Package Information.

[Resolution]
Changed the Package info to get the value from GetSocketTypeString API.

Package/Module: NvlPlatSmplPkg

[Impacted Platform]
ALL

Hsd-es-id: 15018796047
Original commit date: Wed Jan 7 13:53:23 2026 +0530
Change-Id: I0f33bc515102fd639172374348c6edd7f021f84b
Original commit hash: 2cbdf0ff1d1e08d37d34bd5c45cc0bcfbc4ce5da

-------------------------------------------------------------------------------- 
[Changed Files]
NovaLakePlatSamplePkg/Setup/CpuSetup.c

================================================================================ 
Commit: 6c089696c75632ed501074b380f2af236972ae2e 
Author: ClientSysFWGit <clientsysfwgit@intel.com> 
Date: Wed Feb 18 15:31:56 2026 -0800 
-------------------------------------------------------------------------------- 
Remove SCI from CODEC_INT_N GPIO PCD for all Rvps

[Feature Description]
Remove SCI from CODEC_INT_N GPIO PCD for all Rvps
as per the requirement.

Package/Module:

[Impacted Platform]
Default ALL

Hsd-es-id: 16029556542
Original commit date: Thu Jan 8 16:47:20 2026 +0530
Change-Id: I31e74f3db95d734e465d385107296a9c496cba14
Original commit hash: 36d6d5d93f25e990f9b21f00f3f038014cf144ba

-------------------------------------------------------------------------------- 
[Changed Files]
NovaLakeBoardPkg/NovaLakePBoards/BoardVpdPcdsInit/SkuIdNvlDdr5SODimm1DpcT3Rvp1.dsc
NovaLakeBoardPkg/NovaLakePBoards/BoardVpdPcdsInit/SkuIdNvlHxDdr5SODimm2DpcT3dTBTRvp2.dsc
NovaLakeBoardPkg/NovaLakePBoards/BoardVpdPcdsInit/SkuIdNvlHxLp5xCammT3Rvp3.dsc
NovaLakeBoardPkg/NovaLakePBoards/BoardVpdPcdsInit/SkuIdNvlHxUPHLp5xT4MemSktRvp4.dsc
NovaLakeBoardPkg/NovaLakePBoards/BoardVpdPcdsInit/SkuIdNvlUphUlLp5xCammT3Rvp6.dsc
NovaLakeBoardPkg/NovaLakePBoards/BoardVpdPcdsInit/SkuIdNvlUphUlLp5xT3MemSktRvp5.dsc

================================================================================ 
Commit: 52f8df221decf6d13f4a41cce6a650089bec30eb 
Author: ClientSysFWGit <clientsysfwgit@intel.com> 
Date: Wed Feb 18 15:31:53 2026 -0800 
-------------------------------------------------------------------------------- 
Change SPI TPM GPP_F16 GpioV2IntSci to GpioV2IntApic

[Feature Description]
Change SPI TPM GPP_F16 GpioV2IntSci to GpioV2IntApic

Package/Module: BoardPkg

[Impacted Platform]
All

Hsd-es-id: 15018817413
Original commit date: Mon Dec 29 15:26:13 2025 +0530
Change-Id: Iac4e96f18b9bed5e4fbedf8dc51b5c7c320c6c2b
Original commit hash: b2a618cc4872ab758b38f9d8cc9a4699db81dd4c

-------------------------------------------------------------------------------- 
[Changed Files]
NovaLakeBoardPkg/NovaLakePBoards/BoardVpdPcdsInit/SkuIdNvlDdr5SODimm1DpcT3Rvp1.dsc
NovaLakeBoardPkg/NovaLakePBoards/BoardVpdPcdsInit/SkuIdNvlHxDdr5SODimm2DpcT3dTBTRvp2.dsc
NovaLakeBoardPkg/NovaLakePBoards/BoardVpdPcdsInit/SkuIdNvlHxLp5xCammT3Rvp3.dsc
NovaLakeBoardPkg/NovaLakePBoards/BoardVpdPcdsInit/SkuIdNvlHxUPHLp5xT4MemSktRvp4.dsc
NovaLakeBoardPkg/NovaLakePBoards/BoardVpdPcdsInit/SkuIdNvlUphUlLp5xT3MemSktRvp5.dsc

================================================================================ 
Commit: 4266f094c250f12e7fc19277ad6700432e637594 
Author: ClientSysFWGit <clientsysfwgit@intel.com> 
Date: Wed Feb 18 15:31:43 2026 -0800 
-------------------------------------------------------------------------------- 
I2c Board support for RVP6

[Feature Description]
I2c Board support for RVP6

Package/Module: BoardPkg

[Impacted Platform]
ALL

Hsd-es-id: 16029552370
Original commit date: Wed Jan 7 10:29:14 2026 +0530
Change-Id: Ied5837b23cc4f406131816ed4aae701535cfdb4e
Original commit hash: 2f82e149159e85d5116977fc5d1ca12bb53530fc

-------------------------------------------------------------------------------- 
[Changed Files]
NovaLakeBoardPkg/NovaLakePBoards/BoardVpdPcdsInit/SkuIdNvlUphUlLp5xCammT3Rvp6.dsc

================================================================================ 
Commit: f1a55c45268ba4b57c18c1a7d6a9f98cd52a93ba 
Author: ClientSysFWGit <clientsysfwgit@intel.com> 
Date: Wed Feb 18 15:31:41 2026 -0800 
-------------------------------------------------------------------------------- 
RTD3 support for rvp6

[Feature Description]
RTD3 support for rvp6

Package/Module: BoardPkg

[Impacted Platform]
ALL

Hsd-es-id: 16029517419
Original commit date: Wed Dec 24 15:48:40 2025 +0530
Change-Id: Ia5a24741e637eeb6b1542d5373ab5b864392b527
Original commit hash: 2a8fb07f9c0b72633de3bf439c6157fadda6f53d

-------------------------------------------------------------------------------- 
[Changed Files]
NovaLakeBoardPkg/NovaLakePBoards/BoardVpdPcdsInit/SkuIdNvlUphUlLp5xCammT3Rvp6.dsc

================================================================================ 
Commit: d197c1e96ca137638da076314b214c74f1d708bd 
Author: ClientSysFWGit <clientsysfwgit@intel.com> 
Date: Wed Feb 18 15:31:33 2026 -0800 
-------------------------------------------------------------------------------- 
Bios clean up

[Feature Description]
Clean the undefined tags

Package/Module:
ClientFspPkg/Include
OneSiliconPkg/Include
OneSiliconPkg/IncludePrivate
OneSiliconPkg/Library
OneSiliconPkg/IpBlock
OneSiliconPkg/Pch

[Impacted Platform]
All

Hsd-es-id: 16029290093
Original commit date: Wed Nov 26 19:17:05 2025 +0530
Change-Id: I8bdd4aed3cb4e248e7c4a514e01a54f3bc263f3e
Original commit hash: a0fb173b43f51b94a78d4303eb09b7424f7f1567

-------------------------------------------------------------------------------- 
[Changed Files]
OneSiliconPkg/CsiIpBlock/IpSncu/Include/IpSncu.h
OneSiliconPkg/CsiIpBlock/IpSncu/IpSncuLib/IpSncuLib.c
OneSiliconPkg/Include/Register/GpioV2ChipsetId.h
OneSiliconPkg/Pch/Include/Library/PchInfoDefs.h

================================================================================ 
Commit: 539a805a167658f2c77e21dded0fba90ec811b02 
Author: ClientSysFWGit <clientsysfwgit@intel.com> 
Date: Wed Feb 18 15:31:31 2026 -0800 
-------------------------------------------------------------------------------- 
UFS implementation needed by detecting Hx

[Feature Description]
MPHY UFS implementation needed by detecting Hx

Package/Module: OneSiliconPkg

[Impacted Platform]
ALL

Hsd-es-id: 16029291608
Original commit date: Fri Dec 5 09:24:14 2025 +0530
Change-Id: I3ae0f1a3188773734ed426bcdc50f0cb49f9f390
Original commit hash: 18d7dc2c43f7281aac7bd2243591c94c559ee6de

-------------------------------------------------------------------------------- 
[Changed Files]
OneSiliconPkg/Fru/NvlPcd/LibraryPrivate/NvlPcdPeiInitLib/NvlPcdScs.c
OneSiliconPkg/IpBlock/Scs/IncludePrivate/ScsUfsController.h
OneSiliconPkg/IpBlock/Scs/LibraryPrivate/PeiScsLib/PeiScsUfs.c

================================================================================ 
Commit: 6463a1c0639351b29b8e5cdd915cf2cd5f4a158b 
Author: ClientSysFWGit <clientsysfwgit@intel.com> 
Date: Wed Feb 18 15:31:29 2026 -0800 
-------------------------------------------------------------------------------- 
Remove redundant items from Fivr config blocks/upds/setup

[Feature Description]
Remove redundant items from Fivr config blocks/upds/setup

Package/Module:
FspPkg
PlatSamplePkg
OneSiliconPkg

[Impacted Platform]
ALL.

Hsd-es-id: 15018825652
Original commit date: Mon Dec 29 15:02:48 2025 +0800
Change-Id: I757d0e0f1b415fb6b8d471d78ba9c63398cea1c8
Original commit hash: 7979baeeed0f9838914464c5085245aec9324ab7

-------------------------------------------------------------------------------- 
[Changed Files]
NovaLakeFspPkg/Upd/FspsUpd.dsc
NovaLakePlatSamplePkg/Include/SetupVariable.h
OneSiliconPkg/Fru/NvlPch/LibraryPrivate/NvlPchPolicyLib/NvlPchPrintPolicy.c
OneSiliconPkg/Include/ConfigBlock/Fivr/FivrConfig.h

================================================================================ 
Commit: 218c4beaa8950914b575edaa545e9d6f4f3fd7b0 
Author: ClientSysFWGit <clientsysfwgit@intel.com> 
Date: Wed Feb 18 15:31:20 2026 -0800 
-------------------------------------------------------------------------------- 
Update MRC Release Notes and increment MRC build revision to 0.0.118.4

[Feature Description]
Updating MrcVersion.h and ReleaseNotes.

Package/Module:OneSiliconPkg/MemoryInit

[Impacted Platform]
All

Registers impacted: None

Hsd-es-id: 14023142879
Original commit date: Thu Jan 8 04:50:52 2026 +0000
Original commit hash: 9c858b467dce2f344a7197ea6c47eedfbbd4dae7

-------------------------------------------------------------------------------- 
[Changed Files]
OneSiliconPkg/IpBlock/MemoryInit/src/IncludePrivate/Nvl/MrcVersion.h

================================================================================ 
Commit: 3d58593b84355b92690ad678f421470bded8e6f6 
Author: ClientSysFWGit <clientsysfwgit@intel.com> 
Date: Wed Feb 18 15:31:18 2026 -0800 
-------------------------------------------------------------------------------- 
Replace duplicate debug strings with macros

[Feature Description]
Replace duplicate debug strings with macros,
remove some redundant debug strings to reduce binary size.

Package/Module:
OneSiliconPkg

[Impacted Platform]
NovaLake

Hsd-es-id: 15018733046
Original commit date: Thu Dec 18 00:44:35 2025 +0800
Change-Id: I6a5215513341632d9157162a0764b3d972a6b6e4
Original commit hash: e45dad91cbb0f78931cd38e740bff66bf68ddf45

-------------------------------------------------------------------------------- 
[Changed Files]
NovaLakeFspPkg/NovaLakeFspPkg.dsc
OneSiliconPkg/CsiIpBlock/IpDmi/IpDmiLib/IpDmiLib.c
OneSiliconPkg/Fru/NvlHDie/HostBridge/Library/PeiDxeSmmHostBridgeInfoFruLib/HostBridgeInfoFruLib.c
OneSiliconPkg/Fru/NvlHDie/Library/NguInfoLib/NguInfoLib.c
OneSiliconPkg/Fru/NvlHDie/LibraryPrivate/PeiMemoryMapPrintLib/PeiMemoryMapPrintLib.c
OneSiliconPkg/Fru/NvlHDie/Vmd/LibraryPrivate/PeiVmdInitFruLib/PeiVmdInitFruLib.c
OneSiliconPkg/Fru/NvlPcd/Library/NvlPcdInfoLib/NvlPcdInfoLib.c
OneSiliconPkg/Fru/NvlPcd/Library/NvlPcdPolicyLib/PeiNvlPcdPreMemPolicyLib.c
OneSiliconPkg/Fru/NvlPcd/LibraryPrivate/NvlPcdHdaLib/NvlPcdAceLib.c
OneSiliconPkg/Fru/NvlPcd/LibraryPrivate/NvlPcdPeiInitLib/NvlPcdDci.c
OneSiliconPkg/Fru/NvlPcd/LibraryPrivate/NvlPcdPeiTraceHubLib/PeiTraceHubSocLib.c
OneSiliconPkg/Fru/NvlPcd/LibraryPrivate/NvlPcdThcLib/ThcSocLib.c
OneSiliconPkg/Fru/NvlPcd/SocInit/Dxe/PchHdaAcpi.c
OneSiliconPkg/Fru/NvlPch/Dxe/PchAcpi.c
OneSiliconPkg/Fru/NvlPch/Dxe/PchHdaAcpi.c
OneSiliconPkg/Fru/NvlPch/LibraryPrivate/NvlPchPolicyLib/NvlPeiPchPolicyLib.c
OneSiliconPkg/Fru/NvlPch/LibraryPrivate/NvlPchPolicyLib/NvlPeiPchPreMemPolicyLib.c
OneSiliconPkg/Fru/NvlPch/LibraryPrivate/NvlPchPsfLib/NvlPchPsfLib.c
OneSiliconPkg/Fru/NvlPch/LibraryPrivate/NvlPchThcLib/NvlPchThcLib.c
OneSiliconPkg/Fru/NvlPch/LibraryPrivate/PeiNvlPchInitLib/NvlPchAceInit.c
OneSiliconPkg/Fru/NvlPch/LibraryPrivate/PeiNvlPchInitLib/NvlPchDci.c
OneSiliconPkg/Fru/NvlPch/LibraryPrivate/PeiThcPolicyLib/PeiThcPolicyLibNvl.c
OneSiliconPkg/Fru/NvlPch/LibraryPrivate/PeiTraceHubPchLib/PeiTraceHubPchLib.c
OneSiliconPkg/IpBlock/Amt/Library/DxeAmtPolicyLib/DxeAmtPolicyLib.c
OneSiliconPkg/IpBlock/BootGuard/LibraryPrivate/PeiBootGuardPolicyLib/PeiBootGuardPolicy.c
OneSiliconPkg/IpBlock/CpuInit/LibraryPrivate/PeiCpuInitLib/CpuInitPostMem.c
OneSiliconPkg/IpBlock/CpuInit/LibraryPrivate/PeiCpuInitPolicyLib/PeiCpuInitPolicyLibPostMem.c
OneSiliconPkg/IpBlock/CpuInit/LibraryPrivate/PeiCpuInitPolicyLib/PeiCpuInitPolicyLibPreMem.c
OneSiliconPkg/IpBlock/CpuPowerManagement/LibraryPrivate/PeiCpuPowerManagementLib/IdleStates.c
OneSiliconPkg/IpBlock/CpuPowerManagement/LibraryPrivate/PeiCpuPowerManagementLib/MiscFunctions.c
OneSiliconPkg/IpBlock/CpuPowerManagement/LibraryPrivate/PeiCpuPowerManagementLib/PerformanceStates.c
OneSiliconPkg/IpBlock/CpuPowerManagement/LibraryPrivate/PeiCpuPowerManagementLib/PowerLimits.c
OneSiliconPkg/IpBlock/CpuPowerManagement/LibraryPrivate/PeiCpuPowerManagementLib/PowerMgmtPreResetCpl.c
OneSiliconPkg/IpBlock/CpuPowerManagement/LibraryPrivate/PeiCpuPowerManagementLib/Thermal.c
OneSiliconPkg/IpBlock/CpuPowerManagement/LibraryPrivate/PeiCpuPowerManagementPolicyLib/CpuPowerManagementPolicyLib.c
OneSiliconPkg/IpBlock/Dmi/LibraryPrivate/PeiDmiInitLib/PeiDmiInitLib.c
OneSiliconPkg/IpBlock/Dmi/LibraryPrivate/PeiDmiPolicyLib/PeiDmiPolicyLib.c
OneSiliconPkg/IpBlock/DomainIGpu/LibraryPrivate/IGpuDxeInit/IGpuDxeInitLib.c
OneSiliconPkg/IpBlock/DomainIGpu/LibraryPrivate/IGpuDxeOpRegionInitLib/IGpuDxeOpRegionInit.c
OneSiliconPkg/IpBlock/DomainIGpu/LibraryPrivate/IGpuDxePolicyLib/IGpuDxePolicyLib.c
OneSiliconPkg/IpBlock/Fia/LibraryPrivate/PeiFiaPolicyLib/PeiFiaPolicyLib.c
OneSiliconPkg/IpBlock/Gpio/LibraryPrivate/DxeGpioPolicyLib/DxeGpioPolicyLib.c
OneSiliconPkg/IpBlock/Hda/LibraryPrivate/DxeHdaPolicyLib/DxeHdaPolicyLib.c
OneSiliconPkg/IpBlock/Hda/LibraryPrivate/PeiAceInitLib/PeiAceInitLib.c
OneSiliconPkg/IpBlock/Hsio/LibraryPrivate/PeiHsioPolicyLib/PeiHsioPolicyLib.c
OneSiliconPkg/IpBlock/Ieh/LibraryPrivate/PeiEahPolicyLib/PeiEahPolicyLib.c
OneSiliconPkg/IpBlock/Ish/LibraryPrivate/PeiIshPolicyLib/PeiIshPreMemPolicyLib.c
OneSiliconPkg/IpBlock/LpssI2c/LibraryPrivate/PeiDxeSmmLpssI2cPrivateLib/LpssI2cPrivateLib.c
OneSiliconPkg/IpBlock/Me/Asf/Dxe/AsfDxe.c
OneSiliconPkg/IpBlock/Me/Heci/HeciAccess/Pei/HeciAccessPei.c
OneSiliconPkg/IpBlock/Me/Heci/HeciControl/Library/HeciControlCoreLib/HeciControlCoreLib.c
OneSiliconPkg/IpBlock/Me/Heci/HeciControl/Pei/HeciControlPei.c
OneSiliconPkg/IpBlock/Me/Heci/HeciTransport/DxeSmm/HeciTransportDxeSmm.c
OneSiliconPkg/IpBlock/Me/Heci/HeciTransport/Pei/HeciTransportPei.c
OneSiliconPkg/IpBlock/Me/HwAsset/Dxe/HwAssetDxe.c
OneSiliconPkg/IpBlock/Me/Library/PeiMeLib/HeciMsgPeiLib.c
OneSiliconPkg/IpBlock/Me/Library/PeiMePolicyLib/PeiMePolicyLib.c
OneSiliconPkg/IpBlock/Me/LibraryPrivate/PeiDxeHeciInitLib/HeciCore.c
OneSiliconPkg/IpBlock/Me/LibraryPrivate/PeiMeInitLib/HeciInitPreMem.c
OneSiliconPkg/IpBlock/MemoryInit/Library/PeiMemPolicyLib/PeiMemPolicyLib.c
OneSiliconPkg/IpBlock/MemoryInit/LibraryPrivate/MemoryInitNvl.c
OneSiliconPkg/IpBlock/MemoryInit/LibraryPrivate/MrcOemPlatform.c
OneSiliconPkg/IpBlock/Overclocking/LibraryPrivate/PeiOcInitLib/PeiOcInitLib.c
OneSiliconPkg/IpBlock/Overclocking/LibraryPrivate/PeiOcLib/PeiOcLib.c
OneSiliconPkg/IpBlock/PchDmi/LibraryPrivate/PeiPchDmiPolicyLib/PeiPchDmiPolicyLib.c
OneSiliconPkg/IpBlock/PchDmi/LibraryPrivate/PeiPchDmiPolicyLib/PeiPchDmiPreMemPolicyLib.c
OneSiliconPkg/IpBlock/PcieRp/LibraryPrivate/PcieRpPolicyLib/PcieRpPolicyLib.c
OneSiliconPkg/IpBlock/PcieRp/LibraryPrivate/PcieRpPolicyLib/PcieRpPreMemPolicyLib.c
OneSiliconPkg/IpBlock/PcieRp/LibraryPrivate/PeiPcieSipInitLib/PeiPcieSipInitLib.c
OneSiliconPkg/IpBlock/Pmc/LibraryPrivate/PeiDxeSmmPmcPrivateLib/PmcPrivateLib.c
OneSiliconPkg/IpBlock/Psmi/LibraryPrivate/PeiPsmiInitLib/PeiPsmiInitLib.c
OneSiliconPkg/IpBlock/Sata/LibraryPrivate/PeiSataLib/PeiSataLib.c
OneSiliconPkg/IpBlock/Sata/LibraryPrivate/PeiSataPolicyLib/PeiSataPolicyLib.c
OneSiliconPkg/IpBlock/Smbus/LibraryPrivate/PeiSmbusLib/PeiSmbusLib.c
OneSiliconPkg/IpBlock/Smbus/SmbDriver/SmbusDxe.c
OneSiliconPkg/IpBlock/Smbus/SmbDriver/SmbusSmm.c
OneSiliconPkg/IpBlock/Spi/LibraryPrivate/PeiSpiDmaLib/PeiSpiDma.c
OneSiliconPkg/IpBlock/Tbt/Library/DxeITbtPolicyLib/DxeITbtPolicyLib.c
OneSiliconPkg/IpBlock/Tbt/Library/PeiDxeSmmTbtCommonLib/TbtCommonLib.c
OneSiliconPkg/IpBlock/Tdx/LibraryPrivate/PeiTdxLib/PeiTdxLib.c
OneSiliconPkg/IpBlock/Tdx/LibraryPrivate/PeiTdxPolicyLib/PeiTdxPolicyLibPreMem.c
OneSiliconPkg/IpBlock/Telemetry/LibraryPrivate/PeiDxeTelemetryPrivateLib/PeiDxeTelemetryPrivateLib.c
OneSiliconPkg/IpBlock/Thc/QuickI2cDriver/QuickI2c.c
OneSiliconPkg/IpBlock/Thc/QuickSpiDriver/QuickSpi.c
OneSiliconPkg/IpBlock/Tme/LibraryPrivate/PeiTmePolicyLib/PeiTmePolicyLibPreMem.c
OneSiliconPkg/IpBlock/Tse/LibraryPrivate/PeiTsePolicyLib/PeiTsePolicyLibPreMem.c
OneSiliconPkg/IpBlock/Tse/TseDxe/TseDxe.c
OneSiliconPkg/IpBlock/Txt/LibraryPrivate/PeiTxtPolicyLib/PeiTxtPolicyLibPreMem.c
OneSiliconPkg/IpBlock/Usb/LibraryPrivate/PeiUsbDeviceControllerInitLib/UsbDeviceControllerInit.c
OneSiliconPkg/IpBlock/Vmd/LibraryPrivate/PeiVmdInitLib/PeiVmdInit.c
OneSiliconPkg/IpBlock/VoltageRegulator/LibraryPrivate/PeiVrLib/PeiVrLib.c
OneSiliconPkg/IpBlock/Wdt/Dxe/WdtDxe.c
OneSiliconPkg/Library/PeiDxeSmmCpuPlatformLib/CpuPlatformLibrary.c
OneSiliconPkg/LibraryPrivate/DxeSiFviInitLib/DxeSiFvi.c
OneSiliconPkg/LibraryPrivate/PeiDxeSmmCpuCommonLib/CpuCommonLib.c
OneSiliconPkg/LibraryPrivate/PeiSiFviInitLib/PeiSiFvi.c
OneSiliconPkg/Product/NovaLake/EarlyDevices/EarlyDevices.c
OneSiliconPkg/Product/NovaLake/EarlyDevices/EarlyDevices.inf
OneSiliconPkg/Product/NovaLake/EarlyDevices/EarlyDevicesFsp.inf
OneSiliconPkg/Product/NovaLake/Library/CycleDecodingLib/CycleDecodingLibNvl.c
OneSiliconPkg/Product/NovaLake/Library/PeiSiPolicyLib/PeiPchPolicyLib.c
OneSiliconPkg/Product/NovaLake/Library/PeiSiPolicyLib/PeiSiPolicyLib.c
OneSiliconPkg/Product/NovaLake/SiInit/Pei/SiInitPreMem.c

================================================================================ 
Commit: d49a7bd4f1e50414d3e5b319d31125907b7c6778 
Author: ClientSysFWGit <clientsysfwgit@intel.com> 
Date: Wed Feb 18 15:31:13 2026 -0800 
-------------------------------------------------------------------------------- 
"Nvl NovaLakeJenkins_Edk2Master_Daily Daily Updating Version/ID: NovaLake_3023_00

Hsd-es-id: N/A"
Original commit date: Thu Jan 8 00:05:51 2026 +0000
Original commit hash: 006713cceb98b618288561ae5484d54db67c0b12

-------------------------------------------------------------------------------- 
[Changed Files]
NovaLakeBoardPkg/BiosId.env
OneSiliconPkg/Product/NovaLake/SiPkgPcdInit.dsc

================================================================================ 
Commit: 481a7bed1ca70a302457230ef4717e861cf786a5 
Author: ClientSysFWGit <clientsysfwgit@intel.com> 
Date: Wed Feb 18 15:30:39 2026 -0800 
-------------------------------------------------------------------------------- 
Recovering vPro TBT Dock MAPT MAC Address after CSME FW Recovery

[Issue Description]
When ME region is re-flashed after MAPT MAC address is set,
CSME loses the MAPT MAC address and BIOS does not set it again.
This could be due to resiliency flow where CSME FW is recovered
or due to a special manufacturing flow.
As a result, the CSME loses the MAPT functionality.

[Resolution]
Add sending MAPT MAC configuration on each reset, except warm reset.

Package/Module:
Features/Manageability/AmtMacPassThroughFeaturePkg/

[Impacted Platform]
ALL

Hsd-es-id: 18044005200
Original commit date: Wed Nov 19 15:47:51 2025 +0100
Change-Id: Ida2b2fb7053582e060039f227a351df3d77fb42e
Original commit hash: 8c4055e98b0029a88f8d2faba22a8ba396b79243

-------------------------------------------------------------------------------- 
[Changed Files]
Features/Manageability/AmtMacPassThroughFeaturePkg/AmtMacPassThrough/AmtMacPassThrough.c
Features/Manageability/AmtMacPassThroughFeaturePkg/AmtMacPassThrough/AmtMacPassThrough.inf
Features/Manageability/AmtMacPassThroughFeaturePkg/Readme.md

================================================================================ 
Commit: 42961c461261fc3865daf0c5b03611c295929b0f 
Author: ClientSysFWGit <clientsysfwgit@intel.com> 
Date: Wed Feb 18 15:30:30 2026 -0800 
-------------------------------------------------------------------------------- 
"IpSip17Pcie IpSip17Pcie_main_Daily Daily Updating Version/ID: SIP17PCIE.26020302

Hsd-es-id: N/A"
Original commit date: Wed Jan 7 10:15:22 2026 +0000
Original commit hash: 1721958552583314348580094a5acd673f3e3e64

-------------------------------------------------------------------------------- 
[Changed Files]
OneSiliconPkg/IpBlock/IpPcieSip17/IpPcieLib/IpPcieVersion.h

================================================================================ 
Commit: 28cd6ac7dcd110f6387e32346e6b376967cb5bc1 
Author: ClientSysFWGit <clientsysfwgit@intel.com> 
Date: Wed Feb 18 15:30:21 2026 -0800 
-------------------------------------------------------------------------------- 
"IpSip17Pcie IpSip17Pcie_main_Daily Daily Updating Version/ID: SIP17PCIE.26020301

Hsd-es-id: N/A"
Original commit date: Wed Jan 7 09:58:10 2026 +0000
Original commit hash: 21af1c014bb1ceab80cf1b86fa9561b2d6253a7c

-------------------------------------------------------------------------------- 
[Changed Files]
OneSiliconPkg/IpBlock/IpPcieSip17/IpPcieLib/IpPcieVersion.h

================================================================================ 
Commit: ca4f0bc71406eb5682d435c1db69450d2d83355b 
Author: ClientSysFWGit <clientsysfwgit@intel.com> 
Date: Wed Feb 18 15:30:16 2026 -0800 
-------------------------------------------------------------------------------- 
"IpSip17Pcie IpSip17Pcie_main_Daily Daily Updating Version/ID: SIP17PCIE.26020300

Hsd-es-id: N/A"
Original commit date: Wed Jan 7 09:48:00 2026 +0000
Original commit hash: 6ee172b0aa28a331dce3922fa5c3d97d29959b28

-------------------------------------------------------------------------------- 
[Changed Files]
OneSiliconPkg/IpBlock/IpPcieSip17/IpPcieLib/IpPcieVersion.h

================================================================================ 
Commit: 0f05713fe195a320d65344795695cd60ccb3952e 
Author: ClientSysFWGit <clientsysfwgit@intel.com> 
Date: Wed Feb 18 15:30:11 2026 -0800 
-------------------------------------------------------------------------------- 
[Do not review] Test PR for IPSD testing

[Issue Description] or [Feature Description]
Choose either [Issue Description] or [Feature Description]
General information on the change; what and why
Please try to use full sentences, proper spelling and grammar

[Resolution]
If this commit is an issue/bug resolution, this field is required and
should describe generally how was this fixed
If this commit is a feature, this section should be removed

Package/Module:

[Impacted Platform]
Default ALL, Y, U, S, H, etc.

Hsd-es-id: <HSD-ES bug/ise id>
Original commit date: Mon Dec 1 20:48:35 2025 +0530
Change-Id: I9795b6351f49e9fe01c7d4cd5211f67d4a75695d
Original commit hash: 74f53fcc5a11a33eaff0b0d87e5bffddd6aae95d

-------------------------------------------------------------------------------- 
[Changed Files]
OneSiliconPkg/CsiIpBlock/IpHbo/IpHboLib/IpHboLib.c
OneSiliconPkg/CsiIpBlock/IpIGpu/IpIGpuLib/IpIGpuLib.c
OneSiliconPkg/CsiIpBlock/IpSncu/IpSncuLib/IpSncuLib.c
OneSiliconPkg/CsiIpBlock/S3dMemMap/S3dMemMapLib/S3dMemMapLib.c
OneSiliconPkg/IpBlock/IpPcieSip17/IpPcieLib/IpPcie.c

================================================================================ 
Commit: 872bac5e13d52d247921bda5d3f3cf54fb62e95a 
Author: ClientSysFWGit <clientsysfwgit@intel.com> 
Date: Wed Feb 18 15:30:06 2026 -0800 
-------------------------------------------------------------------------------- 
L2 & L3 cache value is not matching with SMBIOSVIEW

[Issue Description]
The L2 and L3 cache values reported in the SMBIOS Type 7 structure do not match the values observed in the SMBIOSVIEW -t 7 EFI log and the System scope tool log.

[Resolution]
To resolve this issue, the code responsible for populating the SMBIOS Type 7 structure needs to be reviewed and updated.

Package/Module: 1SPkg

[Impacted Platform]
ALL

Hsd-es-id: 16029420181
Original commit date: Wed Dec 17 11:25:23 2025 +0530
Change-Id: If511a57f4f3dda0bb02abd952b4759124c3dc95f
Original commit hash: 442121ca4ba001da08764cbdbe4d70400a3e42fd

-------------------------------------------------------------------------------- 
[Changed Files]
OneSiliconPkg/IpBlock/CpuInit/LibraryPrivate/PeiSmbiosCpuLib/SmbiosType7.c

================================================================================ 
Commit: e4db9c38995c1001eed33bec0283b19021dfd7df 
Author: ClientSysFWGit <clientsysfwgit@intel.com> 
Date: Wed Feb 18 15:29:57 2026 -0800 
-------------------------------------------------------------------------------- 
xDCI support under USB configuration in BIOS

[Issue Description]
BSOD (ACPI_BIOS_Error) After Enabling xDCI Support under USB Configuration in BIOS.

[Resolution]
Add DVID check so even if it is enabled in BIOS and disabled
in IFWI we will not hit BSOD

Package/Module:
BoardPkg, OneSilicon

[Impacted Platform]
H

Hsd-es-id: 16029183872
Original commit date: Tue Jan 6 10:29:56 2026 +0530
Change-Id: I76ebcb9edaa5738380578bc5a28ba503374be301
Original commit hash: a599330ac150dd1bf042733d29f4a1b0e6c9ec6b

-------------------------------------------------------------------------------- 
[Changed Files]
NovaLakeBoardPkg/Acpi/AdvancedAcpiDxe/AcpiPlatform.c
OneSiliconPkg/Fru/NvlPcd/AcpiTables/Dsdt/NvlPcdXdci.asl
OneSiliconPkg/Fru/NvlPch/AcpiTables/Dsdt/NvlPchXdci.asl
OneSiliconPkg/IpBlock/Usb/AcpiTables/Xdci.asl

================================================================================ 
Commit: 35903639d4a92cb6473f70b29d9d59f3785af5e2 
Author: ClientSysFWGit <clientsysfwgit@intel.com> 
Date: Wed Feb 18 15:29:52 2026 -0800 
-------------------------------------------------------------------------------- 
Fix Default Browser Action for Txt Knob

[Issue Description]
Intel TXT knob is getting reverted to Disabled from Enabled (Default knob status)
after doing load BIOS Defaults from BIOS

[Resolution]
Set Txt Knob value to Enabled from Disabled as Default state
is enabled

Package/Module: PlatSamplePkg

[Impacted Platform]
New

Hsd-es-id: 16029476935
Original commit date: Tue Jan 6 00:02:54 2026 -0800
Change-Id: I4a7b2fd1ceacdd312b548328b62ff5157dbfda29
Original commit hash: a69b25d09b270b5326872bace1750ae58322a266

-------------------------------------------------------------------------------- 
[Changed Files]
NovaLakePlatSamplePkg/Setup/CpuSetup.c

================================================================================ 
Commit: e51fbefdb835821b05b87fd543e122bac8149575 
Author: ClientSysFWGit <clientsysfwgit@intel.com> 
Date: Wed Feb 18 15:29:47 2026 -0800 
-------------------------------------------------------------------------------- 
Optimize the _DSM method when retrieving data from PPM

[Feature Description]
Optimize the _DSM method to use the efficiency way to retrieve data
from PPM to OPM

Package/Module:
UcsiFeaturePkg

[Impacted Platform]
ALL

Hsd-es-id: 15018783858
Original commit date: Tue Dec 16 11:20:11 2025 +0800
Change-Id: Ic9a11700a9edb7464ecbe4b38e2389fec700d6c9
Original commit hash: a2e19c87a11c30ca4eadf1e74746469b924eb2ea

-------------------------------------------------------------------------------- 
[Changed Files]
Features/UcsiFeaturePkg/AcpiTables/Ucsi.asl

================================================================================ 
Commit: d7edcd9d1bf2e6e5f960d84440cdbdcb69490015 
Author: ClientSysFWGit <clientsysfwgit@intel.com> 
Date: Wed Feb 18 15:29:34 2026 -0800 
-------------------------------------------------------------------------------- 
Board Porting support for RVP6 GPIO

[Feature Description]
Board Porting support for RVP6 GPIO

Package/Module: BoardPkg

[Impacted Platform]
All

Hsd-es-id: 16029517311
Original commit date: Wed Dec 24 16:14:30 2025 +0530
Change-Id: I8f3ae757f6a78dbc3f12ff48efc82627a2171ab0
Original commit hash: ec419a5c35c076d785d9a623f807167d482b5656

-------------------------------------------------------------------------------- 
[Changed Files]
NovaLakeBoardPkg/NovaLakePBoards/BoardVpdPcdsInit/SkuIdNvlUphUlLp5xCammT3Rvp6.dsc

================================================================================ 
Commit: 9e4e967228207c3c62d9f6969e255f0e10edc76d 
Author: ClientSysFWGit <clientsysfwgit@intel.com> 
Date: Wed Feb 18 15:29:12 2026 -0800 
-------------------------------------------------------------------------------- 
Fixed DSM function of OS power mode notification

[Issue Description]
The DSM of OS power mode notification is not working.

[Resolution]
.Let BIOS only propagate the information from OS to Soc.
.Need to extract power mode from Arg3
.Correct the DSM function's return behavior.

Package/Module:
OneSiliconPkg

[Impacted Platform]
Default ALL

Hsd-es-id: 15018818054
Original commit date: Tue Dec 23 16:05:25 2025 +0800
Change-Id: Ib117603c6e121c6a7b9b0ef14bd4e88d6185e6f7
Original commit hash: 12424d0cd321249cb7941f91c18533ca4b30c675

-------------------------------------------------------------------------------- 
[Changed Files]
OneSiliconPkg/Include/CpuPowerMgmt.h
OneSiliconPkg/IpBlock/CpuPowerManagement/AcpiTables/Dsdt/OsPowerModeMethod.asl

================================================================================ 
Commit: 16fdfd699ac7d52d6b4076f34106e14d121ae3e3 
Author: ClientSysFWGit <clientsysfwgit@intel.com> 
Date: Wed Feb 18 15:29:07 2026 -0800 
-------------------------------------------------------------------------------- 
"Nvl NovaLakeJenkins_Edk2Master_Daily Daily Updating Version/ID: NovaLake_3022_00

Hsd-es-id: N/A"
Original commit date: Wed Jan 7 00:06:29 2026 +0000
Original commit hash: b219c741dd002f917baa228f9c71d161d473d575

-------------------------------------------------------------------------------- 
[Changed Files]
NovaLakeBoardPkg/BiosId.env
OneSiliconPkg/Product/NovaLake/SiPkgPcdInit.dsc

================================================================================ 
Commit: f652b9b9c22c1de555e0c7b44ca005e0e1b381de 
Author: ClientSysFWGit <clientsysfwgit@intel.com> 
Date: Wed Feb 18 15:28:49 2026 -0800 
-------------------------------------------------------------------------------- 
[AEP] Default BIOS setup options

[Feature Description]
Default BIOS setup options for primary display
and scan matrix keyboard

Package/Module:
BoardPkg

[Impacted Platform]
AEP

Hsd-es-id: 16029491146
Original commit date: Mon Dec 22 14:25:16 2025 +0530
Change-Id: I159ca3afb98d23881c19f744928794bc901cec5d
Original commit hash: abc7b1b379541422097ab1577d067a97633a25f3

-------------------------------------------------------------------------------- 
[Changed Files]
NovaLakeBoardPkg/NovaLakePBoards/BoardVpdPcdsInit/SkuIdNvlHxLp5xCammAep.dsc

================================================================================ 
Commit: 0687fd3f7031bf0a004eb2ae293a41f3aca9325c 
Author: ClientSysFWGit <clientsysfwgit@intel.com> 
Date: Wed Feb 18 15:28:45 2026 -0800 
-------------------------------------------------------------------------------- 
Revert "Reorder firmware volumes by size to support SPI DMA pipelining."

[Issue Description]
Bios version,board information and platform name is
not showing in bios main page.

[Resolution]
Revert feature to reorder firmware volumes by size to support
SPI DMA pipelining

Package/Module:
NovaLakeBoardPkg,BoardSupport,Library,PeiReportFvLib

[Impacted Platform]
Novalake

Hsd-es-id: 16029536274
Original commit date: Tue Jan 6 10:22:09 2026 +0530
Change-Id: If1967bd5259683062dd8c4358c26f77f728818ee
Original commit hash: 5a315add3ae7e52c3ea975f133e317651dcc9db1

-------------------------------------------------------------------------------- 
[Changed Files]
Features/FirmwareGuard/CapsulePkg/Fmp/DxeFmpDeviceLibGbe/DxeFmpDeviceLibGbe.inf
NovaLakeBoardPkg/BoardPkgPcdUpdate.dsc
NovaLakeBoardPkg/BoardSupport/Library/PeiReportFvLib/PeiReportFvLib.c

================================================================================ 
Commit: 9e9a055cddbc246b54e87ac84da4b585b7b6e1aa 
Author: ClientSysFWGit <clientsysfwgit@intel.com> 
Date: Wed Feb 18 15:28:40 2026 -0800 
-------------------------------------------------------------------------------- 
Revert "Fix to update MRC UPD policies for SPD data"

[Issue Description]
S4 not waking when we press power button stuck at post code DD1B

[Resolution]
Revert Fix to update MRC UPD policies for SPD data

Package/Module:PlatSamplePkg

[Impacted Platform]
NVL-ax NVL-hx

Hsd-es-id: 15018868865
Original commit date: Mon Jan 5 18:38:55 2026 +0530
Change-Id: I01cd07f0292e7defed4a35bfd3c8fbeca35298d6
Original commit hash: aa0890dbc48a42c4a14d0d8daf308a1f80ba5d6e

-------------------------------------------------------------------------------- 
[Changed Files]
NovaLakePlatSamplePkg/Library/PeiPolicyUpdateLib/PeiSaPolicyUpdatePreMem.c

================================================================================ 
Commit: 54fef97d2eebebb5427a14f0c0b8e50f29e6a4a2 
Author: ClientSysFWGit <clientsysfwgit@intel.com> 
Date: Wed Feb 18 15:28:35 2026 -0800 
-------------------------------------------------------------------------------- 
Board support for RVP6 Connectivity

[Feature Description]
Board support for RVP6 Connectivity

Package/Module: BoardPkg

[Impacted Platform]
ALL

Hsd-es-id: 16029517391
Original commit date: Wed Dec 24 14:01:44 2025 +0530
Change-Id: I7086d04923dfff1f733244faa221d7ec4b8d9212
Original commit hash: 8f0fa87bbeac95eab232d82353eb7688fae93ea3

-------------------------------------------------------------------------------- 
[Changed Files]
NovaLakeBoardPkg/NovaLakePBoards/BoardVpdPcdsInit/SkuIdNvlUphUlLp5xCammT3Rvp6.dsc

================================================================================ 
Commit: a3bf94ecd9b73a84899c5602f13d2456e0914dd9 
Author: ClientSysFWGit <clientsysfwgit@intel.com> 
Date: Wed Feb 18 15:28:13 2026 -0800 
-------------------------------------------------------------------------------- 
"IpHbo IpHbo_main_Daily Daily Updating Version/ID: HBO.26020100

Hsd-es-id: N/A"
Original commit date: Mon Jan 5 17:34:51 2026 -0800
Original commit hash: c4db28b0117fb2e488ea8b79cfe5e6a77f758828

-------------------------------------------------------------------------------- 
[Changed Files]
OneSiliconPkg/CsiIpBlock/IpHbo/IpHboLib/IpHboVersion.h

================================================================================ 
Commit: c398aeb0d1052b3818ebc286eab2d73ac2ee16ec 
Author: ClientSysFWGit <clientsysfwgit@intel.com> 
Date: Wed Feb 18 15:28:09 2026 -0800 
-------------------------------------------------------------------------------- 
"IpDmi IpDmi_main_Daily Daily Updating Version/ID: DMI.26020100

Hsd-es-id: N/A"
Original commit date: Mon Jan 5 17:34:26 2026 -0800
Original commit hash: 4544d6c4238a6c1743910fd2f4dd9c6217469c53

-------------------------------------------------------------------------------- 
[Changed Files]
OneSiliconPkg/CsiIpBlock/IpDmi/IpDmiLib/IpDmiVersion.h

================================================================================ 
Commit: 0a5148779ecb2a36e845d47ed3f65aff1422e152 
Author: ClientSysFWGit <clientsysfwgit@intel.com> 
Date: Wed Feb 18 15:28:04 2026 -0800 
-------------------------------------------------------------------------------- 
"IpSncu IpSncu_main_Daily Daily Updating Version/ID: SNCU.26020100

Hsd-es-id: N/A"
Original commit date: Mon Jan 5 17:34:24 2026 -0800
Original commit hash: 8164e48d89dfe3be6b2868bcfbfb01caf85d09bd

-------------------------------------------------------------------------------- 
[Changed Files]
OneSiliconPkg/CsiIpBlock/IpSncu/IpSncuLib/IpSncuVersion.h

================================================================================ 
Commit: 5dbc3ce7b62125b561478494b3163cf228cf64b7 
Author: ClientSysFWGit <clientsysfwgit@intel.com> 
Date: Wed Feb 18 15:27:59 2026 -0800 
-------------------------------------------------------------------------------- 
"Nvl NovaLakeJenkins_Edk2Master_Daily Daily Updating Version/ID: NovaLake_3021_00

Hsd-es-id: N/A"
Original commit date: Tue Jan 6 00:06:52 2026 +0000
Original commit hash: bbfd5a808464ee9250e5582934f642fde7d69efd

-------------------------------------------------------------------------------- 
[Changed Files]
NovaLakeBoardPkg/BiosId.env
OneSiliconPkg/Product/NovaLake/SiPkgPcdInit.dsc

================================================================================ 
Commit: f8c0dfbe6d69b5a912d26bfd0c75935663cf4a3d 
Author: ClientSysFWGit <clientsysfwgit@intel.com> 
Date: Wed Feb 18 15:27:45 2026 -0800 
-------------------------------------------------------------------------------- 
"IpSip17Pcie IpSip17Pcie_main_Daily Daily Updating Version/ID: SIP17PCIE.26020100

Hsd-es-id: N/A"
Original commit date: Mon Jan 5 17:11:43 2026 +0000
Original commit hash: bf6dd1274d9140734e88d4b7badb1266fa537e27

-------------------------------------------------------------------------------- 
[Changed Files]
OneSiliconPkg/IpBlock/IpPcieSip17/IpPcieLib/IpPcieVersion.h

================================================================================ 
Commit: 8cb6dc1e68dfedd10a6f41677d8cfb507866957a 
Author: ClientSysFWGit <clientsysfwgit@intel.com> 
Date: Wed Feb 18 15:27:29 2026 -0800 
-------------------------------------------------------------------------------- 
Observed soft hang at PC-D055 for approximately 50sec

[Issue Description]
Observed soft hang at PC-D055 for approximately 50sec

[Resolution]
Only SerialPort Library

Package/Module:
NovaLakeFspPkg

[Impacted Platform]
NovaLake

Hsd-es-id: 16029409723
Original commit date: Tue Dec 16 14:03:13 2025 +0800
Change-Id: I2281843acb00811137a807b8fbdf1456b62b9e8e
Original commit hash: 0e1fe12b9f65b10a1b5eeb01537615e0c68a49b2

-------------------------------------------------------------------------------- 
[Changed Files]
ClientFspPkg/FspDebugInit/Pei/FspDebugServicePei.c
ClientFspPkg/Library/BasePostCodeLibPort80Ex/PostCode.c
NovaLakeFspPkg/NovaLakeFspPkg.dsc
NovaLakeFspPkg/NovaLakeFspPkg.fdf

================================================================================ 
Commit: 37626024fad83a381ff44e495e9a783722808233 
Author: ClientSysFWGit <clientsysfwgit@intel.com> 
Date: Wed Feb 18 15:27:13 2026 -0800 
-------------------------------------------------------------------------------- 
SyncScript: Revert override commits

Original commit date: Mon Jan 12 10:38:49 2026 +0530
Change-Id: Ibfc597ca6f3de4963f565157f77f2ec33ee5df4d
Original commit hash: 8bf15dc5e115a435b9b345644b19695914a4b77c

-------------------------------------------------------------------------------- 
[Changed Files]
Features/FirmwareGuard/CapsulePkg/Fmp/DxeFmpDeviceLibGbe/DxeFmpDeviceLibGbe.inf
NovaLakeBoardPkg/BiosId.env
NovaLakeBoardPkg/BoardPkgPcdUpdate.dsc
NovaLakeBoardPkg/BoardSupport/Library/PeiReportFvLib/PeiReportFvLib.c
NovaLakePlatSamplePkg/Library/PeiPolicyUpdateLib/PeiSaPolicyUpdatePreMem.c
OneSiliconPkg/Product/NovaLake/SiPkgPcdInit.dsc

================================================================================ 
Commit: 00fb3b5fb6e3cb8d96955cc2810700c317c371f5 
Author: ClientSysFWGit <clientsysfwgit@intel.com> 
Date: Wed Feb 18 15:26:17 2026 -0800 
-------------------------------------------------------------------------------- 
"Nvl NovaLakeJenkins_novalake_mobile_program_platform_Daily Daily Updating Version/ID: NovaLake_3020_20

Hsd-es-id: N/A"
Original commit date: Tue Jan 6 09:38:18 2026 +0000
Original commit hash: 5379fee82393b8196fd4b4aad63f4ef02409acd1

-------------------------------------------------------------------------------- 
[Changed Files]
LICENSE.txt
ReadMe.md
