================================================================================ 
Commit: 0671a4dc201d099d14ec469653a40e17a7418383 
Author: ClientSysFWGit <clientsysfwgit@intel.com> 
Date: Tue Jan 6 19:37:14 2026 +0530 
-------------------------------------------------------------------------------- 
Added Doxygen and License files for WCL BIOS 3515.03.

-------------------------------------------------------------------------------- 
[Changed Files]
Doxygen/BoardApi.chm
Doxygen/FspApi.chm
Doxygen/PantherLake_FSP_Integration_Guide.chm
Doxygen/PantherLake_FSP_Integration_Guide.pdf
Doxygen/PlatApi.chm
Doxygen/SiPkgApi.chm
LICENSE.txt
OneSiliconPkg/Include/AcpiTables/Tse.asl
OneSiliconPkg/Include/ConfigBlock/HostBridge/HostBridgeConfig.h
OneSiliconPkg/Include/ConfigBlock/Memory/Ver6/MemoryConfig.h
OneSiliconPkg/Include/ConfigBlock/Tcss/TcssPeiPreMemConfig.h
OneSiliconPkg/Include/ConfigBlock/Vtd/VtdConfig.h
OneSiliconPkg/Include/Defines/HostBridgeDefines.h
OneSiliconPkg/Include/Defines/PcdPchBdfAssignment.h
OneSiliconPkg/Include/Defines/PchReservedResources.h
OneSiliconPkg/Include/Library/DebugToken.h
OneSiliconPkg/Include/Library/NguInfoLib.h
OneSiliconPkg/Include/Library/PcdEspiLib.h
OneSiliconPkg/Include/Library/PcdGpioNativeLib.h
OneSiliconPkg/Include/Library/PcdGpioTopologyLib.h
OneSiliconPkg/Include/Library/PcdInfoLib.h
OneSiliconPkg/Include/Library/PcdItssLib.h
OneSiliconPkg/Include/Library/PcdPeiLpssI2cSocInitLib.h
OneSiliconPkg/Include/Library/PcdPeiLpssI3cSocInitLib.h
OneSiliconPkg/Include/Library/PcdPeiLpssSpiSocInitLib.h
OneSiliconPkg/Include/Library/PcdPeiLpssUartSocInitLib.h
OneSiliconPkg/Include/Library/PcdPeiThcSocInitLib.h
OneSiliconPkg/Include/Library/PcdPolicyLib.h
OneSiliconPkg/Include/Library/PcdReserveMmio64SizeLib.h
OneSiliconPkg/Include/Library/PcdRtcAccessLib.h
OneSiliconPkg/Include/Library/PchInfoHob.h
OneSiliconPkg/Include/Library/PchLimits.h
OneSiliconPkg/Include/Ppi/SiPolicy.h
OneSiliconPkg/Include/Register/CpuGenInfoRegs.h
OneSiliconPkg/Include/Register/GenerationMsr.h
OneSiliconPkg/Include/Register/GpioAcpiDefines.h
OneSiliconPkg/Include/Register/GpioV2PcdPins.h
OneSiliconPkg/Include/Register/GpioV2PcdRegs.h
OneSiliconPkg/IncludePrivate/Library/LpssControllerInfoLib.h
OneSiliconPkg/IncludePrivate/Library/P2SbSocLib.h
OneSiliconPkg/IncludePrivate/Library/PcdPeiIshPolicyLib.h
OneSiliconPkg/IncludePrivate/Library/PcdSerialIoGpioAccessLib.h
OneSiliconPkg/IncludePrivate/Library/PcdTcssInitLib.h
OneSiliconPkg/IncludePrivate/Library/PeiPcdInitLib.h
OneSiliconPkg/IncludePrivate/PcdEspiDeviceIds.h
OneSiliconPkg/IncludePrivate/PcdSbPortIds.h
OneSiliconPkg/IncludePrivate/Register/CpuGenRegs.h
OneSiliconPkg/IncludePrivate/Register/GraphicsRegs.h
OneSiliconPkg/IncludePrivate/Register/HacRegs.h
OneSiliconPkg/IncludePrivate/Register/HostBridgeRegs.h
OneSiliconPkg/IncludePrivate/Register/ItbtPcieRegs.h
OneSiliconPkg/IncludePrivate/Register/MemSSRegs.h
OneSiliconPkg/IncludePrivate/Register/NocRegs.h
OneSiliconPkg/IncludePrivate/Register/PsfRegsPtlPcdWrapper.h
OneSiliconPkg/IncludePrivate/Register/SncuRegs.h
OneSiliconPkg/IncludePrivate/Register/VmdRegs.h
OneSiliconPkg/IncludePrivate/Register/VoltageRegulatorRegs.h
OneSiliconPkg/IncludePrivate/Register/VtdRegs.h
OneSiliconPkg/IpBlock/MemoryInit/Include/CMemoryInit.h
OneSiliconPkg/IpBlock/MemoryInit/Include/CMrcInterface.h
OneSiliconPkg/IpBlock/MemoryInit/Library/PeiDxeSmmMemAddrEncodeLib/decoder.h
OneSiliconPkg/IpBlock/MemoryInit/Library/PeiDxeSmmMemAddrEncodeLib/decoder_functions.c
OneSiliconPkg/IpBlock/MemoryInit/Library/PeiDxeSmmMemAddrEncodeLib/decoder_tables.h
OneSiliconPkg/IpBlock/MemoryInit/LibraryPrivate/MrcOemPlatform.c
OneSiliconPkg/IpBlock/MemoryInit/src/IncludePublic/CMrcInterfaceGlobalTypes.h
OneSiliconPkg/IpBlock/MemoryInit/src/IncludePublic/MrcGlobalDefinitions.h
OneSiliconPkg/IpBlock/PcieRp/LibraryPrivate/PeiPcieSipInitLib/PeiPcieSipInitLib.inf
OneSiliconPkg/Product/PantherLake/SiPkgPcdInit.dsc
OneSiliconPkg/SiPkg.dec
PantherLakeBoardPkg/BoardPkg.dsc
PantherLakeBoardPkg/BoardSupport/WildcatLakeBoards/Library/BoardInitLib/Pei/BoardSaInitPreMemLib.c
PantherLakeBoardPkg/Features/Setup/Include/Dsc/SetupDxe.dsc
PantherLakeBoardPkg/WildcatLakeBoards/BoardVpdPcdsInit/Wcl/SkuIdWclLp5Rvp2.dsc
PantherLakeBoardPkg/WildcatLakeBoards/BoardVpdPcdsInit/Wcl/SkuIdWclNDdr5Rvp1.dsc
PantherLakePlatSamplePkg/Features/Hsti/HstiIhvDxe/HstiIhvDxe.c
PantherLakePlatSamplePkg/Features/Hsti/HstiIhvDxe/HstiIhvDxe.h
PantherLakePlatSamplePkg/Include/SetupVariable.h
PantherLakePlatSamplePkg/Library/DxePlatformBootManagerLib/BdsPlatform.c
PantherLakePlatSamplePkg/Setup/Advanced.vfr
PantherLakePlatSamplePkg/Setup/PlatformSetup.c

================================================================================ 
Commit: b3d8224c3330795f4e68ad92b6e53517d4632d6d 
Author: ClientSysFWGit <clientsysfwgit@intel.com> 
Date: Tue Jan 6 17:34:59 2026 +0530 
-------------------------------------------------------------------------------- 
"WCL WildcatLake_wildcatlake_program_platform_Daily Daily Updating Version/ID: WildcatLake_3515_03

Hsd-es-id: N/A"
Original commit date: Mon Dec 22 18:39:18 2025 +0000
Original commit hash: df07d5b7f19f7ab5caeb3387e5ac7f0753353b7d

-------------------------------------------------------------------------------- 
[Changed Files]
OneSiliconPkg/Product/PantherLake/SiPkgPcdInit.dsc
PantherLakeBoardPkg/BiosId.env

================================================================================ 
Commit: 64e250ac8740cf07784d0f2557652e3b0a8febfa 
Author: ClientSysFWGit <clientsysfwgit@intel.com> 
Date: Tue Jan 6 17:34:56 2026 +0530 
-------------------------------------------------------------------------------- 
Changing Slow Slew Rate default value for GT

[Feature Description]
Changing Slow Slew Rate default value for GT as Fast/4

Package/Module: PlatSamplePkg

[Impacted Platform]
WCL

Hsd-es-id: 16029497015
Original commit date: Mon Dec 22 22:50:39 2025 +0530
Change-Id: I933820d7856e76cdcf03e0eca56dbe1c12977d85
Original commit hash: c9a5fcda4f580ef2cb6a43266f9d038642730a8b

-------------------------------------------------------------------------------- 
[Changed Files]
PantherLakeBoardPkg/Include/Dsc/HiiStructurePcd.dsc
PantherLakePlatSamplePkg/Setup/CpuSetup.hfr

================================================================================ 
Commit: faf2eef3d05be7510fd42c2802b3fa119497c7fa 
Author: ClientSysFWGit <clientsysfwgit@intel.com> 
Date: Tue Jan 6 17:34:52 2026 +0530 
-------------------------------------------------------------------------------- 
Correcting values for ANM, Slew Rate and FastPkgC

[Issue Description] or [Feature Description]
This FR corrects values for ANM, Slew Rate and FastPkgC

Package/Module: Board, PlatSample

[Impacted Platform]
WCL

Hsd-es-id: 16029491518
Original commit date: Sun Dec 21 21:43:07 2025 +0530
Change-Id: I80dda0d858c80782fd80ec8f53ea094ebe7db38f
Original commit hash: a719c3c563ae779a27e312e1ca682efd06013974

-------------------------------------------------------------------------------- 
[Changed Files]
PantherLakePlatSamplePkg/Library/PeiPolicyUpdateLib/PeiCpuPolicyUpdatePreMem.c
PantherLakePlatSamplePkg/Setup/CpuSetup.c

================================================================================ 
Commit: edab419a66d82847c7b6b8297c4dae7a0806e083 
Author: ClientSysFWGit <clientsysfwgit@intel.com> 
Date: Tue Jan 6 17:34:48 2026 +0530 
-------------------------------------------------------------------------------- 
"WCL WildcatLake_wildcatlake_program_platform_Daily Daily Updating Version/ID: WildcatLake_3515_02

Hsd-es-id: N/A"
Original commit date: Sun Dec 21 13:05:49 2025 +0000
Original commit hash: 7c0eeff96540387db47cf5cfabb69323a374302a

-------------------------------------------------------------------------------- 
[Changed Files]
OneSiliconPkg/Product/PantherLake/SiPkgPcdInit.dsc
PantherLakeBoardPkg/BiosId.env

================================================================================ 
Commit: d8aa5651b6e6808bf0ed5f6994d2a9170152b6a3 
Author: ClientSysFWGit <clientsysfwgit@intel.com> 
Date: Tue Jan 6 17:34:45 2026 +0530 
-------------------------------------------------------------------------------- 
"WCL WildcatLake_wildcatlake_family_Daily Daily Updating Version/ID: WildcatLake_3515_01

Hsd-es-id: N/A"
Original commit date: Fri Dec 19 23:35:35 2025 +0000
Original commit hash: e32d98be8b0664004d8f213e118c7c7576715ae7

-------------------------------------------------------------------------------- 
[Changed Files]
OneSiliconPkg/Product/PantherLake/SiPkgPcdInit.dsc
PantherLakeBoardPkg/BiosId.env

================================================================================ 
Commit: e0a46004c160f6be3c5a3ecb056c986f0eaed0ab 
Author: ClientSysFWGit <clientsysfwgit@intel.com> 
Date: Tue Jan 6 17:34:41 2026 +0530 
-------------------------------------------------------------------------------- 
"PTL PantherLake_pantherlake_family_Daily Daily Updating Version/ID: PantherLake_3515_00

Hsd-es-id: N/A"
Original commit date: Fri Dec 19 18:35:55 2025 +0000
Original commit hash: 8f4d8ab9d294289552fb33495bd76d712a6a11e1

-------------------------------------------------------------------------------- 
[Changed Files]
OneSiliconPkg/Product/PantherLake/SiPkgPcdInit.dsc
PantherLakeBoardPkg/BiosId.env

================================================================================ 
Commit: 65541ef12688a4931a95c868d8bc6561ec7b354b 
Author: ClientSysFWGit <clientsysfwgit@intel.com> 
Date: Tue Jan 6 17:34:38 2026 +0530 
-------------------------------------------------------------------------------- 
Send MAPT MAC on each reset except WARM reset

[Issue Description]
When ME region is re-flashed after MAPT MAC address is set,
CSME loses the MAPT MAC address and BIOS does not set it again.
This could be due to resiliency flow where CSME FW is recovered
or due to a special manufacturing flow.
As a result the CSME loses the MAPT functionality.

[Resolution]
Add sending MAPT MAC configuration on each reset, except
warm reset.

Package/Module:
Features/Manageability/AmtMacPassThroughFeaturePkg

[Impacted Platform]
PantherLake

Hsd-es-id: 18044056375
Original commit date: Thu Dec 11 10:08:04 2025 +0100
Change-Id: If5d8e7703e14f46f301ecb1ad95b19849f9f3870
Original commit hash: 9532127b50a700e811f121d67d4ac052b8767b10

-------------------------------------------------------------------------------- 
[Changed Files]
Features/Manageability/AmtMacPassThroughFeaturePkg/AmtMacPassThrough/AmtMacPassThrough.c
Features/Manageability/AmtMacPassThroughFeaturePkg/AmtMacPassThrough/AmtMacPassThrough.inf
Features/Manageability/AmtMacPassThroughFeaturePkg/Readme.md

================================================================================ 
Commit: ecff5c429ecc1a02e871ef97db22942950c0c3a0 
Author: ClientSysFWGit <clientsysfwgit@intel.com> 
Date: Tue Jan 6 17:34:34 2026 +0530 
-------------------------------------------------------------------------------- 
PD Spec update WW50

[Feature Description]
PD Spec update WW50

Package/Module:

[Impacted Platform]
WCL

Hsd-es-id: 16029476022
Original commit date: Fri Dec 19 10:32:12 2025 +0530
Change-Id: I382d57cc72f84e0c88244b279b9ba1147afd9361
Original commit hash: 8205d8bb875fd5c7b2191fa5a1ca41febd2b69d9

-------------------------------------------------------------------------------- 
[Changed Files]
OneSiliconPkg/Fru/PtlCDie/VoltageRegulator/LibraryPrivate/PeiVrFruLib/PeiVrFruLib.c

================================================================================ 
Commit: 7272e4f26f93b9964cee7e2c93d339c4a0d8e1d8 
Author: ClientSysFWGit <clientsysfwgit@intel.com> 
Date: Tue Jan 6 17:34:30 2026 +0530 
-------------------------------------------------------------------------------- 
"WCL WildcatLake_wildcatlake_family_Daily Daily Updating Version/ID: WildcatLake_3514_01

Hsd-es-id: N/A"
Original commit date: Thu Dec 18 23:34:38 2025 +0000
Original commit hash: 794f6cd50de9ad44234c8cdcac1f14a152d76089

-------------------------------------------------------------------------------- 
[Changed Files]
OneSiliconPkg/Product/PantherLake/SiPkgPcdInit.dsc
PantherLakeBoardPkg/BiosId.env

================================================================================ 
Commit: 58628e9a4ec2e590067884a9d00ccbe4950b7d4b 
Author: ClientSysFWGit <clientsysfwgit@intel.com> 
Date: Tue Jan 6 17:34:25 2026 +0530 
-------------------------------------------------------------------------------- 
"PTL PantherLake_pantherlake_family_Daily Daily Updating Version/ID: PantherLake_3514_00

Hsd-es-id: N/A"
Original commit date: Thu Dec 18 18:34:26 2025 +0000
Original commit hash: 8a6a7a145ea9d5e0adf8e91e4b70f7600b2b0cbe

-------------------------------------------------------------------------------- 
[Changed Files]
OneSiliconPkg/Product/PantherLake/SiPkgPcdInit.dsc
PantherLakeBoardPkg/BiosId.env

================================================================================ 
Commit: 445ac53de5ce9e9158a7cf8ca4a15cc35633588d 
Author: ClientSysFWGit <clientsysfwgit@intel.com> 
Date: Tue Jan 6 17:34:20 2026 +0530 
-------------------------------------------------------------------------------- 
Tune for better Perf KPIs

Package/Module: 1S

[Impacted Platform]
WCL

Hsd-es-id: 15018794377
Original commit date: Wed Dec 17 14:47:39 2025 +0530
Change-Id: Ic41e3d84bd9a3541aa12cd0652b7e07aeffdc8a5
Original commit hash: 11952d8826cb698136a94d459d11dda326c38215

-------------------------------------------------------------------------------- 
[Changed Files]
OneSiliconPkg/Fru/PtlCDie/LibraryPrivate/BaseMsrFruLib/BaseMsrFruLib.c

================================================================================ 
Commit: 8c5922410bdf745f2403ff2197eccc35ca01b8ef 
Author: ClientSysFWGit <clientsysfwgit@intel.com> 
Date: Tue Jan 6 17:34:16 2026 +0530 
-------------------------------------------------------------------------------- 
"WCL WildcatLake_wildcatlake_family_Daily Daily Updating Version/ID: WildcatLake_3513_02

Hsd-es-id: N/A"
Original commit date: Thu Dec 18 06:26:55 2025 +0000
Original commit hash: 7d272d43507e69416900e619b8a901fbfbb22061

-------------------------------------------------------------------------------- 
[Changed Files]
OneSiliconPkg/Product/PantherLake/SiPkgPcdInit.dsc
PantherLakeBoardPkg/BiosId.env

================================================================================ 
Commit: e9c70dccfa5f9f42b11077c60fa2fe0c23928e40 
Author: ClientSysFWGit <clientsysfwgit@intel.com> 
Date: Tue Jan 6 17:34:11 2026 +0530 
-------------------------------------------------------------------------------- 
Update PS1 threshold value

[Issue Description]
Wrong PS1 threshold value

[Resolution]
Update PS1 threshold value

Package/Module:
BoardPkg
PlatPkg

[Impacted Platform]
All

Hsd-es-id: 16029341667
Original commit date: Wed Dec 17 23:37:02 2025 +0530
Change-Id: Ie1b74537f46420311c19abc6cbdff1bcfd16efe5
Original commit hash: 52a1cf2f81f7d09ae5aadf4b169da5546ef61091

-------------------------------------------------------------------------------- 
[Changed Files]
PantherLakeBoardPkg/Include/Dsc/HiiStructurePcd.dsc
PantherLakePlatSamplePkg/Setup/VoltageRegulatorSetup.hfr

================================================================================ 
Commit: d963060912b3a4b94a1bea8a174283d2262dd4ec 
Author: ClientSysFWGit <clientsysfwgit@intel.com> 
Date: Tue Jan 6 17:33:58 2026 +0530 
-------------------------------------------------------------------------------- 
[SOC I/O] Fix upstream RMA: Set PCIe EP VT-d to 2nd-stage vs passthrough

[Issue Description]
When SD card was not connected on respective platforms,
system caused the IOMMU driver to define a certain PCIe endpoint
BDF as stage-two instead of passthrough. This is because the
SD card controller implementation for those ports were always enable.

[Resolution]
Introducing VpdPcd to control when SD card is connected to
specific ports on specific system.

Package/Module:
BoardPkg

[Impacted Platform]
ALL

Hsd-es-id: 16029406392
Original commit date: Thu Dec 11 12:41:50 2025 +0530
Change-Id: Ib7929684967971708c4076a93d31d7e6ab49d8aa
Original commit hash: 4fbdc9827b7a5820ee72a18e1ce8c39e7b86ae77

-------------------------------------------------------------------------------- 
[Changed Files]
PantherLakeBoardPkg/Acpi/AcpiTables/Dsdt/PlatformNvs.asl
PantherLakeBoardPkg/Acpi/AcpiTables/SsdtRtd3/PtlUHLp5Rvp1Rtd3.asl
PantherLakeBoardPkg/Acpi/AcpiTables/SsdtRtd3/PtlUHRvp34Rtd3.asl
PantherLakeBoardPkg/Acpi/AdvancedAcpiDxe/AcpiPlatform.c
PantherLakeBoardPkg/Acpi/AdvancedAcpiDxe/AdvancedAcpiDxe.inf
PantherLakeBoardPkg/BoardPkg.dec
PantherLakeBoardPkg/BoardSupport/PantherLakeBoards/PantherLakeMobileBoards/Library/BoardInitLib/Pei/PeiInitPostMemLib.c
PantherLakeBoardPkg/BoardSupport/PantherLakeBoards/PantherLakeMobileBoards/Library/BoardInitLib/Pei/PeiMultiBoardInitPostMemLib.inf
PantherLakeBoardPkg/BoardSupport/PantherLakeBoards/PantherLakeMobileBoards/Library/BoardInitLib/Pei/PeiMultiBoardInitPreMemLib.inf
PantherLakeBoardPkg/Include/PlatformNvsAreaDef.h
PantherLakeBoardPkg/PantherLakeBoards/PantherLakeMobileBoards/BoardVpdPcdsInit/BoardVpdPcdInit.dsc
PantherLakeBoardPkg/PantherLakeBoards/PantherLakeMobileBoards/BoardVpdPcdsInit/PtlUH/SkuIdPtlUHLp5Rvp1.dsc
PantherLakeBoardPkg/PantherLakeBoards/PantherLakeMobileBoards/BoardVpdPcdsInit/PtlUH/SkuIdPtlUHLp5Rvp3.dsc

================================================================================ 
Commit: 4cc3f2a916a5de79db3b98cbf8d33dd6be4e6780 
Author: ClientSysFWGit <clientsysfwgit@intel.com> 
Date: Tue Jan 6 17:33:44 2026 +0530 
-------------------------------------------------------------------------------- 
"WCL WildcatLake_wildcatlake_family_Daily Daily Updating Version/ID: WildcatLake_3513_01

Hsd-es-id: N/A"
Original commit date: Wed Dec 17 23:35:58 2025 +0000
Original commit hash: 8dd7c52f94cf7d5916e683a4cac7a20664c98df4

-------------------------------------------------------------------------------- 
[Changed Files]
OneSiliconPkg/Product/PantherLake/SiPkgPcdInit.dsc
PantherLakeBoardPkg/BiosId.env

================================================================================ 
Commit: 943f207bb68c650c0b452b7fedde2ae7e0ac9abd 
Author: ClientSysFWGit <clientsysfwgit@intel.com> 
Date: Tue Jan 6 17:33:36 2026 +0530 
-------------------------------------------------------------------------------- 
"PTL PantherLake_pantherlake_family_Daily Daily Updating Version/ID: PantherLake_3513_00

Hsd-es-id: N/A"
Original commit date: Wed Dec 17 18:35:14 2025 +0000
Original commit hash: b0593850e3c49f0c9835cc249f86fe2ea739f8c4

-------------------------------------------------------------------------------- 
[Changed Files]
OneSiliconPkg/Product/PantherLake/SiPkgPcdInit.dsc
PantherLakeBoardPkg/BiosId.env

================================================================================ 
Commit: dddbf5f586889d455dab8409c68422cdcaa3c5c9 
Author: ClientSysFWGit <clientsysfwgit@intel.com> 
Date: Tue Jan 6 17:33:31 2026 +0530 
-------------------------------------------------------------------------------- 
VR Spec Update WW49

[Feature Description]
VR Spec Update WW49

Package/Module: 1S

[Impacted Platform]
WCL

Hsd-es-id: 16029456721
Original commit date: Tue Dec 16 14:33:38 2025 +0530
Change-Id: I3eb079cef142ca3e054022a1361465f6d07b54e1
Original commit hash: 8dbed5566f7b38c8379c24c7b962f38e76d5cfa1

-------------------------------------------------------------------------------- 
[Changed Files]
OneSiliconPkg/Fru/PtlCDie/VoltageRegulator/LibraryPrivate/PeiVrFruLib/PeiVrFruLib.c

================================================================================ 
Commit: d958187dbb6e2aa4521f6f4eba9907ef169cb723 
Author: ClientSysFWGit <clientsysfwgit@intel.com> 
Date: Tue Jan 6 17:33:26 2026 +0530 
-------------------------------------------------------------------------------- 
VR Spec Update for WW41

[Feature Description]
VR Spec Update for WW41

Package/Module: C1S

[Impacted Platform]
WCL

Hsd-es-id: 16029086080
Original commit date: Mon Nov 10 14:53:39 2025 +0530
Change-Id: Ie598833521299d51059995e282e2cd0d3e9f17cd
Original commit hash: b78a6f0c634a5e1ecbcf92f3347cbab0d465c617

-------------------------------------------------------------------------------- 
[Changed Files]
OneSiliconPkg/Fru/PtlCDie/VoltageRegulator/LibraryPrivate/PeiVrFruLib/PeiVrFruLib.c

================================================================================ 
Commit: 8ed5ddc4d446de371c8f521778286712d31ff531 
Author: ClientSysFWGit <clientsysfwgit@intel.com> 
Date: Tue Jan 6 17:33:21 2026 +0530 
-------------------------------------------------------------------------------- 
Revert "[WCL] USB DWB feature remains enabled by default"

[Feature Description]
USB DWB feature should be disabled by default.

Package/Module:
OneSiliconPkg/PeiUsbPolicyLib
PantherLakePlatSamplePkg/Setup

[Impacted Platform]
WCL

Hsd-es-id: 18044026966
Original commit date: Thu Dec 11 16:45:41 2025 +0100
Change-Id: Ifd4fac063c89b13fbd37c0d86b93a43bfa237ab5
Original commit hash: c05d37d0f0163ff8b6bc27bddb907ea887d5f362

-------------------------------------------------------------------------------- 
[Changed Files]
OneSiliconPkg/IpBlock/Usb/LibraryPrivate/PeiUsbPolicyLib/PeiUsbPolicyLib.c
OneSiliconPkg/IpBlock/Usb/LibraryPrivate/PeiUsbPolicyLib/PeiUsbPolicyLib.inf
PantherLakeBoardPkg/Include/Dsc/HiiStructurePcd.dsc
PantherLakePlatSamplePkg/Setup/PchSetup.hfr

================================================================================ 
Commit: bdcd3b7dad43fb69d48c0a37a32ce3aea14e222a 
Author: ClientSysFWGit <clientsysfwgit@intel.com> 
Date: Tue Jan 6 17:33:15 2026 +0530 
-------------------------------------------------------------------------------- 
[SOC I/O] DisCo table update for Alc722 configs

[Feature Description]
DisCo table update for Alc722 configs.

Package/Module:
Features/Audio/SndwDevTopologyFeaturePkg
Setup

[Impacted Platform]
PTL

Hsd-es-id: 18044031841
Original commit date: Mon Dec 15 11:59:26 2025 +0000
Change-Id: Ibe2f3bac714420f50965d8e7f2f17e5137bca281
Original commit hash: 71b6258d2e1a7d879f0ce923f4b881b0593660fa

-------------------------------------------------------------------------------- 
[Changed Files]
Features/Audio/SndwDevTopologyFeaturePkg/AcpiTables/SndwDevTopologySt01Ssdt/AudioFunction_722_AMP.asl
Features/Audio/SndwDevTopologyFeaturePkg/AcpiTables/SndwDevTopologySt04Ssdt/AudioFunction_722_AMP.asl
PantherLakePlatSamplePkg/Setup/PchSetup.uni

================================================================================ 
Commit: b4ab1146a78ce1af5b879f0c215f3cfb47fb441f 
Author: ClientSysFWGit <clientsysfwgit@intel.com> 
Date: Tue Jan 6 17:33:09 2026 +0530 
-------------------------------------------------------------------------------- 
Align NVME FSPMUPD values as in Board Package variable.

[Issue Description]
A conflict was identified due to incorrect hardcoded values.

[Resolution]
Updated NVME UPD value to align with the Board Package variable.

Package/Module: FspPkg

[Impacted Platform]
Default ALL

Hsd-es-id: 16029447276
Original commit date: Mon Dec 15 14:26:52 2025 +0530
Change-Id: I7cf2fed2ca13afd3bcd0edc08907c56c17677396
Original commit hash: 847de314862d59333d7104578ef32a33d23c7af8

-------------------------------------------------------------------------------- 
[Changed Files]
PantherLakeFspPkg/Upd/FspmUpd.dsc

================================================================================ 
Commit: 0800b6182951b67c295a1f62b9b5592487170bf2 
Author: ClientSysFWGit <clientsysfwgit@intel.com> 
Date: Tue Jan 6 17:33:02 2026 +0530 
-------------------------------------------------------------------------------- 
Add HECI protocol dependency in PlatformMeUpdateHookLib

[Issue Description]
Failed to get CSME FW image type with customers' BIOS,
MeFwu->FwType() returns 0x1C error.
ImageTypeId in ME FMP reports a fallback/default one.

[Resolution]
PlatformFmpGetMeTypeIdGuidPtr() is invoked in FMP driver EntryPoint.
MeFwu->FwType inside this function is linked to FwUpdateLib which
leverages HECI protocol to accomplish the required action.
Add explicit HECI protocol dependency to ensure HECI protocol
is installed before invoking MeFwu->FwType().

Package/Module: PantherLakeBoardPkg/Features/CapsuleUpdate

[Impacted Platform]
All

Hsd-es-id: 16029413446
Original commit date: Mon Dec 15 16:17:35 2025 +0800
Change-Id: Ia740f500fd4d7a0153c598244bd6ffc01697dcbb
Original commit hash: 525b3f5fba8c43fc8756c39dee130d0bd3d03df6

-------------------------------------------------------------------------------- 
[Changed Files]
PantherLakeBoardPkg/Features/CapsuleUpdate/Library/PlatformMeUpdateHookLib/PlatformMeUpdateHookLib.inf

================================================================================ 
Commit: aafbc8951965dd40b9ebd1bfedc27f26070b8af3 
Author: ClientSysFWGit <clientsysfwgit@intel.com> 
Date: Tue Jan 6 17:32:56 2026 +0530 
-------------------------------------------------------------------------------- 
Add Intel die Info protocol

[Issue Description]
Missing cpu related Information

[Resolution]
Add Intel die Info protocol
Updated cpu Information

Package/Module:
BoardPkg
FspPKg

[Impacted Platform]
All

Hsd-es-id: 16029398523
Original commit date: Mon Nov 17 21:24:45 2025 +0530
Change-Id: I529cd954ff72f16ffff0400761300fb04fc00d51
Original commit hash: 83c362ae47d42226e6d1a75bcd24d922a873d153

-------------------------------------------------------------------------------- 
[Changed Files]
OneSiliconPkg/Fru/PtlCDie/DxeLib.dsc
OneSiliconPkg/Fru/PtlCDie/Library/PtlCpuInfoLib/DxePtlCpuInfoLib.c
OneSiliconPkg/Fru/PtlCDie/Library/PtlCpuInfoLib/DxePtlCpuInfoLib.inf
OneSiliconPkg/Fru/PtlCDie/Library/PtlCpuInfoLib/PeiPtlCpuInfoLib.c
OneSiliconPkg/Fru/PtlCDie/Library/PtlCpuInfoLib/PeiPtlCpuInfoLib.inf
OneSiliconPkg/Fru/PtlCDie/Library/PtlCpuInfoLib/PtlCpuInfoLibCommon.c
OneSiliconPkg/Include/Library/PtlCpuInfoLib.h
OneSiliconPkg/IpBlock/CpuInit/Dxe/CpuInitDxe.c
OneSiliconPkg/IpBlock/CpuInit/Dxe/CpuInitDxe.inf
OneSiliconPkg/Product/PantherLake/SiInit/Pei/SiInitPreMem.c
OneSiliconPkg/Product/PantherLake/SiInit/Pei/SiInitPreMem.inf
OneSiliconPkg/Product/PantherLake/SiPkgDxeLib.dsc
OneSiliconPkg/Product/PantherLake/SiPkgPeiLib.dsc

================================================================================ 
Commit: ae5dc13b66733003dc2afab1bc1d6b06f3230e47 
Author: ClientSysFWGit <clientsysfwgit@intel.com> 
Date: Tue Jan 6 17:32:49 2026 +0530 
-------------------------------------------------------------------------------- 
"WCL WildcatLake_wildcatlake_family_Daily Daily Updating Version/ID: WildcatLake_3512_01

Hsd-es-id: N/A"
Original commit date: Tue Dec 16 23:35:41 2025 +0000
Original commit hash: fb53a8c8668b85a466a535bb232a8df65fcdce4e

-------------------------------------------------------------------------------- 
[Changed Files]
OneSiliconPkg/Product/PantherLake/SiPkgPcdInit.dsc
PantherLakeBoardPkg/BiosId.env

================================================================================ 
Commit: f25c110e68b81448e519e58ac2414bb4c67c0c80 
Author: ClientSysFWGit <clientsysfwgit@intel.com> 
Date: Tue Jan 6 17:32:43 2026 +0530 
-------------------------------------------------------------------------------- 
"PTL PantherLake_pantherlake_family_Daily Daily Updating Version/ID: PantherLake_3512_00

Hsd-es-id: N/A"
Original commit date: Tue Dec 16 18:36:11 2025 +0000
Original commit hash: 5e174387e22976744c66abe8392595a2f2d2113d

-------------------------------------------------------------------------------- 
[Changed Files]
OneSiliconPkg/Product/PantherLake/SiPkgPcdInit.dsc
PantherLakeBoardPkg/BiosId.env

================================================================================ 
Commit: 7056c2b6bf24faab9d76a271c7b86711717f633e 
Author: ClientSysFWGit <clientsysfwgit@intel.com> 
Date: Tue Jan 6 17:32:37 2026 +0530 
-------------------------------------------------------------------------------- 
Update MRC Release Notes and increment MRC build revision to 0.0.122.5

[Feature Description]
Updating MrcVersion.h and ReleaseNotes.

Package/Module:OneSiliconPkg/MemoryInit

[Impacted Platform]
All

Registers impacted: None

Hsd-es-id: 22018552565
Original commit date: Tue Dec 16 10:56:22 2025 +0000
Original commit hash: 51581351b52473b8c3649352a6c92dde4ce8880a

-------------------------------------------------------------------------------- 
[Changed Files]
OneSiliconPkg/IpBlock/MemoryInit/src/IncludePrivate/Ptl/MrcVersion.h

================================================================================ 
Commit: cf1f42590cf5e595452d69d7bf61fcca27d81ef6 
Author: ClientSysFWGit <clientsysfwgit@intel.com> 
Date: Tue Jan 6 17:32:31 2026 +0530 
-------------------------------------------------------------------------------- 
Update PeiMemory Base and Size in TISH_CONFIG_HOB

[Feature Description]
Update BiosPeiMemoryBaseAddress and BiosPeiMemoryLength
in TISH_CONFIG_HOB for Safe Loading BIOS (SLB) feature.

Package/Module:
OneSiliconPkg, PantherLakeBoardPkg

[Impacted Platform]
Default ALL.

Hsd-es-id: 16029431367
Original commit date: Mon Dec 15 11:51:46 2025 +0530
Change-Id: Ice198ffdd352b2d8eb46698bb5277bf97fb5fbbe
Original commit hash: 49394cf44c394a8ccb8431819863ae4be0ad4820

-------------------------------------------------------------------------------- 
[Changed Files]
OneSiliconPkg/Include/MemInfoHob.h
OneSiliconPkg/IpBlock/MemoryInit/LibraryPrivate/MemoryInitPtl.c
PantherLakeBoardPkg/Features/MemoryDiagnosticTest/PeiMemoryDiagnosticTestLib/PeiMemoryDiagnosticTest.c
PantherLakeBoardPkg/Features/MemoryDiagnosticTest/PeiMemoryDiagnosticTestLib/PeiMemoryDiagnosticTestLib.inf

================================================================================ 
Commit: 7d0deada96bf44191a3e1a96154f3f0c4d5d5a12 
Author: ClientSysFWGit <clientsysfwgit@intel.com> 
Date: Tue Jan 6 17:32:27 2026 +0530 
-------------------------------------------------------------------------------- 
"WCL WildcatLake_wildcatlake_family_Daily Daily Updating Version/ID: WildcatLake_3511_01

Hsd-es-id: N/A"
Original commit date: Mon Dec 15 23:36:04 2025 +0000
Original commit hash: 12ce390312d0c137b777f8965dcfcce5a9f6b933

-------------------------------------------------------------------------------- 
[Changed Files]
OneSiliconPkg/Product/PantherLake/SiPkgPcdInit.dsc
PantherLakeBoardPkg/BiosId.env

================================================================================ 
Commit: cdb30b3fbb06d47516608d92ec45b74f25a9bd24 
Author: ClientSysFWGit <clientsysfwgit@intel.com> 
Date: Tue Jan 6 17:32:21 2026 +0530 
-------------------------------------------------------------------------------- 
"PTL PantherLake_pantherlake_family_Daily Daily Updating Version/ID: PantherLake_3511_00

Hsd-es-id: N/A"
Original commit date: Mon Dec 15 18:36:40 2025 +0000
Original commit hash: 00290c632f6455f9dab1e2400f8d0ecfd5a0cc8d

-------------------------------------------------------------------------------- 
[Changed Files]
OneSiliconPkg/Product/PantherLake/SiPkgPcdInit.dsc
PantherLakeBoardPkg/BiosId.env

================================================================================ 
Commit: 6bd587ac72823611f1db96ee8ef7a217388c0b1b 
Author: ClientSysFWGit <clientsysfwgit@intel.com> 
Date: Tue Jan 6 17:32:16 2026 +0530 
-------------------------------------------------------------------------------- 
Update MRC Release Notes and increment MRC build revision to 0.0.122.4

[Feature Description]
Updating MrcVersion.h and ReleaseNotes.

Package/Module:OneSiliconPkg/MemoryInit

[Impacted Platform]
All

Registers impacted: None

Hsd-es-id: 22018552565
Original commit date: Mon Dec 15 15:31:37 2025 +0000
Original commit hash: 7129878aea8dfaa2fe7b28388877ff3e07dcfa22

-------------------------------------------------------------------------------- 
[Changed Files]
OneSiliconPkg/IpBlock/MemoryInit/src/IncludePrivate/Ptl/MrcVersion.h

================================================================================ 
Commit: 04dc2a855cef4f290e08e335933a4accc0f3c7e9 
Author: ClientSysFWGit <clientsysfwgit@intel.com> 
Date: Tue Jan 6 17:32:10 2026 +0530 
-------------------------------------------------------------------------------- 
Revert "Enable LP5 DQ/DQS Swizzle training in full BIOS"

[Feature Description]
Revert "Enable LP5 DQ/DQS Swizzle training in full BIOS"
Keep LP5 DQ/DQS Swizzle training enabled in MiniBIOS
for future debug purposes.

Package/Module: OneSiliconPkg/IpBlock/MemoryInit

[Impacted Platform]
All

Hsd-es-id: 18044030454
Original commit date: Fri Dec 12 18:10:41 2025 +0100
Change-Id: I18e449081174a47713aef93eca82ff9086e80292
Original commit hash: 34f578bb0c1360ac074571bc1a5802eb4f8d7b95

-------------------------------------------------------------------------------- 
[Changed Files]
OneSiliconPkg/IpBlock/MemoryInit/src/ApiLib/BlueMrcGeneral.c

================================================================================ 
Commit: 4423aa45b45eb0d023f5c59179fa222864548744 
Author: ClientSysFWGit <clientsysfwgit@intel.com> 
Date: Tue Jan 6 17:32:05 2026 +0530 
-------------------------------------------------------------------------------- 
Update MRC Release Notes and increment MRC build revision to 0.0.122.3

[Feature Description]
Updating MrcVersion.h and ReleaseNotes.

Package/Module:OneSiliconPkg/MemoryInit

[Impacted Platform]
All

Registers impacted: None

Hsd-es-id: 22018552565
Original commit date: Mon Dec 15 14:39:45 2025 +0000
Original commit hash: 252600628e7d1b12b2490155a107a53954743b68

-------------------------------------------------------------------------------- 
[Changed Files]
OneSiliconPkg/IpBlock/MemoryInit/src/IncludePrivate/Ptl/MrcVersion.h

================================================================================ 
Commit: fe732d34631b6493ac294faec41279eb7c89e279 
Author: ClientSysFWGit <clientsysfwgit@intel.com> 
Date: Tue Jan 6 17:31:54 2026 +0530 
-------------------------------------------------------------------------------- 
Update MRC Release Notes and increment MRC build revision to 0.0.122.2

[Feature Description]
Updating MrcVersion.h and ReleaseNotes.

Package/Module:OneSiliconPkg/MemoryInit

[Impacted Platform]
All

Registers impacted: None

Hsd-es-id: 22018552565
Original commit date: Mon Dec 15 13:39:53 2025 +0000
Original commit hash: e29d741b10f5c07b612998b66e1fe35299c6ef42

-------------------------------------------------------------------------------- 
[Changed Files]
OneSiliconPkg/IpBlock/MemoryInit/src/IncludePrivate/Ptl/MrcVersion.h
OneSiliconPkg/IpBlock/MemoryInit/src/UcManagement/Ptl/MrcUcPayloadData.c

================================================================================ 
Commit: 0df61a1a6b5836240fc5f71681e7e78979596154 
Author: ClientSysFWGit <clientsysfwgit@intel.com> 
Date: Tue Jan 6 17:31:44 2026 +0530 
-------------------------------------------------------------------------------- 
"WCL WildcatLake_wildcatlake_family_Daily Daily Updating Version/ID: WildcatLake_3510_01

Hsd-es-id: N/A"
Original commit date: Sun Dec 14 23:36:17 2025 +0000
Original commit hash: d23a8ef85171b38a9623567d8de274854a0d7652

-------------------------------------------------------------------------------- 
[Changed Files]
OneSiliconPkg/Product/PantherLake/SiPkgPcdInit.dsc
PantherLakeBoardPkg/BiosId.env

================================================================================ 
Commit: f93f055b22ca06e876099d3eaf3d805f08df1460 
Author: ClientSysFWGit <clientsysfwgit@intel.com> 
Date: Tue Jan 6 17:31:39 2026 +0530 
-------------------------------------------------------------------------------- 
"PTL PantherLake_pantherlake_family_Daily Daily Updating Version/ID: PantherLake_3510_00

Hsd-es-id: N/A"
Original commit date: Sun Dec 14 18:35:06 2025 +0000
Original commit hash: 44975661c400a3c93d8a2b3f943f3808052aba98

-------------------------------------------------------------------------------- 
[Changed Files]
OneSiliconPkg/Product/PantherLake/SiPkgPcdInit.dsc
PantherLakeBoardPkg/BiosId.env

================================================================================ 
Commit: 52751231a0212ec8f903bcf4dfbb92d5701d0bd3 
Author: ClientSysFWGit <clientsysfwgit@intel.com> 
Date: Tue Jan 6 17:31:33 2026 +0530 
-------------------------------------------------------------------------------- 
"WCL WildcatLake_wildcatlake_family_Daily Daily Updating Version/ID: WildcatLake_3506_01

Hsd-es-id: N/A"
Original commit date: Sat Dec 13 23:34:15 2025 +0000
Original commit hash: a8af8f72b4ba40e475fe6d0a7608c7715ed5bae8

-------------------------------------------------------------------------------- 
[Changed Files]
OneSiliconPkg/Product/PantherLake/SiPkgPcdInit.dsc
PantherLakeBoardPkg/BiosId.env

================================================================================ 
Commit: 9ac3eb0548970d983f09f31f51e5fd4805786fd5 
Author: ClientSysFWGit <clientsysfwgit@intel.com> 
Date: Tue Jan 6 17:31:28 2026 +0530 
-------------------------------------------------------------------------------- 
"PTL PantherLake_pantherlake_family_Daily Daily Updating Version/ID: PantherLake_3506_00

Hsd-es-id: N/A"
Original commit date: Sat Dec 13 18:37:04 2025 +0000
Original commit hash: 85e0834d9dc8fb76da0bd5d7dd97ae35a9b31f58

-------------------------------------------------------------------------------- 
[Changed Files]
OneSiliconPkg/Product/PantherLake/SiPkgPcdInit.dsc
PantherLakeBoardPkg/BiosId.env

================================================================================ 
Commit: 6f8e704b717ac518bb52252167d7a39484865660 
Author: ClientSysFWGit <clientsysfwgit@intel.com> 
Date: Tue Jan 6 17:31:22 2026 +0530 
-------------------------------------------------------------------------------- 
"WCL WildcatLake_wildcatlake_family_Daily Daily Updating Version/ID: WildcatLake_3505_01

Hsd-es-id: N/A"
Original commit date: Fri Dec 12 23:34:42 2025 +0000
Original commit hash: 2476d2817bf4d44dfcf309e146ecb12fbca1b7de

-------------------------------------------------------------------------------- 
[Changed Files]
OneSiliconPkg/Product/PantherLake/SiPkgPcdInit.dsc
PantherLakeBoardPkg/BiosId.env

================================================================================ 
Commit: cb429323d3cdd0e2863f9221b74dc1ea400cfe13 
Author: ClientSysFWGit <clientsysfwgit@intel.com> 
Date: Tue Jan 6 17:31:16 2026 +0530 
-------------------------------------------------------------------------------- 
"PTL PantherLake_pantherlake_family_Daily Daily Updating Version/ID: PantherLake_3505_00

Hsd-es-id: N/A"
Original commit date: Fri Dec 12 18:35:53 2025 +0000
Original commit hash: c23df98ee3e0de2574a529256d79f76ab99b0cc2

-------------------------------------------------------------------------------- 
[Changed Files]
OneSiliconPkg/Product/PantherLake/SiPkgPcdInit.dsc
PantherLakeBoardPkg/BiosId.env

================================================================================ 
Commit: 1680453f249c9c38416a8b9e73a23b724484ca72 
Author: ClientSysFWGit <clientsysfwgit@intel.com> 
Date: Tue Jan 6 17:31:09 2026 +0530 
-------------------------------------------------------------------------------- 
OneClickRecovery: Enable WiFi Profile Sync independent of OCR

[Feature Description]
Control the OCR code load from OcrEnable Pcd so if WPS is enabled
and OCR is not, WPS will still be loaded and utilized.
Enable the One Click Recovery WiFi Profile Sync capability bit in
ME SMBIOS OEM Capabilities 4 structure.

Package/Module: OneClickRecoveryFeaturePkg

[Impacted Platform]
ALL

Hsd-es-id: 14026457445
Original commit date: Mon Nov 17 11:41:32 2025 -0800
Change-Id: I04312d72db52d81ddd86909d866399d376f2af1f
Original commit hash: f6b0f5bd62782fb43ecabf3078ae54426dc67474

-------------------------------------------------------------------------------- 
[Changed Files]
Features/Manageability/OneClickRecoveryFeaturePkg/Include/Fdf/OneClickRecoveryFeature.fdf
Features/Manageability/OneClickRecoveryFeaturePkg/Include/Protocol/OneClickRecoveryProtocol.h
Features/Manageability/OneClickRecoveryFeaturePkg/OneClickRecovery/OneClickRecovery.c
Features/Manageability/OneClickRecoveryFeaturePkg/ReadMe.md
Features/Manageability/OneClickRecoveryFeaturePkg/WifiProfileSync/WifiProfileSync.c
OneSiliconPkg/Include/MeSmbios.h
PantherLakeBoardPkg/BoardPkg.fdf
PantherLakeBoardPkg/Features/Me/MeSmbiosUpdateConfigDxe/MeSmbiosUpdateConfig.c
PantherLakeBoardPkg/Features/Me/MeSmbiosUpdateConfigDxe/MeSmbiosUpdateConfigDxe.inf

================================================================================ 
Commit: 21f006c5322f5c145534f7253ef2f021f88bba69 
Author: ClientSysFWGit <clientsysfwgit@intel.com> 
Date: Tue Jan 6 17:31:00 2026 +0530 
-------------------------------------------------------------------------------- 
"WCL WildcatLake_wildcatlake_family_Daily Daily Updating Version/ID: WildcatLake_3504_01

Hsd-es-id: N/A"
Original commit date: Thu Dec 11 23:34:56 2025 +0000
Original commit hash: 2311ed74d05c217eb1adc686b1cffeaf498779ac

-------------------------------------------------------------------------------- 
[Changed Files]
OneSiliconPkg/Product/PantherLake/SiPkgPcdInit.dsc
PantherLakeBoardPkg/BiosId.env

================================================================================ 
Commit: fa681a1c89bfd93c12a54f2ac8f5014442496734 
Author: ClientSysFWGit <clientsysfwgit@intel.com> 
Date: Tue Jan 6 17:30:53 2026 +0530 
-------------------------------------------------------------------------------- 
"PTL PantherLake_pantherlake_family_Daily Daily Updating Version/ID: PantherLake_3504_00

Hsd-es-id: N/A"
Original commit date: Thu Dec 11 18:38:45 2025 +0000
Original commit hash: 6a392d017b71992f4200ba60676e4528a23c5ed1

-------------------------------------------------------------------------------- 
[Changed Files]
OneSiliconPkg/Product/PantherLake/SiPkgPcdInit.dsc
PantherLakeBoardPkg/BiosId.env

================================================================================ 
Commit: 2e9cd7ef1ee6a82aae2af121fb73444c13e95f24 
Author: ClientSysFWGit <clientsysfwgit@intel.com> 
Date: Tue Jan 6 17:30:46 2026 +0530 
-------------------------------------------------------------------------------- 
Update MRC Release Notes and increment MRC build revision to 0.0.122.1

[Feature Description]
Updating MrcVersion.h and ReleaseNotes.

Package/Module:OneSiliconPkg/MemoryInit

[Impacted Platform]
All

Registers impacted: None

Hsd-es-id: 22018552565
Original commit date: Thu Dec 11 12:57:04 2025 +0000
Original commit hash: 233e0ed189f92457f80b0112b8fc2a98349b9345

-------------------------------------------------------------------------------- 
[Changed Files]
OneSiliconPkg/IpBlock/MemoryInit/src/IncludePrivate/Ptl/MrcVersion.h
OneSiliconPkg/IpBlock/MemoryInit/src/UcManagement/Ptl/MrcUcPayloadData.c

================================================================================ 
Commit: 333fd785f3317448e06442f97d479bc40366ad62 
Author: ClientSysFWGit <clientsysfwgit@intel.com> 
Date: Tue Jan 6 17:30:32 2026 +0530 
-------------------------------------------------------------------------------- 
[SOC I/O] Audio based on Disco table update required for ALC1320-MP ALC1320-ES1

[Issue Description]
Audio is not working as expected.

[Resolution]
Updated existing Disco tables with new data provided by Audio team.

Package/Module: Features

[Impacted Platform]
GCS, ADK

Hsd-es-id: 16029285031
Original commit date: Wed Nov 19 14:18:33 2025 +0530
Change-Id: I926d582e361af9426579cf12d44cc38344f692a3
Original commit hash: 1126f504bf4f8f0aaa98b45987f51e88e6fbbc84

-------------------------------------------------------------------------------- 
[Changed Files]
Features/Audio/SndwDevTopologyFeaturePkg/AcpiTables/SndwDevTopologySt06Ssdt/AudioComposition_712VB_1320.asl
Features/Audio/SndwDevTopologyFeaturePkg/AcpiTables/SndwDevTopologySt06Ssdt/AudioFunction_1320_SPK.asl
Features/Audio/SndwDevTopologyFeaturePkg/AcpiTables/SndwDevTopologySt06Ssdt/AudioFunction_712VB_HID.asl
Features/Audio/SndwDevTopologyFeaturePkg/AcpiTables/SndwDevTopologySt06Ssdt/AudioFunction_712VB_MIC_4CH_VAD.asl
Features/Audio/SndwDevTopologyFeaturePkg/AcpiTables/SndwDevTopologySt06Ssdt/AudioFunction_712VB_UAJ.asl
Features/Audio/SndwDevTopologyFeaturePkg/AcpiTables/SndwDevTopologySt06Ssdt/Peripheral_1320.asl
Features/Audio/SndwDevTopologyFeaturePkg/AcpiTables/SndwDevTopologySt06Ssdt/Peripheral_712VB.asl
Features/Audio/SndwDevTopologyFeaturePkg/AcpiTables/SndwDevTopologySt06Ssdt/SndwDevTopologySt06Ssdt.asl

================================================================================ 
Commit: 6d7627026d5a0a0a9d293c358a1ec14189e20de1 
Author: ClientSysFWGit <clientsysfwgit@intel.com> 
Date: Tue Jan 6 17:30:23 2026 +0530 
-------------------------------------------------------------------------------- 
"WCL WildcatLake_wildcatlake_family_Daily Daily Updating Version/ID: WildcatLake_3503_01

Hsd-es-id: N/A"
Original commit date: Wed Dec 10 23:36:29 2025 +0000
Original commit hash: 45804aedd8fc65e52e4f8bde16882a0f744bac5b

-------------------------------------------------------------------------------- 
[Changed Files]
OneSiliconPkg/Product/PantherLake/SiPkgPcdInit.dsc
PantherLakeBoardPkg/BiosId.env

================================================================================ 
Commit: c2b8ce74182de4266888966dc16f54c8114422f3 
Author: ClientSysFWGit <clientsysfwgit@intel.com> 
Date: Tue Jan 6 17:30:17 2026 +0530 
-------------------------------------------------------------------------------- 
SUT hangs at PC A700 with CAT error with debug BIOS

[Issue Description]
Hang is observed during TXT ACM launch.

[Resolution]
Avoid using PEI services after copying ACM to TEMPRAM

Package/Module:
OneSiliconPkg

[Impacted Platform]
All

Hsd-es-id: 14026589450
Original commit date: Mon Dec 8 15:12:24 2025 -0800
Change-Id: I51687ffdfba8464eaccb9226f56914a7150255ee
Original commit hash: 5f50dd198501dd6e2c551596f4057e596b204cb0

-------------------------------------------------------------------------------- 
[Changed Files]
OneSiliconPkg/IpBlock/Txt/LibraryPrivate/PeiTxtLib/TxtPeiLib.c

================================================================================ 
Commit: f05b902d79cf087fa5dd3b52cf6ba3b7a6d35466 
Author: ClientSysFWGit <clientsysfwgit@intel.com> 
Date: Tue Jan 6 17:30:11 2026 +0530 
-------------------------------------------------------------------------------- 
"PTL PantherLake_pantherlake_family_Daily Daily Updating Version/ID: PantherLake_3503_00

Hsd-es-id: N/A"
Original commit date: Wed Dec 10 18:37:07 2025 +0000
Change-Id: I1a8c055be91809f0d125e6ba536724fb14d16d7b
Original commit hash: a87e64653245f60c5ddc9d10eaebdf70e2f6c600

-------------------------------------------------------------------------------- 
[Changed Files]
PantherLakeBoardPkg/BiosId.env

================================================================================ 
Commit: 1bcaf72d74f516c647d396df7e82ff9f7570bfe9 
Author: ClientSysFWGit <clientsysfwgit@intel.com> 
Date: Tue Jan 6 17:30:06 2026 +0530 
-------------------------------------------------------------------------------- 
Update MRC Green Payload for MRC build revision 0.0.122.0

[Feature Description]
Updating MrcVersion.h and ReleaseNotes.

Package/Module:OneSiliconPkg/MemoryInit

[Impacted Platform]
All

Registers impacted: None

Hsd-es-id: 22018552565
Original commit date: Wed Dec 10 06:54:06 2025 -0800
Original commit hash: 93f0ebf520fcb06ba4bf08581ff8e89f5209a316

-------------------------------------------------------------------------------- 
[Changed Files]
OneSiliconPkg/IpBlock/MemoryInit/src/UcManagement/Ptl/MrcUcPayloadData.c

================================================================================ 
Commit: d2f1f1bb97d48219373e29211b01ec7871123989 
Author: ClientSysFWGit <clientsysfwgit@intel.com> 
Date: Tue Jan 6 17:30:00 2026 +0530 
-------------------------------------------------------------------------------- 
PTL MRC increment 0.0.122.0

[Feature Description]
Update Program-P Platform BIOS with Program-P MRC drop 0.0.122.0.

Package/Module: OneSiliconPkg/IpBlock/MemoryInit

[Impacted Platform]
All

Hsd-es-id: 18044009468
Original commit date: Wed Dec 3 12:00:56 2025 +0100
Change-Id: I66fc89353bc073df43100a314c37383d19b618c1
Original commit hash: b23d2bcff27fed2930503105c5e99d0b0bb22bab

-------------------------------------------------------------------------------- 
[Changed Files]
OneSiliconPkg/IpBlock/MemoryInit/src/ApiLib/BlueMrcGeneral.c
OneSiliconPkg/IpBlock/MemoryInit/src/DdrIoLib/Ptl/MrcDdrIoPtl.h
OneSiliconPkg/IpBlock/MemoryInit/src/IncludePrivate/Ptl/MrcVersion.h
OneSiliconPkg/IpBlock/MemoryInit/src/ServicesLib/MrcCommon.h
OneSiliconPkg/IpBlock/MemoryInit/src/UcManagement/Ptl/MrcUcPayloadData.c

================================================================================ 
Commit: cf46cf270c07148d0da59714d364a8e63ea84171 
Author: ClientSysFWGit <clientsysfwgit@intel.com> 
Date: Tue Jan 6 17:29:54 2026 +0530 
-------------------------------------------------------------------------------- 
Revert "Fix S4 wake failure when a additional reset occurs during S4 wake"

[Issue Description]
USB Ports are not working with RPMC BIOS v3502_02

[Resolution]
Reverted commit causing the failure

Package/Module: Features/Crashlog

[Impacted Platform]
ALL

Hsd-es-id: 16029433277
Original commit date: Sat Dec 20 11:05:56 2025 +0530
Change-Id: I81a346bdbcbf8e28702c54dee39832e3efdc3dce
Original commit hash: 676f48c453416592765361fed80439c9932e9eca

-------------------------------------------------------------------------------- 
[Changed Files]
PantherLakeBoardPkg/Features/CrashLog/Agent/CpuCrashLogAgent/CpuCrashLogPei.c
PantherLakeBoardPkg/Features/CrashLog/Agent/SocCrashLogAgent/SocCrashLogPei.c

================================================================================ 
Commit: 608fcd7c05422d1419da16ec9f6f6563d355c88a 
Author: ClientSysFWGit <clientsysfwgit@intel.com> 
Date: Tue Jan 6 17:29:48 2026 +0530 
-------------------------------------------------------------------------------- 
Reapply "[TXT] Don't Relocate SACM if no LLC"

This reverts commit ff834ca5eafd2753cf43c138a23e1a32099518e4.

Sat Dec 20 10:51:16 2025 +0530
Original commit date: Sat Dec 20 10:51:16 2025 +0530
Original commit hash: bbaa0339915230be455f3fe5ac812beaa93ec39b

-------------------------------------------------------------------------------- 
[Changed Files]
OneSiliconPkg/IpBlock/Txt/LibraryPrivate/PeiTxtLib/TxtPeiLib.c

================================================================================ 
Commit: 0427c48772364dfc03dddbfe11a9dc9dc52a6a04 
Author: ClientSysFWGit <clientsysfwgit@intel.com> 
Date: Tue Jan 6 17:29:43 2026 +0530 
-------------------------------------------------------------------------------- 
"WCL WildcatLake_wildcatlake_program_platform_Daily Daily Updating Version/ID: WildcatLake_3502_02

Hsd-es-id: N/A"
Original commit date: Wed Dec 10 10:17:16 2025 +0000
Original commit hash: 4a2074b5ea57d723f82f9282a16e2b117df2ec43

-------------------------------------------------------------------------------- 
[Changed Files]
OneSiliconPkg/Product/PantherLake/SiPkgPcdInit.dsc
PantherLakeBoardPkg/BiosId.env

================================================================================ 
Commit: 80d379ba96c2ee99fea416c8ef0fc924cb8ce018 
Author: ClientSysFWGit <clientsysfwgit@intel.com> 
Date: Tue Jan 6 17:29:37 2026 +0530 
-------------------------------------------------------------------------------- 
Revert "[TXT] Don't Relocate SACM if no LLC"

[Issue Description]
With debug BIOS + TXT enable : SUT hangs at PC A700 with CAT error.

[Resolution]
Reverted commit causing the failure

Package/Module: Intel/OneSiliconPkg/IpBlock/Txt/LibraryPrivate/PeiTxtLib

[Impacted Platform]
ALL

Hsd-es-id: 16029378297
Original commit date: Wed Dec 10 10:09:57 2025 +0530
Change-Id: I3b92e272bb7d5f6ff0c916df63ba1de515478e98
Original commit hash: ff834ca5eafd2753cf43c138a23e1a32099518e4

-------------------------------------------------------------------------------- 
[Changed Files]
OneSiliconPkg/IpBlock/Txt/LibraryPrivate/PeiTxtLib/TxtPeiLib.c

================================================================================ 
Commit: 386a4fa5d92a2abbe5d4c51b6a0c6e879a01b841 
Author: ClientSysFWGit <clientsysfwgit@intel.com> 
Date: Tue Jan 6 17:29:31 2026 +0530 
-------------------------------------------------------------------------------- 
"WCL WildcatLake_wildcatlake_family_Daily Daily Updating Version/ID: WildcatLake_3502_01

Hsd-es-id: N/A"
Original commit date: Tue Dec 9 23:36:07 2025 +0000
Original commit hash: 34a697ded950a99d308952e275ef3c97deda60df

-------------------------------------------------------------------------------- 
[Changed Files]
OneSiliconPkg/Product/PantherLake/SiPkgPcdInit.dsc
PantherLakeBoardPkg/BiosId.env

================================================================================ 
Commit: fcc62de742652cb8ffaebb62ccda493a8c85b28f 
Author: ClientSysFWGit <clientsysfwgit@intel.com> 
Date: Tue Jan 6 17:29:24 2026 +0530 
-------------------------------------------------------------------------------- 
"PTL PantherLake_pantherlake_family_Daily Daily Updating Version/ID: PantherLake_3502_00

Hsd-es-id: N/A"
Original commit date: Tue Dec 9 18:36:33 2025 +0000
Original commit hash: 01dcd9f55ed2f933cfe1597d2bf6bbbc0cffd0b2

-------------------------------------------------------------------------------- 
[Changed Files]
OneSiliconPkg/Product/PantherLake/SiPkgPcdInit.dsc
PantherLakeBoardPkg/BiosId.env

================================================================================ 
Commit: 3d749b9ccc60056ae30a7d0039ca88a526059eed 
Author: ClientSysFWGit <clientsysfwgit@intel.com> 
Date: Tue Jan 6 17:29:17 2026 +0530 
-------------------------------------------------------------------------------- 
"WCL WildcatLake_wildcatlake_family_Daily Daily Updating Version/ID: WildcatLake_3501_01

Hsd-es-id: N/A"
Original commit date: Mon Dec 8 23:36:14 2025 +0000
Original commit hash: 771617041dcbeaf3369c4ac892a509a59b93e23d

-------------------------------------------------------------------------------- 
[Changed Files]
OneSiliconPkg/Product/PantherLake/SiPkgPcdInit.dsc
PantherLakeBoardPkg/BiosId.env

================================================================================ 
Commit: 2cd2579b4e65e23650d47c8e9456a972f8bf911c 
Author: ClientSysFWGit <clientsysfwgit@intel.com> 
Date: Tue Jan 6 17:29:05 2026 +0530 
-------------------------------------------------------------------------------- 
Update MRC Release Notes and increment MRC build revision to 0.0.120.1

[Feature Description]
Updating MrcVersion.h and ReleaseNotes.

Package/Module:OneSiliconPkg/MemoryInit

[Impacted Platform]
All

Registers impacted: None

Hsd-es-id: 22018552565
Original commit date: Mon Dec 8 19:11:52 2025 +0000
Original commit hash: becfd36a3af32cf0f44a58cb704b7b3376d48ebb

-------------------------------------------------------------------------------- 
[Changed Files]
OneSiliconPkg/IpBlock/MemoryInit/src/IncludePrivate/Ptl/MrcVersion.h
OneSiliconPkg/IpBlock/MemoryInit/src/UcManagement/Ptl/MrcUcPayloadData.c

================================================================================ 
Commit: f9543d7224a1f1255d57d8d306d0dfb5e0f59c9e 
Author: ClientSysFWGit <clientsysfwgit@intel.com> 
Date: Tue Jan 6 17:29:00 2026 +0530 
-------------------------------------------------------------------------------- 
"PTL PantherLake_pantherlake_family_Daily Daily Updating Version/ID: PantherLake_3501_00

Hsd-es-id: N/A"
Original commit date: Mon Dec 8 18:37:06 2025 +0000
Original commit hash: 85c0f70b695f2747690046b1c61701d1e3a6e6cb

-------------------------------------------------------------------------------- 
[Changed Files]
OneSiliconPkg/Product/PantherLake/SiPkgPcdInit.dsc
PantherLakeBoardPkg/BiosId.env

================================================================================ 
Commit: a139f6c2241516be8cd8750a915cc3a1b6137738 
Author: ClientSysFWGit <clientsysfwgit@intel.com> 
Date: Tue Jan 6 17:28:54 2026 +0530 
-------------------------------------------------------------------------------- 
LP5 DRAM Rx Offset Calibration flow update

[Feature Description]
1. Move DimmRxOffsetCalibration in the call table to be right before UMWRTC1D.
2. Observe tOSCal properly
3. Use Outputs->LpX instead of MR8 readout
4. Set DQ ODT to RZQ/6 during the training, per JEDEC spec.
5. Run Rx Offset Calibration Training on one rank at a time.
6. Properly restore MR15 on each device.
7. Keep WCK on if it was in always-on mode before this training.
8. Remove the recentering as it's not possible to do it in the early stage
 and also when this will run as part of JEDEC init on Fast flow (not part of this PR).
9. Rerun RxOCC on subsequent JEDEC Resets
10. Move the calibration routine from MrcCrosser.c to MrcLpddr5.c to share the code
 between Blue and Green.
11. Enable RxOCC by default, only on 9600 and above.

Package/Module: MemoryInit

[Impacted Platform]
All

Hsd-es-id: 18044017019
Original commit date: Mon Dec 8 14:19:42 2025 +0100
Change-Id: I2095804548d96679343968a35cd45a67a7c2e04d
Original commit hash: 9031957f54bac74f2de52a2abcb3458475029263

-------------------------------------------------------------------------------- 
[Changed Files]
OneSiliconPkg/IpBlock/MemoryInit/Include/CMrcInterface.h
OneSiliconPkg/IpBlock/MemoryInit/Library/PeiMemPolicyLib/InputBlock/Ptl/MrcInputBlock.c
OneSiliconPkg/IpBlock/MemoryInit/src/JedecLib/Lpddr5/BlueMrcLpddr5.c
OneSiliconPkg/IpBlock/MemoryInit/src/MemoryTypes/MrcLpddr5.c
OneSiliconPkg/IpBlock/MemoryInit/src/MemoryTypes/MrcLpddr5.h
OneSiliconPkg/IpBlock/MemoryInit/src/MemoryTypes/MrcLpddr5Registers.h
OneSiliconPkg/IpBlock/MemoryInit/src/ServicesLib/BlueMrcReset.c
OneSiliconPkg/IpBlock/MemoryInit/src/ServicesLib/MrcCrosser.h
PantherLakeBoardPkg/Include/Dsc/HiiStructurePcd.dsc
PantherLakeFspPkg/Library/PeiPolicyUpdatePreMemLib/PeiSaPolicyUpdatePreMem.c
PantherLakeFspPkg/Upd/FspmUpd.dsc
PantherLakeFspPkg/Upd/UpdList/FSPM.txt
PantherLakePlatSamplePkg/Include/SetupVariable.h
PantherLakePlatSamplePkg/Library/PeiPolicyUpdateLib/PeiSaPolicyUpdatePreMem.c
PantherLakePlatSamplePkg/Setup/SaSetup.hfr
PantherLakePlatSamplePkg/Setup/SaSetup.uni

================================================================================ 
Commit: 08d72de877b3a331ec750593899061ac81d42817 
Author: ClientSysFWGit <clientsysfwgit@intel.com> 
Date: Tue Jan 6 17:28:47 2026 +0530 
-------------------------------------------------------------------------------- 
"WCL WildcatLake_wildcatlake_family_Daily Daily Updating Version/ID: WildcatLake_3500_01

Hsd-es-id: N/A"
Original commit date: Sun Dec 7 23:35:55 2025 +0000
Original commit hash: 0a5b037aea8cf431d3c4f855222dd151e766bb05

-------------------------------------------------------------------------------- 
[Changed Files]
OneSiliconPkg/Product/PantherLake/SiPkgPcdInit.dsc
PantherLakeBoardPkg/BiosId.env

================================================================================ 
Commit: 93c858d1fcbdf36587ed5e4150f3df816d36e912 
Author: ClientSysFWGit <clientsysfwgit@intel.com> 
Date: Tue Jan 6 17:28:41 2026 +0530 
-------------------------------------------------------------------------------- 
"PTL PantherLake_pantherlake_family_Daily Daily Updating Version/ID: PantherLake_3500_00

Hsd-es-id: N/A"
Original commit date: Sun Dec 7 18:35:40 2025 +0000
Original commit hash: 8cd5929a6c182bcce737933ce3fb4769378799fb

-------------------------------------------------------------------------------- 
[Changed Files]
OneSiliconPkg/Product/PantherLake/SiPkgPcdInit.dsc
PantherLakeBoardPkg/BiosId.env

================================================================================ 
Commit: 56ae1ea5396d5cfc6b4e86d3d52bc34881ba1446 
Author: ClientSysFWGit <clientsysfwgit@intel.com> 
Date: Tue Jan 6 17:28:34 2026 +0530 
-------------------------------------------------------------------------------- 
"WCL WildcatLake_wildcatlake_family_Daily Daily Updating Version/ID: WildcatLake_3496_01

Hsd-es-id: N/A"
Original commit date: Sat Dec 6 23:34:05 2025 +0000
Original commit hash: 2b7111f42ed23f66a7b91e80c38cac8de51c45d7

-------------------------------------------------------------------------------- 
[Changed Files]
OneSiliconPkg/Product/PantherLake/SiPkgPcdInit.dsc
PantherLakeBoardPkg/BiosId.env

================================================================================ 
Commit: e3600bacaeedeadd87f858ee9c9b6aa4514d0600 
Author: ClientSysFWGit <clientsysfwgit@intel.com> 
Date: Tue Jan 6 17:28:28 2026 +0530 
-------------------------------------------------------------------------------- 
"PTL PantherLake_pantherlake_family_Daily Daily Updating Version/ID: PantherLake_3496_00

Hsd-es-id: N/A"
Original commit date: Sat Dec 6 18:35:35 2025 +0000
Original commit hash: 1d40ea75db1b7ed738706e0605bc2d6e9c25d03e

-------------------------------------------------------------------------------- 
[Changed Files]
OneSiliconPkg/Product/PantherLake/SiPkgPcdInit.dsc
PantherLakeBoardPkg/BiosId.env

================================================================================ 
Commit: ac1bf635b87385854bf7ced34be31e2ea04a7270 
Author: ClientSysFWGit <clientsysfwgit@intel.com> 
Date: Tue Jan 6 17:28:21 2026 +0530 
-------------------------------------------------------------------------------- 
"WCL WildcatLake_wildcatlake_family_Daily Daily Updating Version/ID: WildcatLake_3495_01

Hsd-es-id: N/A"
Original commit date: Fri Dec 5 23:36:17 2025 +0000
Original commit hash: 313f22be3451a5a4a099cd08359f9b88cd63da5f

-------------------------------------------------------------------------------- 
[Changed Files]
OneSiliconPkg/Product/PantherLake/SiPkgPcdInit.dsc
PantherLakeBoardPkg/BiosId.env

================================================================================ 
Commit: 3bd8c9a3b5ccc46941a0ea17551c021e98e328ea 
Author: ClientSysFWGit <clientsysfwgit@intel.com> 
Date: Tue Jan 6 17:28:16 2026 +0530 
-------------------------------------------------------------------------------- 
"PTL PantherLake_pantherlake_family_Daily Daily Updating Version/ID: PantherLake_3495_00

Hsd-es-id: N/A"
Original commit date: Fri Dec 5 18:38:22 2025 +0000
Original commit hash: 3e3eeea4bc35fe780e6ff256e6525494f7fa2116

-------------------------------------------------------------------------------- 
[Changed Files]
OneSiliconPkg/Product/PantherLake/SiPkgPcdInit.dsc
PantherLakeBoardPkg/BiosId.env

================================================================================ 
Commit: 2e27eb479690745c974902cf010e9ff9675262b5 
Author: ClientSysFWGit <clientsysfwgit@intel.com> 
Date: Tue Jan 6 17:28:12 2026 +0530 
-------------------------------------------------------------------------------- 
Unable to get GOP debug logs in API mode

[Issue Description]
In API mode, the GOP debug logs are not being captured or displayed as expected.

[Resolution]
In API mode, the GOP debug logs are not being captured or displayed as expected.

Package/Module: FspPkg

[Impacted Platform]
Default ALL

Hsd-es-id: 15018674214
Original commit date: Thu Dec 4 17:37:12 2025 +0530
Change-Id: If590c8207b0de627100a06fa66431836b497d1bd
Original commit hash: 8e4bf2bf3dad2e75189345069778b135de285004

-------------------------------------------------------------------------------- 
[Changed Files]
OneSiliconPkg/Fsp/FspInit/Pei/FspInit.c
OneSiliconPkg/Fsp/FspInit/Pei/FspInit.h
OneSiliconPkg/Fsp/FspInit/Pei/FspInit.inf
OneSiliconPkg/Fsp/FspInit/Pei/FspInitPreMem.c
OneSiliconPkg/Fsp/FspInit/Pei/FspInitPreMem.h
OneSiliconPkg/Fsp/FspInit/Pei/FspInitPreMem.inf
OneSiliconPkg/Fsp/Library/MonoStatusCode/MonoStatusCode.c
OneSiliconPkg/Fsp/Library/MonoStatusCode/MonoStatusCode.inf

================================================================================ 
Commit: f8be4684045adce29c385e120c66173b03c168d9 
Author: ClientSysFWGit <clientsysfwgit@intel.com> 
Date: Tue Jan 6 17:28:06 2026 +0530 
-------------------------------------------------------------------------------- 
"WCL WildcatLake_wildcatlake_family_Daily Daily Updating Version/ID: WildcatLake_3494_01

Hsd-es-id: N/A"
Original commit date: Thu Dec 4 23:36:03 2025 +0000
Original commit hash: ae5723e09a9183c23ab48f983cd09c82712dc08f

-------------------------------------------------------------------------------- 
[Changed Files]
OneSiliconPkg/Product/PantherLake/SiPkgPcdInit.dsc
PantherLakeBoardPkg/BiosId.env

================================================================================ 
Commit: fed19ceb8a1463575eca03174d7f7e4eab459ba8 
Author: ClientSysFWGit <clientsysfwgit@intel.com> 
Date: Tue Jan 6 17:27:59 2026 +0530 
-------------------------------------------------------------------------------- 
"PTL PantherLake_pantherlake_family_Daily Daily Updating Version/ID: PantherLake_3494_00

Hsd-es-id: N/A"
Original commit date: Thu Dec 4 18:37:15 2025 +0000
Original commit hash: a7e06d98c2c5b7f279dd5aa2dbf122cb3dcde61b

-------------------------------------------------------------------------------- 
[Changed Files]
OneSiliconPkg/Product/PantherLake/SiPkgPcdInit.dsc
PantherLakeBoardPkg/BiosId.env

================================================================================ 
Commit: eba2174ed8df4fc700af259a66e75ea1cbd179b9 
Author: ClientSysFWGit <clientsysfwgit@intel.com> 
Date: Tue Jan 6 17:27:44 2026 +0530 
-------------------------------------------------------------------------------- 
PCIe Public API Update for TSE library

[Feature Description]
Provide public API which will check standard PCIe register if given bus number NVMe
is connected to Hot plugable Root ports

Package/Module:
PCIe

[Impacted Platform]
ALL

Hsd-es-id: 16029360537
Original commit date: Thu Dec 4 13:23:07 2025 +0530
Change-Id: I20e1643b550f3ac4fdb2dced87472e1e437b25d6
Original commit hash: 11d8e1cb6e432a2090de05a4cc5f8e735bdb12fc

-------------------------------------------------------------------------------- 
[Changed Files]
OneSiliconPkg/Fru/PtlPcd/LibraryPrivate/PtlPcdPcieRpLib/PcieRpPcdLib.c

================================================================================ 
Commit: 75faec5c311050cc1fc0015beed8394debabe7e6 
Author: ClientSysFWGit <clientsysfwgit@intel.com> 
Date: Tue Jan 6 17:27:27 2026 +0530 
-------------------------------------------------------------------------------- 
BIOS shall not support programming TSE BDF of Hot-plugged NVMe device

[Feature Description]
BIOS shall not support programming TSE BDF of Hot-plugged NVMe device

Package/Module:

[Impacted Platform]
ALL

Hsd-es-id: 14026475995
Original commit date: Wed Dec 3 09:13:53 2025 -0800
Change-Id: I1b10c3e09fb6081386ee94fa4374ccb1e949c5d9
Original commit hash: f3092ae31132fe111b3befa06526de6ba5ddc6ec

-------------------------------------------------------------------------------- 
[Changed Files]
OneSiliconPkg/IpBlock/Tse/TseDxe/TseDxe.c

================================================================================ 
Commit: 672d187302cd45b078088a1fda3e1049bb9491a0 
Author: ClientSysFWGit <clientsysfwgit@intel.com> 
Date: Tue Jan 6 17:27:11 2026 +0530 
-------------------------------------------------------------------------------- 
[SOC I/O] 1x2 lane reversal not detecting EP

[Issue Description]
On PXPC port with 1x2 lane reversal
configuration device is not getting detected

[Resolution]
Updated to FIA register for lane reversal
Corrected pcie clock usage

Package/Module:BoardPkg

[Impacted Platform]
ALL

Hsd-es-id: 16029330755
Original commit date: Mon Dec 1 20:36:44 2025 +0530
Change-Id: Ie4d39098b8a12af068b75a01d41a8e9f1447aa19
Original commit hash: 72d04246ed0745fc9733e8b08005524320549134

-------------------------------------------------------------------------------- 
[Changed Files]
OneSiliconPkg/Fru/PtlPcd/IncludePrivate/Library/PtlPcdFiaSocLib.h
OneSiliconPkg/Fru/PtlPcd/LibraryPrivate/PtlPcdFiaLib/FiaSocLibPtl.c
OneSiliconPkg/Fru/PtlPcd/LibraryPrivate/PtlPcdPeiInitLib/PtlPcdRootPorts.c
OneSiliconPkg/IpBlock/PcieRp/IncludePrivate/Library/PeiPcieSipInitLib.h
OneSiliconPkg/IpBlock/PcieRp/LibraryPrivate/PeiPcieSipInitLib/PeiPcieSipInitLib.c
PantherLakePlatSamplePkg/Setup/PchSetup.c

================================================================================ 
Commit: 70b5d3b6b7571ff83a866849dc9a2304e9fb153f 
Author: ClientSysFWGit <clientsysfwgit@intel.com> 
Date: Tue Jan 6 17:26:49 2026 +0530 
-------------------------------------------------------------------------------- 
"WCL WildcatLake_wildcatlake_family_Daily Daily Updating Version/ID: WildcatLake_3493_01

Hsd-es-id: N/A"
Original commit date: Wed Dec 3 23:35:39 2025 +0000
Original commit hash: 7d4c53cdb9a93a9e9b00ff96c2f9208a37154ef7

-------------------------------------------------------------------------------- 
[Changed Files]
OneSiliconPkg/Product/PantherLake/SiPkgPcdInit.dsc
PantherLakeBoardPkg/BiosId.env

================================================================================ 
Commit: f7244a68050c267e291527d2e2dd3b243aa3313d 
Author: ClientSysFWGit <clientsysfwgit@intel.com> 
Date: Tue Jan 6 17:26:33 2026 +0530 
-------------------------------------------------------------------------------- 
"PTL PantherLake_pantherlake_family_Daily Daily Updating Version/ID: PantherLake_3493_00

Hsd-es-id: N/A"
Original commit date: Wed Dec 3 18:36:15 2025 +0000
Original commit hash: 517e0621f92275c8166be4deca2cd24d6472b3b8

-------------------------------------------------------------------------------- 
[Changed Files]
OneSiliconPkg/Product/PantherLake/SiPkgPcdInit.dsc
PantherLakeBoardPkg/BiosId.env

================================================================================ 
Commit: ce8070d404d440dd8aef3c00fb17515ba4788972 
Author: ClientSysFWGit <clientsysfwgit@intel.com> 
Date: Tue Jan 6 17:26:19 2026 +0530 
-------------------------------------------------------------------------------- 
[SOC I/O] PCIe Public API for TSE library

[Feature Description]
Provide PCIe public API which will check if given bus number NVMe
is connected to Hot plugable Root ports

Package/Module:
TSE

[Impacted Platform]
ALL

Hsd-es-id: 14026475935
Original commit date: Fri Nov 21 11:18:23 2025 +0530
Change-Id: I12c9248c57fa95a125e4c773707b109aeca38644
Original commit hash: 32f8bc0e07031c5bde2474ebd65989cb10c331a2

-------------------------------------------------------------------------------- 
[Changed Files]
OneSiliconPkg/Fru/PtlPcd/LibraryPrivate/PtlPcdPcieRpLib/PcieRpPcdLib.c
OneSiliconPkg/Include/Library/PchPcieRpLib.h
OneSiliconPkg/IpBlock/PcieRp/IncludePrivate/Register/PcieSipRegs.h

================================================================================ 
Commit: d241c107b0ef1c14319d98301e36a4b2d8b3d31e 
Author: ClientSysFWGit <clientsysfwgit@intel.com> 
Date: Tue Jan 6 17:26:04 2026 +0530 
-------------------------------------------------------------------------------- 
VCCSA_ShutDown BIOS Menu knob exposure

[Feature Description]
VCCSA_ShutDown BIOS Menu knob exposure

Package/Module: 1S, Platform, Fsp

[Impacted Platform]
P.

Hsd-es-id: 16029189113
Original commit date: Tue Nov 18 17:05:15 2025 +0530
Change-Id: I7b9b5b74907530a88fad9b0fccedaa26f08cae2c
Original commit hash: 9e430a8de401f7b4b27b3b6c098e1c52962118d4

-------------------------------------------------------------------------------- 
[Changed Files]
OneSiliconPkg/Include/ConfigBlock/VoltageRegulator/CpuPowerMgmtVrConfig.h
OneSiliconPkg/Include/Register/B2pMailbox.h
OneSiliconPkg/IpBlock/VoltageRegulator/LibraryPrivate/PeiVrLib/PeiVrLib.c
OneSiliconPkg/IpBlock/VoltageRegulator/LibraryPrivate/PeiVrPolicyLib/PeiVrPolicyLib.c
PantherLakeBoardPkg/Include/Dsc/HiiStructurePcd.dsc
PantherLakeFspPkg/Library/PeiPolicyUpdatePreMemLib/PeiCpuPolicyUpdatePreMem.c
PantherLakeFspPkg/Upd/FspmUpd.dsc
PantherLakePlatSamplePkg/Include/SetupVariable.h
PantherLakePlatSamplePkg/Library/PeiPolicyUpdateLib/PeiCpuPolicyUpdatePreMem.c
PantherLakePlatSamplePkg/Setup/CpuSetup.uni
PantherLakePlatSamplePkg/Setup/VoltageRegulatorSetup.hfr

================================================================================ 
Commit: 5658bada123c7ebca1efeef2f1c9054fb64147a6 
Author: ClientSysFWGit <clientsysfwgit@intel.com> 
Date: Tue Jan 6 17:25:59 2026 +0530 
-------------------------------------------------------------------------------- 
Recovering vPro TBT Dock MAPT MAC Address after CSME FW Recovery

[Issue Description]
When ME region is re-flashed after MAPT MAC address is set,
CSME loses the MAPT MAC address and BIOS does not set it again.
This could be due to resiliency flow where CSME FW is recovered
or due to a special manufacturing flow.
As a result, the CSME loses the MAPT functionality.

[Resolution]
When "HW Asset" indication is set in MBP,
BIOS shall send the MAPT MAC address to CSME FW

Package/Module:
Features/Manageability/AmtMacPassThroughFeaturePkg/

[Impacted Platform]
ALL

Hsd-es-id: 18044005129
Original commit date: Mon Dec 1 16:45:40 2025 +0100
Change-Id: I1542dc39611285fb0d4d699d0bfa0c2db527680f
Original commit hash: 6c6f57cb2d279ce64e33ecfd78382b092652f6af

-------------------------------------------------------------------------------- 
[Changed Files]
Features/Manageability/AmtMacPassThroughFeaturePkg/AmtMacPassThrough/AmtMacPassThrough.c
Features/Manageability/AmtMacPassThroughFeaturePkg/Readme.md

================================================================================ 
Commit: 652f822b4d2cae98fa9b769b2c372726082a95d9 
Author: ClientSysFWGit <clientsysfwgit@intel.com> 
Date: Tue Jan 6 17:25:49 2026 +0530 
-------------------------------------------------------------------------------- 
"WCL WildcatLake_wildcatlake_family_Daily Daily Updating Version/ID: WildcatLake_3492_01

Hsd-es-id: N/A"
Original commit date: Tue Dec 2 23:36:19 2025 +0000
Original commit hash: de1a754f0cb6793e03ce2930240372ea6ecf309a

-------------------------------------------------------------------------------- 
[Changed Files]
OneSiliconPkg/Product/PantherLake/SiPkgPcdInit.dsc
PantherLakeBoardPkg/BiosId.env

================================================================================ 
Commit: 9687a3809f9b8e2a4daea32184449d518ff7b8cd 
Author: ClientSysFWGit <clientsysfwgit@intel.com> 
Date: Tue Jan 6 17:25:37 2026 +0530 
-------------------------------------------------------------------------------- 
"PTL PantherLake_pantherlake_family_Daily Daily Updating Version/ID: PantherLake_3492_00

Hsd-es-id: N/A"
Original commit date: Tue Dec 2 18:36:03 2025 +0000
Original commit hash: dff5105000a21946959b0e3857cdf2582f471709

-------------------------------------------------------------------------------- 
[Changed Files]
OneSiliconPkg/Product/PantherLake/SiPkgPcdInit.dsc
PantherLakeBoardPkg/BiosId.env

================================================================================ 
Commit: 8f67680959938c8595d3eb82a6e9dd8564738186 
Author: ClientSysFWGit <clientsysfwgit@intel.com> 
Date: Tue Jan 6 17:25:27 2026 +0530 
-------------------------------------------------------------------------------- 
Enable SECURE CONNECTION Phase 2, new pair of keys is not getting generated

[Issue Description]
Currently Public key(x,y) is generated once and the same key reused for each pairing.
For each paring, a new set of public key should be generated.

[Resolution]
Call smp_generate_p256_keys at correct state and appropriate changes needed.

Package/Module:
Features/BluetoothPkg/BluetoothBusDxe

[Impacted Platform]
PTL

Hsd-es-id: 16029255489
Original commit date: Mon Nov 24 15:05:19 2025 +0530
Change-Id: Ibc3a30301dbbe14e800fa2017a503a3623bc0520
Original commit hash: 76ff404a2b99f10325b3b5a42ec79b72dc0ed5dd

-------------------------------------------------------------------------------- 
[Changed Files]
Features/BluetoothPkg/BluetoothBusDxe/iLE/core/inc/smp.h
Features/BluetoothPkg/BluetoothBusDxe/iLE/core/src/gap.c
Features/BluetoothPkg/BluetoothBusDxe/iLE/core/src/smp.c
Features/BluetoothPkg/BluetoothBusDxe/iLE/mgr/inc/smp_mgr.h
Features/BluetoothPkg/BluetoothBusDxe/iLE/mgr/src/smp_mgr.c

================================================================================ 
Commit: 4b8aeae9b5f9ceb7d9955722433a8628f841482a 
Author: ClientSysFWGit <clientsysfwgit@intel.com> 
Date: Tue Jan 6 17:25:15 2026 +0530 
-------------------------------------------------------------------------------- 
Fix volume corrupt assert issue observed with extended image

[Issue Description]
Volume corrupt assert is observed while booting extended
image, this is because the FVuefiboot volume is getting
corrupted as BiosKnobsData.ffs was being added twice to this FV

[Resolution]
ParseSetup.py is already adding BiosKnobsData.ffs to FV and
generating FD using FMMT. So the removing the second time
generation of FFS and FD

Package/Module:
BoardPkg

[Impacted Platform]
Default ALL

Hsd-es-id: 16029217857
Original commit date: Fri Nov 28 12:38:05 2025 +0530
Change-Id: I3a702ceb01638c20266e7067ef7c4d4d93ac9599
Original commit hash: f9567813e1a7b51a3a79e1a8132578b683fc3ad6

-------------------------------------------------------------------------------- 
[Changed Files]
PantherLakeBoardPkg/PostBuild.sh

================================================================================ 
Commit: 181975456171cbcd3791765b050d1c0c43646732 
Author: ClientSysFWGit <clientsysfwgit@intel.com> 
Date: Tue Jan 6 17:25:04 2026 +0530 
-------------------------------------------------------------------------------- 
BIOS Cleanup for Unused Code

[Feature Description]
BIOS Cleanup for Unused Code

Package/Module:
SiliconPkg

[Impacted Platform]
All

Hsd-es-id: 16029332688
Original commit date: Sun Nov 30 14:38:12 2025 +0530
Change-Id: I9f81b4d1b268fe7a5432b8a4e34d5c5b0f1dbddf
Original commit hash: b63e80c751432c21223b36aa1aad3eab035c2e52

-------------------------------------------------------------------------------- 
[Changed Files]
OneSiliconPkg/Fru/PtlCDie/LibraryPrivate/BaseCpuInfoFruLib/BaseCpuInfoFruLib.c
OneSiliconPkg/Fru/PtlCDie/VoltageRegulator/LibraryPrivate/PeiVrFruLib/PeiVrFruLib.c
OneSiliconPkg/IncludePrivate/Register/Ptl/Cpu/CpuGenInfoFruLib.h

================================================================================ 
Commit: 70e02b9f17933127a8f96d94da000d6a3dbd2f90 
Author: ClientSysFWGit <clientsysfwgit@intel.com> 
Date: Tue Jan 6 17:24:52 2026 +0530 
-------------------------------------------------------------------------------- 
"WCL WildcatLake_wildcatlake_family_Daily Daily Updating Version/ID: WildcatLake_3491_01

Hsd-es-id: N/A"
Original commit date: Mon Dec 1 23:35:39 2025 +0000
Original commit hash: c9e2a04c6615e946b2211bd1d7f5d98fdab6b87f

-------------------------------------------------------------------------------- 
[Changed Files]
OneSiliconPkg/Product/PantherLake/SiPkgPcdInit.dsc
PantherLakeBoardPkg/BiosId.env

================================================================================ 
Commit: 573f15f2f5d5b7ebf74449095e8a7cf55d820e88 
Author: ClientSysFWGit <clientsysfwgit@intel.com> 
Date: Tue Jan 6 17:24:41 2026 +0530 
-------------------------------------------------------------------------------- 
"PTL PantherLake_pantherlake_family_Daily Daily Updating Version/ID: PantherLake_3491_00

Hsd-es-id: N/A"
Original commit date: Mon Dec 1 18:35:55 2025 +0000
Original commit hash: de965c9e0e236d6d365067261d88aae769f02757

-------------------------------------------------------------------------------- 
[Changed Files]
OneSiliconPkg/Product/PantherLake/SiPkgPcdInit.dsc
PantherLakeBoardPkg/BiosId.env

================================================================================ 
Commit: ffd0d37cd21f74b3a51a4da3525d25a1ef698089 
Author: ClientSysFWGit <clientsysfwgit@intel.com> 
Date: Tue Jan 6 17:24:30 2026 +0530 
-------------------------------------------------------------------------------- 
[TXT] Don't Relocate SACM if no LLC

[Issue Description]
ACHECK ACM launch was failing with UCODE error on 0+0+4 config.
Turns out that if no LLC, then relocating ACM from flash location is
not an option.
Before ACM launch, UCODE loads ACM to MLC from level higher in mem
(generally LLC).
In MLC-only case, there is no LLC. Level higher is SPI flash.
Since SPI flash at alternate location (ie TempRAM) does not contain ACM,
GETSEC[ENTERACCS] launch would fail with UCODE error

[Resolution]
If no LLC, then must use an MTRR to cover ACM at flash location.

Package/Module: Intel/OneSiliconPkg/IpBlock/Txt/LibraryPrivate/PeiTxtLib

[Impacted Platform]
ALL

Hsd-es-id: 14026076796
Original commit date: Thu Oct 16 15:18:55 2025 -0700
Change-Id: I5e03d934dccb8c42cafeb576f5e38dabea8c37f8
Original commit hash: dede74e8365bcc4af216699414746d7c1a7439cf

-------------------------------------------------------------------------------- 
[Changed Files]
OneSiliconPkg/IpBlock/Txt/LibraryPrivate/PeiTxtLib/TxtPeiLib.c

================================================================================ 
Commit: 4c626d4c90b0c77b849197690a8aaa3642c1bcba 
Author: ClientSysFWGit <clientsysfwgit@intel.com> 
Date: Tue Jan 6 17:24:19 2026 +0530 
-------------------------------------------------------------------------------- 
Fix S4 wake failure when a additional reset occurs during S4 wake

[Issue Description]
After a system crash immediate s4 wake is failing when
an additional reset occurs during S4 wake

[Resolution]
Once a crash occurred allocate the new crash record pages memory
every time in the bios flow

Package/Module:
Features/Crashlog

[Impacted Platform]
Default ALL

Hsd-es-id: 15018706685
Original commit date: Fri Nov 28 17:20:54 2025 +0530
Change-Id: I24bf40ac8de996b9e65247ea850480524a4e2e10
Original commit hash: 16f2e0677f9b0939454ba3eca94c8c59e0bbe933

-------------------------------------------------------------------------------- 
[Changed Files]
PantherLakeBoardPkg/Features/CrashLog/Agent/CpuCrashLogAgent/CpuCrashLogPei.c
PantherLakeBoardPkg/Features/CrashLog/Agent/SocCrashLogAgent/SocCrashLogPei.c

================================================================================ 
Commit: f9c6399210fe775694378854363774e4dbce5585 
Author: ClientSysFWGit <clientsysfwgit@intel.com> 
Date: Tue Jan 6 17:24:07 2026 +0530 
-------------------------------------------------------------------------------- 
Maintain backward compatibility for public APIs

[Feature Description]
Maintain backward compatibility for both public APIs
i.e. IsSigningSupported() and VerifyAndLogEventFsps()

Package/Module:
xxxFspPkg

[Impacted Platform]
All

Hsd-es-id: 16029290108
Original commit date: Tue Nov 25 11:12:59 2025 +0530
Change-Id: I4a58a1b588e3682ce17c1219ef6b1456bf658ec1
Original commit hash: 4264d9b80a13d39327ea4c841a34d779f222b17b

-------------------------------------------------------------------------------- 
[Changed Files]
OneSiliconPkg/Fsp/Include/Ppi/FspLoaderPpi.h
PantherLakeFspPkg/FspLoaderPeim/FspLoaderPeim.c
PantherLakeFspPkg/Include/Library/FspVerificationLib.h
PantherLakeFspPkg/Library/BaseFspVerificationLib/BaseFspVerificationLib.c
PantherLakeFspPkg/Library/FspLoadComponentsLib/FspLoadComponents.c
PantherLakeFspPkg/Library/MeasurementLib/FspMeasurementLib.c

================================================================================ 
Commit: e307f9a432e7bbbefe1a8705285daa37759598f0 
Author: ClientSysFWGit <clientsysfwgit@intel.com> 
Date: Tue Jan 6 17:23:56 2026 +0530 
-------------------------------------------------------------------------------- 
Fix for reset issue in WCL,PTL and junk character issue in PTL

[Issue Description]
After performing RESET -S while waking up from S5 state observing postcode:10B3 in WCL and PTL
Junk values in PTL debug logs

[Resolution]
Fixes reset issue in WCL and PTL
Fixes junk character issue in PTL debug logs

Package/Module:

[Impacted Platform]
WCL
PTL

Hsd-es-id: 16029211746,16029211804,15018696024
Original commit date: Mon Nov 24 11:57:22 2025 +0530
Change-Id: I9398dc7ca7b75d0b5ceb5d6e4f6eaf41395df1cb
Original commit hash: 5a7e8e89be62af112182978328a7be9d6f577387

-------------------------------------------------------------------------------- 
[Changed Files]
Features/Manageability/PlatformSanitizeFeaturePkg/PlatformSanitizeFeaturePkg.dsc
OneSiliconPkg/Fru/PtlPcd/Dxe.dsc
OneSiliconPkg/Fsp/FspDebugInit/Pei/FspDebugServicePei.c
OneSiliconPkg/Fsp/FspDebugInit/Pei/FspDebugServicePei.inf
OneSiliconPkg/Fsp/Library/DebugLibDebugPort/Pei/DebugLibDebugPort.c
OneSiliconPkg/Fsp/Library/DebugLibDebugPort/Pei/DebugLibDebugPort.inf
OneSiliconPkg/Product/PantherLake/SiPkgDxe.dsc
PantherLakeBoardPkg/BoardPkg.dsc
PantherLakeBoardPkg/Features/Setup/Include/Dsc/SetupDxe.dsc
PantherLakeBoardPkg/Include/Dsc/CoreDxeDrivers.dsc
PantherLakeBoardPkg/Include/Dsc/CoreDxeInclude.dsc
PantherLakePlatSamplePkg/Features/PlatformStatusCodeHandler/RuntimeDxe/PlatformStatusCodeHandlerRuntimeDxe.c
PantherLakePlatSamplePkg/Features/PlatformStatusCodeHandler/RuntimeDxe/PlatformStatusCodeHandlerRuntimeDxe.h
PantherLakePlatSamplePkg/Features/PlatformStatusCodeHandler/RuntimeDxe/PlatformStatusCodeHandlerRuntimeDxe.inf
PantherLakePlatSamplePkg/Library/BaseDebugLibAllDebugPort/BaseDebugLibAllDebugPort.inf
PantherLakePlatSamplePkg/Library/BaseDebugLibAllDebugPort/DebugLib.c
PantherLakePlatSamplePkg/Library/RuntimeDxePlatformStatusCodeHandlerLib/RuntimeDxePlatformStatusCodeHandlerLib.c
PantherLakePlatSamplePkg/Library/RuntimeDxePlatformStatusCodeHandlerLib/RuntimeDxePlatformStatusCodeHandlerLib.h
PantherLakePlatSamplePkg/Library/RuntimeDxePlatformStatusCodeHandlerLib/RuntimeDxePlatformStatusCodeHandlerLib.inf
PantherLakePlatSamplePkg/Library/RuntimeDxePlatformStatusCodeHandlerLib/SerialIoUartDxeStatusCodeWorker.c
PantherLakePlatSamplePkg/Library/RuntimeDxePlatformStatusCodeHandlerLib/Usb3StatusCodeWorker.c
PantherLakePlatSamplePkg/Library/SmmPlatformStatusCodeHandlerLib/SerialIoUartStatusCodeWorker.c
PantherLakePlatSamplePkg/Library/SmmPlatformStatusCodeHandlerLib/SmmPlatformStatusCodeHandlerLib.c
PantherLakePlatSamplePkg/Library/SmmPlatformStatusCodeHandlerLib/SmmPlatformStatusCodeHandlerLib.h
PantherLakePlatSamplePkg/Library/SmmPlatformStatusCodeHandlerLib/SmmPlatformStatusCodeHandlerLib.inf
PantherLakePlatSamplePkg/Library/SmmPlatformStatusCodeHandlerLib/Usb3StatusCodeWorker.c

================================================================================ 
Commit: 0dd2c68efbc62c266ac512e7aeadb87fdd28903a 
Author: ClientSysFWGit <clientsysfwgit@intel.com> 
Date: Tue Jan 6 17:23:43 2026 +0530 
-------------------------------------------------------------------------------- 
Revert "FSP will check the status of FSPS verification."

[Issue Description]
Reverting this change as this change is not needed.
Not satisifiying safe review conditions.

[Resolution]
Reverting this change.

Package/Module: OneSiliconPkg, FspPkg

[Impacted Platform]
All

Original commit date: Thu Nov 20 11:41:07 2025 +0530
Change-Id: I6f982107b19fd9d1bfc4a37997703c8edd7e67fb
Original commit hash: c5316ba5dcdf9c1d45620c4572cf6622bb348105

-------------------------------------------------------------------------------- 
[Changed Files]
OneSiliconPkg/Fsp/Include/Ppi/FspLoaderPpi.h
OneSiliconPkg/Product/PantherLake/SiInit/Pei/SiInit.c
OneSiliconPkg/Product/PantherLake/SiInit/Pei/SiInit.inf
PantherLakeFspPkg/FspLoaderPeim/FspLoaderPeim.c
PantherLakeFspPkg/FspLoaderPeim/FspLoaderPeim.inf

================================================================================ 
Commit: f3f2aad33cd1286c68680bf5be4bf7ca2d2ccd73 
Author: ClientSysFWGit <clientsysfwgit@intel.com> 
Date: Tue Jan 6 17:23:27 2026 +0530 
-------------------------------------------------------------------------------- 
Open source full fsp headers to coreboot

[Feature Description]
Add all the remaining UPDs in the FSPM.txt and FSPS.txt

Package/Module:
FspPkg

[Impacted Platform]
Default ALL

Hsd-es-id: 16028535508
Original commit date: Thu Nov 20 12:40:42 2025 +0530
Change-Id: Ia5994026a123452349dd5055b9dc728523f61082
Original commit hash: daaa412869eb45ed69d87caf36c47122b9a4ed7d

-------------------------------------------------------------------------------- 
[Changed Files]
PantherLakeFspPkg/Upd/UpdList/FSPM.txt
PantherLakeFspPkg/Upd/UpdList/FSPS.txt

================================================================================ 
Commit: e3793616d1e4650018da6f39a464758ea3d6e976 
Author: ClientSysFWGit <clientsysfwgit@intel.com> 
Date: Tue Jan 6 17:23:16 2026 +0530 
-------------------------------------------------------------------------------- 
"WCL WildcatLake_wildcatlake_family_Daily Daily Updating Version/ID: WildcatLake_3490_01

Hsd-es-id: N/A"
Original commit date: Sun Nov 30 23:35:36 2025 +0000
Original commit hash: 63c552b87ae921c9ec8c66aed1575e28c16f92bd

-------------------------------------------------------------------------------- 
[Changed Files]
OneSiliconPkg/Product/PantherLake/SiPkgPcdInit.dsc
PantherLakeBoardPkg/BiosId.env

================================================================================ 
Commit: 0ae70f72bfacccf427b0bb490b6a2cc5c2d934ee 
Author: ClientSysFWGit <clientsysfwgit@intel.com> 
Date: Tue Jan 6 17:23:11 2026 +0530 
-------------------------------------------------------------------------------- 
"PTL PantherLake_pantherlake_family_Daily Daily Updating Version/ID: PantherLake_3490_00

Hsd-es-id: N/A"
Original commit date: Sun Nov 30 18:35:21 2025 +0000
Original commit hash: 344fc6f8825f0c925e3124c02498b7ecac230b4b

-------------------------------------------------------------------------------- 
[Changed Files]
OneSiliconPkg/Product/PantherLake/SiPkgPcdInit.dsc
PantherLakeBoardPkg/BiosId.env

================================================================================ 
Commit: d721f4039986dfeeaa5a8cbecb8ebbe3953a8108 
Author: ClientSysFWGit <clientsysfwgit@intel.com> 
Date: Tue Jan 6 17:23:07 2026 +0530 
-------------------------------------------------------------------------------- 
"WCL WildcatLake_wildcatlake_family_Daily Daily Updating Version/ID: WildcatLake_3486_01

Hsd-es-id: N/A"
Original commit date: Sat Nov 29 23:35:28 2025 +0000
Original commit hash: c1d050e1451786c6b33454b84171163d3e066c4e

-------------------------------------------------------------------------------- 
[Changed Files]
OneSiliconPkg/Product/PantherLake/SiPkgPcdInit.dsc
PantherLakeBoardPkg/BiosId.env

================================================================================ 
Commit: b7eedda78e038cc5088683f06b46a2b2812c1890 
Author: ClientSysFWGit <clientsysfwgit@intel.com> 
Date: Tue Jan 6 17:23:03 2026 +0530 
-------------------------------------------------------------------------------- 
"PTL PantherLake_pantherlake_family_Daily Daily Updating Version/ID: PantherLake_3486_00

Hsd-es-id: N/A"
Original commit date: Sat Nov 29 18:35:26 2025 +0000
Original commit hash: adf669b044e433d71fdbc3a7e2e36d63cc78a2eb

-------------------------------------------------------------------------------- 
[Changed Files]
OneSiliconPkg/Product/PantherLake/SiPkgPcdInit.dsc
PantherLakeBoardPkg/BiosId.env

================================================================================ 
Commit: c5e961a40821a2a71988088642e433d4f0d03a50 
Author: ClientSysFWGit <clientsysfwgit@intel.com> 
Date: Tue Jan 6 17:22:59 2026 +0530 
-------------------------------------------------------------------------------- 
"WCL WildcatLake_wildcatlake_family_Daily Daily Updating Version/ID: WildcatLake_3485_01

Hsd-es-id: N/A"
Original commit date: Fri Nov 28 23:35:49 2025 +0000
Original commit hash: a78feafd60063bb1f41f9be52b8fa93441c56737

-------------------------------------------------------------------------------- 
[Changed Files]
OneSiliconPkg/Product/PantherLake/SiPkgPcdInit.dsc
PantherLakeBoardPkg/BiosId.env

================================================================================ 
Commit: 8d7fffec8082123a81d00a26b6efb8adb0cd712b 
Author: ClientSysFWGit <clientsysfwgit@intel.com> 
Date: Tue Jan 6 17:22:55 2026 +0530 
-------------------------------------------------------------------------------- 
"PTL PantherLake_pantherlake_family_Daily Daily Updating Version/ID: PantherLake_3485_00

Hsd-es-id: N/A"
Original commit date: Fri Nov 28 18:35:51 2025 +0000
Original commit hash: 6f7a4dabfc5cfa7ee84862391003499543ec2537

-------------------------------------------------------------------------------- 
[Changed Files]
OneSiliconPkg/Product/PantherLake/SiPkgPcdInit.dsc
PantherLakeBoardPkg/BiosId.env

================================================================================ 
Commit: 6a195ebab6e94690a68990489a29b7d6456fa331 
Author: ClientSysFWGit <clientsysfwgit@intel.com> 
Date: Tue Jan 6 17:22:48 2026 +0530 
-------------------------------------------------------------------------------- 
"WCL WildcatLake_wildcatlake_family_Daily Daily Updating Version/ID: WildcatLake_3484_01

Hsd-es-id: N/A"
Original commit date: Thu Nov 27 23:35:50 2025 +0000
Original commit hash: 1efb39edcc5e771981047e48716d2885f06cddb2

-------------------------------------------------------------------------------- 
[Changed Files]
OneSiliconPkg/Product/PantherLake/SiPkgPcdInit.dsc
PantherLakeBoardPkg/BiosId.env

================================================================================ 
Commit: f2bd0f6956a7200296a9fc9cbe8b2c30afd86273 
Author: ClientSysFWGit <clientsysfwgit@intel.com> 
Date: Tue Jan 6 17:22:44 2026 +0530 
-------------------------------------------------------------------------------- 
"PTL PantherLake_pantherlake_family_Daily Daily Updating Version/ID: PantherLake_3484_00

Hsd-es-id: N/A"
Original commit date: Thu Nov 27 18:35:56 2025 +0000
Original commit hash: b64f546cf4a33a2ffc5786d3b332187ed6ca591a

-------------------------------------------------------------------------------- 
[Changed Files]
OneSiliconPkg/Product/PantherLake/SiPkgPcdInit.dsc
PantherLakeBoardPkg/BiosId.env

================================================================================ 
Commit: 72f17fbb8f74924eaedb8a0028f72fae01d47f9d 
Author: ClientSysFWGit <clientsysfwgit@intel.com> 
Date: Tue Jan 6 17:22:40 2026 +0530 
-------------------------------------------------------------------------------- 
Limit BW check enabling to WCL

[Feature Description]
Enable USB BW check on WCL only

Package/Module:
OneSiliconPkg/Fru/PcdPeiInitLib

[Impacted Platform]
WCL

Hsd-es-id: 18043998484
Original commit date: Thu Nov 27 10:46:11 2025 +0100
Change-Id: Iea5714c5f293bc725824598298654210d7279b97
Original commit hash: 7c81b43f5706de07a3caa5aa51db1cfe595018f6

-------------------------------------------------------------------------------- 
[Changed Files]
OneSiliconPkg/Fru/PtlPcd/LibraryPrivate/PtlPcdPeiInitLib/PtlPcdUsb.c
OneSiliconPkg/Fru/PtlPcd/Tcss/LibraryPrivate/PtlPcdTcssInitLib/PtlPcdTcssInitPostMem.c

================================================================================ 
Commit: 018f778936ef1864cc40d6dbbc2f44d6db916b64 
Author: ClientSysFWGit <clientsysfwgit@intel.com> 
Date: Tue Jan 6 17:22:36 2026 +0530 
-------------------------------------------------------------------------------- 
"WCL WildcatLake_wildcatlake_family_Daily Daily Updating Version/ID: WildcatLake_3483_01

Hsd-es-id: N/A"
Original commit date: Wed Nov 26 23:38:52 2025 +0000
Original commit hash: 6f21d3a75b2e1db063a53ff621a691ea94c59b80

-------------------------------------------------------------------------------- 
[Changed Files]
OneSiliconPkg/Product/PantherLake/SiPkgPcdInit.dsc
PantherLakeBoardPkg/BiosId.env

================================================================================ 
Commit: 92228b4482074c91ae2b67f2898e6b3f24c6e297 
Author: ClientSysFWGit <clientsysfwgit@intel.com> 
Date: Tue Jan 6 17:22:32 2026 +0530 
-------------------------------------------------------------------------------- 
"PTL PantherLake_pantherlake_family_Daily Daily Updating Version/ID: PantherLake_3483_00

Hsd-es-id: N/A"
Original commit date: Wed Nov 26 18:36:04 2025 +0000
Original commit hash: 807580e596777e4191500e909895d10b135b5c49

-------------------------------------------------------------------------------- 
[Changed Files]
OneSiliconPkg/Product/PantherLake/SiPkgPcdInit.dsc
PantherLakeBoardPkg/BiosId.env

================================================================================ 
Commit: e7ccf6c07f4d5607910126232e0ed3e1d608d184 
Author: ClientSysFWGit <clientsysfwgit@intel.com> 
Date: Tue Jan 6 17:22:28 2026 +0530 
-------------------------------------------------------------------------------- 
"WCL WildcatLake_wildcatlake_family_Daily Daily Updating Version/ID: WildcatLake_3482_01

Hsd-es-id: N/A"
Original commit date: Tue Nov 25 23:34:56 2025 +0000
Original commit hash: a8fb37902a457cbd956ed1b110fcfcacd5dbe4ec

-------------------------------------------------------------------------------- 
[Changed Files]
OneSiliconPkg/Product/PantherLake/SiPkgPcdInit.dsc
PantherLakeBoardPkg/BiosId.env

================================================================================ 
Commit: 9fe921c9c4b56b123c5756ac3e24412f74f36599 
Author: ClientSysFWGit <clientsysfwgit@intel.com> 
Date: Tue Jan 6 17:22:24 2026 +0530 
-------------------------------------------------------------------------------- 
"PTL PantherLake_pantherlake_family_Daily Daily Updating Version/ID: PantherLake_3482_00

Hsd-es-id: N/A"
Original commit date: Tue Nov 25 18:35:16 2025 +0000
Original commit hash: f4c19704514dabeec814e7ba012c897921d4e77f

-------------------------------------------------------------------------------- 
[Changed Files]
OneSiliconPkg/Product/PantherLake/SiPkgPcdInit.dsc
PantherLakeBoardPkg/BiosId.env

================================================================================ 
Commit: 0c16073ba726d3b18148580a1b9fe62fbc0d3273 
Author: ClientSysFWGit <clientsysfwgit@intel.com> 
Date: Tue Jan 6 17:22:20 2026 +0530 
-------------------------------------------------------------------------------- 
ClkReq GPIO pads must be modified during PCIe init with override

[Issue Description]
Pcie initialization fails for devices connected to PCIe slots when
coreboot as bootloader

[Resolution]
Modified PCI clock functions to continue execution even when GPIO
override is enabled

Package/Module: OneSiliconPkg/Fru

[Impacted Platform]
ALL

Hsd-es-id: 16028995073
Original commit date: Thu Nov 20 17:48:35 2025 +0530
Change-Id: I17d6c3652e8da95eb609b854efb3fb710fb3579f
Original commit hash: 6d52f1cb94a93ef427c4922100c2fff408ebadca

-------------------------------------------------------------------------------- 
[Changed Files]
OneSiliconPkg/Fru/PtlPcd/Library/PtlPcdMinimalGpioNativeLib/PtlPcdMinimalGpio.h
OneSiliconPkg/Fru/PtlPcd/Library/PtlPcdMinimalGpioNativeLib/PtlPcdMinimalGpioNativeLib.c
OneSiliconPkg/Fru/PtlPcd/Library/PtlPcdMinimalGpioNativeLib/PtlPcdMinimalPadData.c
OneSiliconPkg/Fru/PtlPcd/LibraryPrivate/PtlPcdPeiPchPcieClocksLib/PeiPchPcieClocksLibPtl.c
OneSiliconPkg/Include/Library/Ptl/PcdMinimalGpioNativeLib/PtlPcdMinimalGpioNativeLib.h

================================================================================ 
Commit: 57caf1d12713692e1b5d4aa2d3baf2f47fad1b3c 
Author: ClientSysFWGit <clientsysfwgit@intel.com> 
Date: Tue Jan 6 17:22:16 2026 +0530 
-------------------------------------------------------------------------------- 
Enable xHCI System USB2 BW check

[Feature Description]
Enable xHCI System BW check so USB2 periodic endpoints
are not incorrectly allowed with higher ESIT requirements.
Camera flickering is due to total ESIT beyond the USB2 HS BW limit.

Package/Module:
OneSiliconPkg/PtlPcdPeiInitLib
OneSiliconPkg/PtlPcdTcssInitLib
OneSiliconPkg/IpUsb3

[Impacted Platform]
PTL, WCL.

Hsd-es-id: 18043975168
Original commit date: Thu Nov 20 13:00:18 2025 +0100
Change-Id: I957b4c12c006e3119d2b1cae563d5a9225002274
Original commit hash: 7c0a93933d01f32ac1f2f34e001d8124602cc715

-------------------------------------------------------------------------------- 
[Changed Files]
OneSiliconPkg/Fru/PtlPcd/LibraryPrivate/PtlPcdPeiInitLib/PtlPcdUsb.c
OneSiliconPkg/Fru/PtlPcd/Tcss/LibraryPrivate/PtlPcdTcssInitLib/PtlPcdTcssInitPostMem.c
OneSiliconPkg/Include/Register/UsbHostRegs.h
OneSiliconPkg/IpBlock/Usb/IncludePrivate/IpUsb3.h
OneSiliconPkg/IpBlock/Usb/LibraryPrivate/IpUsb3/IpUsb3CsiSpecific.c

================================================================================ 
Commit: 149126cd8c568b38c44e3e2b8b2159b20ee81244 
Author: ClientSysFWGit <clientsysfwgit@intel.com> 
Date: Tue Jan 6 17:22:12 2026 +0530 
-------------------------------------------------------------------------------- 
"[TeamCity] WCL WildcatLake_wildcatlake_family_Daily Daily Updating Version/ID: WildcatLake_3481_01

Hsd-es-id: N/A"
Original commit date: Mon Nov 24 23:36:19 2025 +0000
Original commit hash: a7e1dcd3ad8c6ce5934b174180937e251b5c59c3

-------------------------------------------------------------------------------- 
[Changed Files]
OneSiliconPkg/Product/PantherLake/SiPkgPcdInit.dsc
PantherLakeBoardPkg/BiosId.env

================================================================================ 
Commit: 3541a263b651f1901b0a762d7cf37ddf7bc56942 
Author: ClientSysFWGit <clientsysfwgit@intel.com> 
Date: Tue Jan 6 17:22:08 2026 +0530 
-------------------------------------------------------------------------------- 
"[TeamCity] PTL PantherLake_pantherlake_family_Daily Daily Updating Version/ID: PantherLake_3481_00

Hsd-es-id: N/A"
Original commit date: Mon Nov 24 18:36:00 2025 +0000
Original commit hash: 2666edc4f0f02ac91a7a3641e14fb82c74f8fb9f

-------------------------------------------------------------------------------- 
[Changed Files]
OneSiliconPkg/Product/PantherLake/SiPkgPcdInit.dsc
PantherLakeBoardPkg/BiosId.env

================================================================================ 
Commit: 6e1df5256d7902bc76c4692be6b1edb393be45e8 
Author: ClientSysFWGit <clientsysfwgit@intel.com> 
Date: Tue Jan 6 17:22:05 2026 +0530 
-------------------------------------------------------------------------------- 
Update MRC Green Payload for MRC build revision 0.0.120.0

[Feature Description]
Updating MrcVersion.h and ReleaseNotes.

Package/Module:OneSiliconPkg/MemoryInit

[Impacted Platform]
All

Registers impacted: None

Hsd-es-id: 22018552565
Original commit date: Mon Nov 24 06:12:54 2025 -0800
Original commit hash: 5259928a3d2c26ab9b59bf2017a15bca9128b40a

-------------------------------------------------------------------------------- 
[Changed Files]
OneSiliconPkg/IpBlock/MemoryInit/src/UcManagement/Ptl/MrcUcPayloadData.c

================================================================================ 
Commit: c33fb4dd09cf756bd9dc35c49ae207af4b1c345b 
Author: ClientSysFWGit <clientsysfwgit@intel.com> 
Date: Tue Jan 6 17:22:01 2026 +0530 
-------------------------------------------------------------------------------- 
PTL MRC increment 0.0.120.0

[Feature Description]
Update Program-P Platform BIOS with Program-P MRC drop 0.0.120.0.

Package/Module: OneSiliconPkg/IpBlock/MemoryInit

[Impacted Platform]
All

Hsd-es-id: 18043965028
Original commit date: Wed Nov 19 17:20:10 2025 +0100
Change-Id: I8720e9bab430029fbc890e5294fe26b400fd4a6a
Original commit hash: 80cb4fea42bbf4712622db4f30193a329967d009

-------------------------------------------------------------------------------- 
[Changed Files]
OneSiliconPkg/IpBlock/MemoryInit/Include/CMrcInterface.h
OneSiliconPkg/IpBlock/MemoryInit/src/ApiLib/BlueMrcGeneral.c
OneSiliconPkg/IpBlock/MemoryInit/src/IncludePrivate/Ptl/MrcVersion.h
OneSiliconPkg/IpBlock/MemoryInit/src/MemoryTypes/MrcLpddr5.c
OneSiliconPkg/IpBlock/MemoryInit/src/MemoryTypes/MrcLpddr5.h
OneSiliconPkg/IpBlock/MemoryInit/src/SpdProcessing/MrcSpdProcessing.c

================================================================================ 
Commit: 365a5d90f3442165e36755f907c3df69dababbb9 
Author: ClientSysFWGit <clientsysfwgit@intel.com> 
Date: Tue Jan 6 17:21:57 2026 +0530 
-------------------------------------------------------------------------------- 
"[TeamCity] WCL WildcatLake_wildcatlake_family_Daily Daily Updating Version/ID: WildcatLake_3480_01

Hsd-es-id: N/A"
Original commit date: Sun Nov 23 23:35:40 2025 +0000
Original commit hash: 51103e2a079739bb72751ddcba45522bd8827085

-------------------------------------------------------------------------------- 
[Changed Files]
OneSiliconPkg/Product/PantherLake/SiPkgPcdInit.dsc
PantherLakeBoardPkg/BiosId.env

================================================================================ 
Commit: ea2c71ee6f7855582c1593cf09219ec6a96fef7c 
Author: ClientSysFWGit <clientsysfwgit@intel.com> 
Date: Tue Jan 6 17:21:53 2026 +0530 
-------------------------------------------------------------------------------- 
"[TeamCity] PTL PantherLake_pantherlake_family_Daily Daily Updating Version/ID: PantherLake_3480_00

Hsd-es-id: N/A"
Original commit date: Sun Nov 23 18:35:35 2025 +0000
Original commit hash: 66f78f39a232a448397b7b25617a1d4f10a729a6

-------------------------------------------------------------------------------- 
[Changed Files]
OneSiliconPkg/Product/PantherLake/SiPkgPcdInit.dsc
PantherLakeBoardPkg/BiosId.env

================================================================================ 
Commit: 21da80ab678bf24b80f513379bc2194af53de72e 
Author: ClientSysFWGit <clientsysfwgit@intel.com> 
Date: Tue Jan 6 17:21:49 2026 +0530 
-------------------------------------------------------------------------------- 
"[TeamCity] WCL WildcatLake_wildcatlake_family_Daily Daily Updating Version/ID: WildcatLake_3476_01

Hsd-es-id: N/A"
Original commit date: Sat Nov 22 23:35:17 2025 +0000
Original commit hash: 79e0cec7f8c56714895d9ec1f4eb53733fe6299f

-------------------------------------------------------------------------------- 
[Changed Files]
OneSiliconPkg/Product/PantherLake/SiPkgPcdInit.dsc
PantherLakeBoardPkg/BiosId.env

================================================================================ 
Commit: 369bdfc61309ba28a71551e0f876e8b5c8550e14 
Author: ClientSysFWGit <clientsysfwgit@intel.com> 
Date: Tue Jan 6 17:21:40 2026 +0530 
-------------------------------------------------------------------------------- 
"[TeamCity] PTL PantherLake_pantherlake_family_Daily Daily Updating Version/ID: PantherLake_3476_00

Hsd-es-id: N/A"
Original commit date: Sat Nov 22 18:35:43 2025 +0000
Original commit hash: c0f4f5cde0d445c3e612ad3bf294edb0a4ec76c6

-------------------------------------------------------------------------------- 
[Changed Files]
OneSiliconPkg/Product/PantherLake/SiPkgPcdInit.dsc
PantherLakeBoardPkg/BiosId.env

================================================================================ 
Commit: 964e8773c49f52ed3160e2b1d1e66baf3c7b6dd0 
Author: ClientSysFWGit <clientsysfwgit@intel.com> 
Date: Tue Jan 6 17:21:30 2026 +0530 
-------------------------------------------------------------------------------- 
"[TeamCity] WCL WildcatLake_wildcatlake_family_Daily Daily Updating Version/ID: WildcatLake_3475_01

Hsd-es-id: N/A"
Original commit date: Fri Nov 21 23:35:39 2025 +0000
Original commit hash: 442530473e88cdd084a54e6899231e6263ab6267

-------------------------------------------------------------------------------- 
[Changed Files]
OneSiliconPkg/Product/PantherLake/SiPkgPcdInit.dsc
PantherLakeBoardPkg/BiosId.env

================================================================================ 
Commit: 301f8705e7c1469dfbcddc0d40c2b176853bde53 
Author: ClientSysFWGit <clientsysfwgit@intel.com> 
Date: Tue Jan 6 17:21:19 2026 +0530 
-------------------------------------------------------------------------------- 
"[TeamCity] PTL PantherLake_pantherlake_family_Daily Daily Updating Version/ID: PantherLake_3475_00

Hsd-es-id: N/A"
Original commit date: Fri Nov 21 18:37:14 2025 +0000
Original commit hash: f0e3102e6400ba619bc7ae93189bd3975f4c2c7e

-------------------------------------------------------------------------------- 
[Changed Files]
OneSiliconPkg/Product/PantherLake/SiPkgPcdInit.dsc
PantherLakeBoardPkg/BiosId.env

================================================================================ 
Commit: 1d76659eb950a410ca20ad64ced82fbaf1cc2878 
Author: ClientSysFWGit <clientsysfwgit@intel.com> 
Date: Tue Jan 6 17:21:09 2026 +0530 
-------------------------------------------------------------------------------- 
RP HLOM Set is not required

[Feature Description]
RP HLOM Set is not required

Package/Module:IpPcieSip17

[Impacted Platform]
ALL

Hsd-es-id: 16029221279
Original commit date: Fri Nov 21 14:54:48 2025 +0530
Change-Id: Ibb532a627ab5927aae12a0b195363f3a01f0ed3d
Original commit hash: 846ebc0ebe3924b1e4e2c625e88af875ef4bcba7

-------------------------------------------------------------------------------- 
[Changed Files]
Features/HestFeaturePkg/HestDxe/HestDxe.c
OneSiliconPkg/IpBlock/IpPcieSip17/IpPcieLib/IpPcieSipInitLib.c

================================================================================ 
Commit: 890d93af59d375ddbf2e6f01b513bf7850950e7f 
Author: ClientSysFWGit <clientsysfwgit@intel.com> 
Date: Tue Jan 6 17:20:58 2026 +0530 
-------------------------------------------------------------------------------- 
ACPI HEST implement to mask Device HLOS

[Feature Description]
ACPI HEST implement to mask Device HLOS

Package/Module:FeaturePkg

[Impacted Platform]
ALL

Hsd-es-id: 16029163550
Original commit date: Mon Nov 10 15:16:59 2025 +0530
Change-Id: I217e23b886d7d608a018db4a7c7fb406c0e92351
Original commit hash: 2e31191d02503d000e4fd999c5b9f2fa00c01e0e

-------------------------------------------------------------------------------- 
[Changed Files]
Features/HestFeaturePkg/HestDxe/HestDxe.c
Features/HestFeaturePkg/HestDxe/HestDxe.inf
Features/HestFeaturePkg/HestFeaturePkg.dec
Features/HestFeaturePkg/HestFeaturePkg.dsc
Features/HestFeaturePkg/Include/HestFeature.dsc
Features/HestFeaturePkg/Readme.md
OneSiliconPkg/IpBlock/IpPcieSip17/IpPcieLib/IpPcieSipInitLib.c
PantherLakeBoardPkg/BoardPkg.dsc
PantherLakeBoardPkg/BoardPkg.fdf
PantherLakeBoardPkg/BoardPkgPcdInit.dsc

================================================================================ 
Commit: db2efdb2d834c1c2bbab5795b1c95d55f554fb42 
Author: ClientSysFWGit <clientsysfwgit@intel.com> 
Date: Tue Jan 6 17:20:46 2026 +0530 
-------------------------------------------------------------------------------- 
"[TeamCity] WCL WildcatLake_wildcatlake_family_Daily Daily Updating Version/ID: WildcatLake_3474_02

Hsd-es-id: N/A"
Original commit date: Fri Nov 21 05:44:18 2025 +0000
Original commit hash: 4ca0800b5f7d21f184399c2132087a5d17aaab3e

-------------------------------------------------------------------------------- 
[Changed Files]
OneSiliconPkg/Product/PantherLake/SiPkgPcdInit.dsc
PantherLakeBoardPkg/BiosId.env

================================================================================ 
Commit: 80b1f645c8f3e6338a8867fd64b75d51b7f16680 
Author: ClientSysFWGit <clientsysfwgit@intel.com> 
Date: Tue Jan 6 17:20:35 2026 +0530 
-------------------------------------------------------------------------------- 
"[TeamCity] WCL WildcatLake_wildcatlake_family_Daily Daily Updating Version/ID: WildcatLake_3474_01

Hsd-es-id: N/A"
Original commit date: Thu Nov 20 23:35:45 2025 +0000
Original commit hash: 047e5fc73c3ed0cb74aad9b22294d69fdabc0ee9

-------------------------------------------------------------------------------- 
[Changed Files]
OneSiliconPkg/Product/PantherLake/SiPkgPcdInit.dsc
PantherLakeBoardPkg/BiosId.env

================================================================================ 
Commit: 6a5a8529641a064084aa002174b202a0b777927f 
Author: ClientSysFWGit <clientsysfwgit@intel.com> 
Date: Tue Jan 6 17:20:24 2026 +0530 
-------------------------------------------------------------------------------- 
"[TeamCity] PTL PantherLake_pantherlake_family_Daily Daily Updating Version/ID: PantherLake_3474_00

Hsd-es-id: N/A"
Original commit date: Thu Nov 20 18:37:13 2025 +0000
Original commit hash: 3c228084a56b1b24a074db9256b23db4d71e44e3

-------------------------------------------------------------------------------- 
[Changed Files]
OneSiliconPkg/Product/PantherLake/SiPkgPcdInit.dsc
PantherLakeBoardPkg/BiosId.env

================================================================================ 
Commit: 84396dc187239b5706375ed33ab577c3cf5ab4b1 
Author: ClientSysFWGit <clientsysfwgit@intel.com> 
Date: Tue Jan 6 17:20:14 2026 +0530 
-------------------------------------------------------------------------------- 
BIOS to support HDMI/DP connectors over TCSS lane.

[Feature Description]
This feature enables HDMI and DP connectors over the TCSS lanes

Package/Module: OneSiliconPkg

[Impacted Platform]
Default ALL

Hsd-es-id: 16028813117
Original commit date: Fri Sep 26 06:38:41 2025 +0530
Change-Id: Ic303be24ded3515893059381b42eb291e0b6b4bc
Original commit hash: 970f059f30c0395a3f088606edc5a145bbf9c745

-------------------------------------------------------------------------------- 
[Changed Files]
OneSiliconPkg/Fru/PtlPcd/Tcss/LibraryPrivate/PtlPcdTcssInitLib/PtlPcdTcssInitCommon.c
OneSiliconPkg/IpBlock/Iom/Include/IpIom.h
OneSiliconPkg/IpBlock/Iom/Include/Registers/IomRegs.h
OneSiliconPkg/IpBlock/Iom/IpIomLib/IpIomLib.c
OneSiliconPkg/IpBlock/Usb4/IncludePrivate/IpUsb4.h
OneSiliconPkg/Subsystem/Tcss/TcssLib/TcssInit.c

================================================================================ 
Commit: 265228bc920294cee876a9963bd6b24820000e86 
Author: ClientSysFWGit <clientsysfwgit@intel.com> 
Date: Tue Jan 6 17:20:03 2026 +0530 
-------------------------------------------------------------------------------- 
Add support for DP/HDMI connector over TypeC ports

[Feature Description]
Add support for DP/HDMI native connector over TCP0 and TCP1 ports

Package/Module: BoardPkg

[Impacted Platform]
Default ALL

Hsd-es-id: 16028183840
Original commit date: Tue Aug 12 21:09:58 2025 +0530
Change-Id: If23b223c528efd99c4504198cfa5272c4c9450b3
Original commit hash: 192599d721c442173f79c41efe81b619ede915ec

-------------------------------------------------------------------------------- 
[Changed Files]
PantherLakeBoardPkg/BoardSupport/Library/PeiPolicyBoardConfigLib/PeiSaPolicyBoardConfigPreMem.c
PantherLakeBoardPkg/Features/ModularUsbCIo/ModularUsbCIo.h
PantherLakeBoardPkg/Features/ModularUsbCIo/ModularUsbCIoPei.c

================================================================================ 
Commit: 76ed23fc95da806f92e0c2c01eeb73201bb23f5d 
Author: ClientSysFWGit <clientsysfwgit@intel.com> 
Date: Tue Jan 6 17:19:52 2026 +0530 
-------------------------------------------------------------------------------- 
Bluetooth - Timeout does not work as UEFI spec in Intel UEFI BLE Driver

[Issue Description]
Bluetooth - Timeout does not work as UEFI spec in Intel UEFI BLE Driver

[Resolution]
Input: 10000ms to LeConfigProtocol->Scan as per UEFI Spec
Remove Multi of 1000 from iLE_start_scan_ex timeout variable

Package/Module: Intel\Features\BluetoothPkg\BluetoothBusDxe and Intel\Features\BluetoothPkg\BluetoothConnectionManagerDxe

[Impacted Platform]
PTL

Hsd-es-id: 16029135016
Original commit date: Thu Nov 13 19:43:08 2025 +0530
Change-Id: I779c1b9425d39c934885fc0600d521b77a0937d1
Original commit hash: 9afd2b37039335822636784ea4e9cd1326219351

-------------------------------------------------------------------------------- 
[Changed Files]
Features/BluetoothPkg/BluetoothBusDxe/iLE/apps/src/uefi_app.c
Features/BluetoothPkg/BluetoothConnectionManagerDxe/BluetoothConnectionManagerDxe.c

================================================================================ 
Commit: 918b4001394560f7f379b63e5ad1ad526ed3e194 
Author: ClientSysFWGit <clientsysfwgit@intel.com> 
Date: Tue Jan 6 17:19:40 2026 +0530 
-------------------------------------------------------------------------------- 
"[TeamCity] WCL WildcatLake_wildcatlake_family_Daily Daily Updating Version/ID: WildcatLake_3473_01

Hsd-es-id: N/A"
Original commit date: Wed Nov 19 23:43:03 2025 +0000
Original commit hash: 5d58a1291141b82a13a88f509b6d21083bb50942

-------------------------------------------------------------------------------- 
[Changed Files]
OneSiliconPkg/Product/PantherLake/SiPkgPcdInit.dsc
PantherLakeBoardPkg/BiosId.env

================================================================================ 
Commit: 08e7aed3565c15d8ab8bdc139bc0f47b477c9c29 
Author: ClientSysFWGit <clientsysfwgit@intel.com> 
Date: Tue Jan 6 17:19:35 2026 +0530 
-------------------------------------------------------------------------------- 
"[TeamCity] PTL PantherLake_pantherlake_family_Daily Daily Updating Version/ID: PantherLake_3473_00

Hsd-es-id: N/A"
Original commit date: Wed Nov 19 18:35:55 2025 +0000
Original commit hash: c679faca41240416545ceb7edfa58e62c3d18b1f

-------------------------------------------------------------------------------- 
[Changed Files]
OneSiliconPkg/Product/PantherLake/SiPkgPcdInit.dsc
PantherLakeBoardPkg/BiosId.env

================================================================================ 
Commit: 5d5e466801b67da349fc5a95470e9c1ce3b8b2ea 
Author: ClientSysFWGit <clientsysfwgit@intel.com> 
Date: Tue Jan 6 17:19:18 2026 +0530 
-------------------------------------------------------------------------------- 
Update MRC Green Payload for MRC build revision 0.0.118.0

[Feature Description]
Updating MrcVersion.h and ReleaseNotes.

Package/Module:OneSiliconPkg/MemoryInit

[Impacted Platform]
All

Registers impacted: None

Hsd-es-id: 22018552565
Original commit date: Wed Nov 19 06:38:47 2025 -0800
Original commit hash: 9655d93e29c4d00eadb320aace8ca788ce4b4759

-------------------------------------------------------------------------------- 
[Changed Files]
OneSiliconPkg/IpBlock/MemoryInit/src/UcManagement/Ptl/MrcUcPayloadData.c

================================================================================ 
Commit: 69b9553591a040308c763032fcfb3040da02ae35 
Author: ClientSysFWGit <clientsysfwgit@intel.com> 
Date: Tue Jan 6 17:19:08 2026 +0530 
-------------------------------------------------------------------------------- 
PTL MRC increment 0.0.118.0

[Feature Description]
Update Program-P Platform BIOS with Program-P MRC drop 0.0.118.0.

Package/Module: OneSiliconPkg/IpBlock/MemoryInit

[Impacted Platform]
All

Hsd-es-id: 18043921136
Original commit date: Fri Nov 14 21:16:25 2025 +0100
Change-Id: I50eaa69dcc10b22c769534c11dcba9b7591034a7
Original commit hash: 30008c79f5d201537325d74b2617211da0f75d70

-------------------------------------------------------------------------------- 
[Changed Files]
OneSiliconPkg/IpBlock/MemoryInit/Library/PeiMemPolicyLib/InputBlock/Ptl/MrcInputBlock.c
OneSiliconPkg/IpBlock/MemoryInit/src/ApiLib/BlueMrcGeneral.c
OneSiliconPkg/IpBlock/MemoryInit/src/IncludePrivate/Ptl/MrcVersion.h
OneSiliconPkg/IpBlock/MemoryInit/src/IncludePublic/Ptl/CMrcExtInputs.h
PantherLakeBoardPkg/Include/Dsc/HiiStructurePcd.dsc
PantherLakeFspPkg/Library/PeiPolicyUpdatePreMemLib/PeiSaPolicyUpdatePreMem.c
PantherLakeFspPkg/Upd/FspmUpd.dsc
PantherLakeFspPkg/Upd/UpdList/FSPM.txt
PantherLakePlatSamplePkg/Include/SetupVariable.h
PantherLakePlatSamplePkg/Library/PeiPolicyUpdateLib/PeiSaPolicyUpdatePreMem.c
PantherLakePlatSamplePkg/Setup/SaSetup.hfr
PantherLakePlatSamplePkg/Setup/SaSetup.uni

================================================================================ 
Commit: 2994745e77d92678f9d75c2e72a9dc253c85e414 
Author: ClientSysFWGit <clientsysfwgit@intel.com> 
Date: Tue Jan 6 17:18:55 2026 +0530 
-------------------------------------------------------------------------------- 
Cannot set correct TDC Settings in BIOS Setup menu

[Issue Description]
TDC Settings incremented in multiples of 125 only.

[Resolution]
Set the TDC current limit to be incremented by 1.

Package/Module: PlatSamplePkg

[Impacted Platform]
P.

Hsd-es-id: 16029177524
Original commit date: Mon Nov 17 14:13:30 2025 +0530
Change-Id: Ief30c695f324c48a1ae4c7f5bc0bceb3069817e9
Original commit hash: 0b5fdaee6395cc3def279f3d23e1fd4b88a729e7

-------------------------------------------------------------------------------- 
[Changed Files]
PantherLakePlatSamplePkg/Setup/VoltageRegulatorSetup.hfr

================================================================================ 
Commit: 3a7a7c200b1e65ac59938e6b65c4f1af9194ed06 
Author: ClientSysFWGit <clientsysfwgit@intel.com> 
Date: Tue Jan 6 17:18:45 2026 +0530 
-------------------------------------------------------------------------------- 
"[TeamCity] WCL WildcatLake_wildcatlake_family_Daily Daily Updating Version/ID: WildcatLake_3472_01

Hsd-es-id: N/A"
Original commit date: Tue Nov 18 23:36:08 2025 +0000
Original commit hash: d0a5e3554809b8f9a98797f0a5e5232fa281a828

-------------------------------------------------------------------------------- 
[Changed Files]
OneSiliconPkg/Product/PantherLake/SiPkgPcdInit.dsc
PantherLakeBoardPkg/BiosId.env

================================================================================ 
Commit: 9006e437f81a99a0d88d5aca8dbcbf297d6b2209 
Author: ClientSysFWGit <clientsysfwgit@intel.com> 
Date: Tue Jan 6 17:18:25 2026 +0530 
-------------------------------------------------------------------------------- 
"[TeamCity] PTL PantherLake_pantherlake_family_Daily Daily Updating Version/ID: PantherLake_3472_00

Hsd-es-id: N/A"
Original commit date: Tue Nov 18 18:35:44 2025 +0000
Original commit hash: 83d164c8e373dce2194727f3165736008d9dcdf0

-------------------------------------------------------------------------------- 
[Changed Files]
OneSiliconPkg/Product/PantherLake/SiPkgPcdInit.dsc
PantherLakeBoardPkg/BiosId.env

================================================================================ 
Commit: 58347517c2c7c17220c28b52c4589f343724efc0 
Author: ClientSysFWGit <clientsysfwgit@intel.com> 
Date: Tue Jan 6 17:18:14 2026 +0530 
-------------------------------------------------------------------------------- 
"[TeamCity] WCL WildcatLake_wildcatlake_family_Daily Daily Updating Version/ID: WildcatLake_3471_01

Hsd-es-id: N/A"
Original commit date: Mon Nov 17 23:36:15 2025 +0000
Original commit hash: 46e1fc6a4b132d8be56647ad3a98d6f8ed2d8f54

-------------------------------------------------------------------------------- 
[Changed Files]
OneSiliconPkg/Product/PantherLake/SiPkgPcdInit.dsc
PantherLakeBoardPkg/BiosId.env

================================================================================ 
Commit: 10ec35b1907809b877f67d0b419b5960346bc41a 
Author: ClientSysFWGit <clientsysfwgit@intel.com> 
Date: Tue Jan 6 17:18:04 2026 +0530 
-------------------------------------------------------------------------------- 
"[TeamCity] PTL PantherLake_pantherlake_family_Daily Daily Updating Version/ID: PantherLake_3471_00

Hsd-es-id: N/A"
Original commit date: Mon Nov 17 18:36:26 2025 +0000
Original commit hash: 26c36c6f11ae3d170d4152952d3da0c87d9c2f12

-------------------------------------------------------------------------------- 
[Changed Files]
OneSiliconPkg/Product/PantherLake/SiPkgPcdInit.dsc
PantherLakeBoardPkg/BiosId.env

================================================================================ 
Commit: 9cec320a0dd1ebfa92ea868e7a8bcf19014b0960 
Author: ClientSysFWGit <clientsysfwgit@intel.com> 
Date: Tue Jan 6 17:17:53 2026 +0530 
-------------------------------------------------------------------------------- 
Add Port arbiter programming to Grant count programming

[Feature Description]
Add Port Arbiter programming to PCIe Root Ports in PSF according to BWG

Package/Module:
OneSiliconPkg/Fru

[Impacted Platform]
All

Hsd-es-id: 18043822321
Original commit date: Fri Oct 10 16:30:18 2025 +0200
Change-Id: I7dfcedeaae4650c3e3850f3aebbaca0e6cad8a6e
Original commit hash: d72080926c74620b4fc13485a373992bdf3facff

-------------------------------------------------------------------------------- 
[Changed Files]
OneSiliconPkg/Fru/PtlPcd/IncludePrivate/Library/PtlPcdFiaSocLib.h
OneSiliconPkg/Fru/PtlPcd/IncludePrivate/Register/PsfRegsWclPcd.h
OneSiliconPkg/Fru/PtlPcd/LibraryPrivate/PtlPcdFiaLib/FiaSocLibPtl.c
OneSiliconPkg/Fru/PtlPcd/LibraryPrivate/PtlPcdPeiDxeSmmPsfLib/WclPcdPsfLib.c
OneSiliconPkg/Fru/PtlPcd/LibraryPrivate/PtlPcdPeiInitLib/PtlPcdRootPorts.c

================================================================================ 
Commit: 58254de6a4f939bffe6202f66c48a8a60ec11f61 
Author: ClientSysFWGit <clientsysfwgit@intel.com> 
Date: Tue Jan 6 17:17:40 2026 +0530 
-------------------------------------------------------------------------------- 
"[TeamCity] PTL PantherLake_pantherlake_family_Daily Daily Updating Version/ID: PantherLake_3470_01

Hsd-es-id: N/A"
Original commit date: Mon Nov 17 03:10:49 2025 +0000
Original commit hash: 52d0a9a857ae4d0b07008f41cc96eb89ede9f7ad

-------------------------------------------------------------------------------- 
[Changed Files]
OneSiliconPkg/Product/PantherLake/SiPkgPcdInit.dsc
PantherLakeBoardPkg/BiosId.env

================================================================================ 
Commit: 903fdbffb2801bfd2d8cf73ea2d559787c83f66b 
Author: ClientSysFWGit <clientsysfwgit@intel.com> 
Date: Tue Jan 6 17:17:29 2026 +0530 
-------------------------------------------------------------------------------- 
"[TeamCity] WCL WildcatLake_wildcatlake_family_Daily Daily Updating Version/ID: WildcatLake_3470_00

Hsd-es-id: N/A"
Original commit date: Sun Nov 16 23:35:24 2025 +0000
Original commit hash: 62cb53438377e6ae2878d9a8c7deaf35ca75abc9

-------------------------------------------------------------------------------- 
[Changed Files]
OneSiliconPkg/Product/PantherLake/SiPkgPcdInit.dsc
PantherLakeBoardPkg/BiosId.env

================================================================================ 
Commit: 03b4e9d4a022c11c2bc7a87304459b20b7c8d614 
Author: ClientSysFWGit <clientsysfwgit@intel.com> 
Date: Tue Jan 6 17:17:17 2026 +0530 
-------------------------------------------------------------------------------- 
"[TeamCity] WCL WildcatLake_wildcatlake_family_Daily Daily Updating Version/ID: WildcatLake_3466_00

Hsd-es-id: N/A"
Original commit date: Sat Nov 15 23:33:49 2025 +0000
Original commit hash: 1cd94dc55e287618b823ed332b4bfa8e8c3ae646

-------------------------------------------------------------------------------- 
[Changed Files]
OneSiliconPkg/Product/PantherLake/SiPkgPcdInit.dsc
PantherLakeBoardPkg/BiosId.env

================================================================================ 
Commit: 08acb761a4dd5a7290eb6c34e1ad8386e2688089 
Author: ClientSysFWGit <clientsysfwgit@intel.com> 
Date: Tue Jan 6 17:17:10 2026 +0530 
-------------------------------------------------------------------------------- 
"[TeamCity] WCL WildcatLake_wildcatlake_family_Daily Daily Updating Version/ID: WildcatLake_3465_00

Hsd-es-id: N/A"
Original commit date: Fri Nov 14 23:37:41 2025 +0000
Original commit hash: fe00c9b3316e5a6de89b7c59cae87b53db676e36

-------------------------------------------------------------------------------- 
[Changed Files]
OneSiliconPkg/Product/PantherLake/SiPkgPcdInit.dsc
PantherLakeBoardPkg/BiosId.env

================================================================================ 
Commit: 815d0e91ea489a3389a9d7ed5b78965665b36d92 
Author: ClientSysFWGit <clientsysfwgit@intel.com> 
Date: Tue Jan 6 17:17:05 2026 +0530 
-------------------------------------------------------------------------------- 
"[TeamCity] PTL PantherLake_pantherlake_family_Daily Daily Updating Version/ID: PantherLake_3464_01

Hsd-es-id: N/A"
Original commit date: Fri Nov 14 06:34:22 2025 +0000
Original commit hash: 0ffdea2e6e2ecb636156dc6d503cf0f80b3eab3c

-------------------------------------------------------------------------------- 
[Changed Files]
OneSiliconPkg/Product/PantherLake/SiPkgPcdInit.dsc
PantherLakeBoardPkg/BiosId.env

================================================================================ 
Commit: ae599c98f39eeca2836dcf709c0110ae210b2edf 
Author: ClientSysFWGit <clientsysfwgit@intel.com> 
Date: Tue Jan 6 17:16:59 2026 +0530 
-------------------------------------------------------------------------------- 
"[TeamCity] WCL WildcatLake_wildcatlake_family_Daily Daily Updating Version/ID: WildcatLake_3464_00

Hsd-es-id: N/A"
Original commit date: Thu Nov 13 23:35:41 2025 +0000
Change-Id: Idf5cce5c1bb038cb85eabea0977f75a91199c89d
Original commit hash: ae41f49e41675ca6be42a8bd3fc0f16b182a7cf3

-------------------------------------------------------------------------------- 
[Changed Files]
OneSiliconPkg/Product/PantherLake/SiPkgPcdInit.dsc
PantherLakeBoardPkg/BiosId.env

================================================================================ 
Commit: 24ab7cb36d852b4a1c36fc953c40e8476ce3175c 
Author: ClientSysFWGit <clientsysfwgit@intel.com> 
Date: Tue Jan 6 17:16:53 2026 +0530 
-------------------------------------------------------------------------------- 
Reapply "LPSS UART missing debug prints fix"

This reverts commit 9cf6c6390306e6d19b3969c291746d7e3a9b0a01.

Wed Dec 3 12:45:19 2025 +0530
Original commit date: Wed Dec 3 12:45:19 2025 +0530
Original commit hash: aa298a17f912c7ab5cf0433600df1a3dec18e6b7

-------------------------------------------------------------------------------- 
[Changed Files]
Features/Manageability/PlatformSanitizeFeaturePkg/PlatformSanitizeFeaturePkg.dsc
OneSiliconPkg/Fru/PtlPcd/Dxe.dsc
OneSiliconPkg/Fsp/FspDebugInit/Pei/FspDebugServicePei.c
OneSiliconPkg/Fsp/Library/DebugLibDebugPort/Pei/DebugLibDebugPort.c
OneSiliconPkg/Product/PantherLake/SiPkgDxe.dsc
PantherLakeBoardPkg/BoardPkg.dsc
PantherLakeBoardPkg/Features/Setup/Include/Dsc/SetupDxe.dsc
PantherLakeBoardPkg/Include/Dsc/CoreDxeDrivers.dsc
PantherLakeBoardPkg/Include/Dsc/CoreDxeInclude.dsc
PantherLakePlatSamplePkg/Features/PlatformStatusCodeHandler/RuntimeDxe/PlatformStatusCodeHandlerRuntimeDxe.c
PantherLakePlatSamplePkg/Features/PlatformStatusCodeHandler/RuntimeDxe/PlatformStatusCodeHandlerRuntimeDxe.h
PantherLakePlatSamplePkg/Features/PlatformStatusCodeHandler/RuntimeDxe/PlatformStatusCodeHandlerRuntimeDxe.inf
PantherLakePlatSamplePkg/Features/PlatformStatusCodeHandler/RuntimeDxe/SerialIoUartDxeStatusCodeWorker.c
PantherLakePlatSamplePkg/Library/BaseDebugLibAllDebugPort/DebugLib.c

================================================================================ 
Commit: bf767d4080cf00ed9f017ee0223de9db4ff00f64 
Author: ClientSysFWGit <clientsysfwgit@intel.com> 
Date: Tue Jan 6 17:16:15 2026 +0530 
-------------------------------------------------------------------------------- 
"[TeamCity] WCL WildcatLake_wildcatlake_program_platform_Daily Daily Updating Version/ID: WildcatLake_3463_04

Hsd-es-id: N/A"
Original commit date: Fri Nov 21 06:48:41 2025 +0000
Original commit hash: 99e3dd9eeeb8db87fd9980f759dd16c2926c8b8e

-------------------------------------------------------------------------------- 
[Changed Files]
Doxygen/BoardApi.chm
Doxygen/FspApi.chm
Doxygen/PantherLake_FSP_Integration_Guide.chm
Doxygen/PantherLake_FSP_Integration_Guide.pdf
Doxygen/PlatApi.chm
Doxygen/SiPkgApi.chm
Features/Camera/MipiCamFeaturePkg/MipiCamInstallTableDxe/UnitTest/CleanUp/InitializeMipiCam/CleanUpInitializeMipiCam.c
Features/Camera/MipiCamFeaturePkg/MipiCamInstallTableDxe/UnitTest/CleanUp/InitializeMipiCam/CleanUpInitializeMipiCam.h
Features/Camera/MipiCamFeaturePkg/MipiCamInstallTableDxe/UnitTest/MipiCamInstallTableDxeHost.inf
Features/Camera/MipiCamFeaturePkg/MipiCamInstallTableDxe/UnitTest/PreRequisite/InitializeMipiCam/PreInitializeMipiCam.c
Features/Camera/MipiCamFeaturePkg/MipiCamInstallTableDxe/UnitTest/PreRequisite/InitializeMipiCam/PreInitializeMipiCam.h
Features/Camera/MipiCamFeaturePkg/MipiCamInstallTableDxe/UnitTest/PrivateMock/PrivateMock.c
Features/Camera/MipiCamFeaturePkg/MipiCamInstallTableDxe/UnitTest/PrivateMock/PrivateMock.h
Features/Camera/MipiCamFeaturePkg/MipiCamInstallTableDxe/UnitTest/TestCase/InitializeMipiCam/TestCaseInitializeMipiCam.c
Features/Camera/MipiCamFeaturePkg/MipiCamInstallTableDxe/UnitTest/TestCase/InitializeMipiCam/TestCaseInitializeMipiCam.h
Features/Camera/MipiCamFeaturePkg/MipiCamInstallTableDxe/UnitTest/UnitTestMain.c
Features/Camera/MipiCamFeaturePkg/MipiCamInstallTableDxe/UnitTest/UnitTestMain.h
Features/Camera/MipiCamFeaturePkg/Test/MipiCamFeaturePkgHostTest.dsc
Features/ClientSmbiosFeaturePkg/SmbiosMiscDxe/UnitTest/CleanUp/AddSmbiosRecord/CleanUpAddSmbiosRecord.c
Features/ClientSmbiosFeaturePkg/SmbiosMiscDxe/UnitTest/CleanUp/AddSmbiosRecord/CleanUpAddSmbiosRecord.h
Features/ClientSmbiosFeaturePkg/SmbiosMiscDxe/UnitTest/CleanUp/AddSmbiosT14Callback/CleanUpAddSmbiosT14Callback.c
Features/ClientSmbiosFeaturePkg/SmbiosMiscDxe/UnitTest/CleanUp/AddSmbiosT14Callback/CleanUpAddSmbiosT14Callback.h
Features/ClientSmbiosFeaturePkg/SmbiosMiscDxe/UnitTest/CleanUp/AddSmbiosT24Callback/CleanUpAddSmbiosT24Callback.c
Features/ClientSmbiosFeaturePkg/SmbiosMiscDxe/UnitTest/CleanUp/AddSmbiosT24Callback/CleanUpAddSmbiosT24Callback.h
Features/ClientSmbiosFeaturePkg/SmbiosMiscDxe/UnitTest/CleanUp/MiscCommonSmbiosFunction/CleanUpMiscCommonSmbiosFunction.c
Features/ClientSmbiosFeaturePkg/SmbiosMiscDxe/UnitTest/CleanUp/MiscCommonSmbiosFunction/CleanUpMiscCommonSmbiosFunction.h
Features/ClientSmbiosFeaturePkg/SmbiosMiscDxe/UnitTest/CleanUp/SmbiosMiscEntryPoint/CleanUpSmbiosMiscEntryPoint.c
Features/ClientSmbiosFeaturePkg/SmbiosMiscDxe/UnitTest/CleanUp/SmbiosMiscEntryPoint/CleanUpSmbiosMiscEntryPoint.h
Features/ClientSmbiosFeaturePkg/SmbiosMiscDxe/UnitTest/CleanUp/UpdateMiscSmbios/CleanUpUpdateMiscSmbios.c
Features/ClientSmbiosFeaturePkg/SmbiosMiscDxe/UnitTest/CleanUp/UpdateMiscSmbios/CleanUpUpdateMiscSmbios.h
Features/ClientSmbiosFeaturePkg/SmbiosMiscDxe/UnitTest/CleanUp/UpdateMiscSmbiosCallback/CleanUpUpdateMiscSmbiosCallback.c
Features/ClientSmbiosFeaturePkg/SmbiosMiscDxe/UnitTest/CleanUp/UpdateMiscSmbiosCallback/CleanUpUpdateMiscSmbiosCallback.h
Features/ClientSmbiosFeaturePkg/SmbiosMiscDxe/UnitTest/PreRequisite/AddSmbiosRecord/PreAddSmbiosRecord.c
Features/ClientSmbiosFeaturePkg/SmbiosMiscDxe/UnitTest/PreRequisite/AddSmbiosRecord/PreAddSmbiosRecord.h
Features/ClientSmbiosFeaturePkg/SmbiosMiscDxe/UnitTest/PreRequisite/AddSmbiosT14Callback/PreAddSmbiosT14Callback.c
Features/ClientSmbiosFeaturePkg/SmbiosMiscDxe/UnitTest/PreRequisite/AddSmbiosT14Callback/PreAddSmbiosT14Callback.h
Features/ClientSmbiosFeaturePkg/SmbiosMiscDxe/UnitTest/PreRequisite/AddSmbiosT24Callback/PreAddSmbiosT24Callback.c
Features/ClientSmbiosFeaturePkg/SmbiosMiscDxe/UnitTest/PreRequisite/AddSmbiosT24Callback/PreAddSmbiosT24Callback.h
Features/ClientSmbiosFeaturePkg/SmbiosMiscDxe/UnitTest/PreRequisite/MiscCommonSmbiosFunction/PreMiscCommonSmbiosFunction.c
Features/ClientSmbiosFeaturePkg/SmbiosMiscDxe/UnitTest/PreRequisite/MiscCommonSmbiosFunction/PreMiscCommonSmbiosFunction.h
Features/ClientSmbiosFeaturePkg/SmbiosMiscDxe/UnitTest/PreRequisite/SmbiosMiscEntryPoint/PreSmbiosMiscEntryPoint.c
Features/ClientSmbiosFeaturePkg/SmbiosMiscDxe/UnitTest/PreRequisite/SmbiosMiscEntryPoint/PreSmbiosMiscEntryPoint.h
Features/ClientSmbiosFeaturePkg/SmbiosMiscDxe/UnitTest/PreRequisite/UpdateMiscSmbios/PreUpdateMiscSmbios.c
Features/ClientSmbiosFeaturePkg/SmbiosMiscDxe/UnitTest/PreRequisite/UpdateMiscSmbios/PreUpdateMiscSmbios.h
Features/ClientSmbiosFeaturePkg/SmbiosMiscDxe/UnitTest/PreRequisite/UpdateMiscSmbiosCallback/PreUpdateMiscSmbiosCallback.c
Features/ClientSmbiosFeaturePkg/SmbiosMiscDxe/UnitTest/PreRequisite/UpdateMiscSmbiosCallback/PreUpdateMiscSmbiosCallback.h
Features/ClientSmbiosFeaturePkg/SmbiosMiscDxe/UnitTest/PrivateMock/PrivateMock.c
Features/ClientSmbiosFeaturePkg/SmbiosMiscDxe/UnitTest/PrivateMock/PrivateMock.h
Features/ClientSmbiosFeaturePkg/SmbiosMiscDxe/UnitTest/PrivateMock/SmbiosMiscDxeDefault.c
Features/ClientSmbiosFeaturePkg/SmbiosMiscDxe/UnitTest/PrivateMock/SmbiosMiscDxeDefault.h
Features/ClientSmbiosFeaturePkg/SmbiosMiscDxe/UnitTest/PrivateMock/SmbiosMiscDxeDefinition.h
Features/ClientSmbiosFeaturePkg/SmbiosMiscDxe/UnitTest/PrivateMock/SmbiosMiscDxeStrings.h
Features/ClientSmbiosFeaturePkg/SmbiosMiscDxe/UnitTest/SmbiosMiscDxeHost.inf
Features/ClientSmbiosFeaturePkg/SmbiosMiscDxe/UnitTest/TestCase/AddSmbiosRecord/TestCaseAddSmbiosRecord.c
Features/ClientSmbiosFeaturePkg/SmbiosMiscDxe/UnitTest/TestCase/AddSmbiosRecord/TestCaseAddSmbiosRecord.h
Features/ClientSmbiosFeaturePkg/SmbiosMiscDxe/UnitTest/TestCase/AddSmbiosT14Callback/TestCaseAddSmbiosT14Callback.c
Features/ClientSmbiosFeaturePkg/SmbiosMiscDxe/UnitTest/TestCase/AddSmbiosT14Callback/TestCaseAddSmbiosT14Callback.h
Features/ClientSmbiosFeaturePkg/SmbiosMiscDxe/UnitTest/TestCase/AddSmbiosT24Callback/TestCaseAddSmbiosT24Callback.c
Features/ClientSmbiosFeaturePkg/SmbiosMiscDxe/UnitTest/TestCase/AddSmbiosT24Callback/TestCaseAddSmbiosT24Callback.h
Features/ClientSmbiosFeaturePkg/SmbiosMiscDxe/UnitTest/TestCase/MiscCommonSmbiosFunction/TestCaseMiscCommonSmbiosFunction.c
Features/ClientSmbiosFeaturePkg/SmbiosMiscDxe/UnitTest/TestCase/MiscCommonSmbiosFunction/TestCaseMiscCommonSmbiosFunction.h
Features/ClientSmbiosFeaturePkg/SmbiosMiscDxe/UnitTest/TestCase/SmbiosMiscEntryPoint/TestCaseSmbiosMiscEntryPoint.c
Features/ClientSmbiosFeaturePkg/SmbiosMiscDxe/UnitTest/TestCase/SmbiosMiscEntryPoint/TestCaseSmbiosMiscEntryPoint.h
Features/ClientSmbiosFeaturePkg/SmbiosMiscDxe/UnitTest/TestCase/SmbiosStrInit/TestCaseSmbiosStrInit.c
Features/ClientSmbiosFeaturePkg/SmbiosMiscDxe/UnitTest/TestCase/SmbiosStrInit/TestCaseSmbiosStrInit.h
Features/ClientSmbiosFeaturePkg/SmbiosMiscDxe/UnitTest/TestCase/SmbiosStringsUpdate/TestCaseSmbiosStringsUpdate.c
Features/ClientSmbiosFeaturePkg/SmbiosMiscDxe/UnitTest/TestCase/SmbiosStringsUpdate/TestCaseSmbiosStringsUpdate.h
Features/ClientSmbiosFeaturePkg/SmbiosMiscDxe/UnitTest/TestCase/UpdateMiscSmbios/TestCaseUpdateMiscSmbios.c
Features/ClientSmbiosFeaturePkg/SmbiosMiscDxe/UnitTest/TestCase/UpdateMiscSmbios/TestCaseUpdateMiscSmbios.h
Features/ClientSmbiosFeaturePkg/SmbiosMiscDxe/UnitTest/TestCase/UpdateMiscSmbiosCallback/TestCaseUpdateMiscSmbiosCallback.c
Features/ClientSmbiosFeaturePkg/SmbiosMiscDxe/UnitTest/TestCase/UpdateMiscSmbiosCallback/TestCaseUpdateMiscSmbiosCallback.h
Features/ClientSmbiosFeaturePkg/SmbiosMiscDxe/UnitTest/UnitTestMain.c
Features/ClientSmbiosFeaturePkg/SmbiosMiscDxe/UnitTest/UnitTestMain.h
Features/ClientSmbiosFeaturePkg/SmbiosTpmDeviceInfo/UnitTest/SmbiosTpmDeviceInfoHost.inf
Features/ClientSmbiosFeaturePkg/SmbiosTpmDeviceInfo/UnitTest/TestCase/SmbiosTpmDeviceInfoTestCase.c
Features/ClientSmbiosFeaturePkg/SmbiosTpmDeviceInfo/UnitTest/TestCase/SmbiosTpmDeviceInfoTestCase.h
Features/ClientSmbiosFeaturePkg/SmbiosTpmDeviceInfo/UnitTest/UnitTestMain.c
Features/ClientSmbiosFeaturePkg/SmbiosTpmDeviceInfo/UnitTest/UnitTestMain.h
Features/ClientSmbiosFeaturePkg/Test/ClientSmbiosFeaturePkgHostTest.dsc
Features/ClientSmbiosFeaturePkg/Test/CommonMock/BasePcdLibMock.inf
Features/ClientSmbiosFeaturePkg/Test/CommonMock/BootServicesMock.c
Features/ClientSmbiosFeaturePkg/Test/CommonMock/BootServicesMock.h
Features/ClientSmbiosFeaturePkg/Test/CommonMock/PcdLibMock.c
Features/ClientSmbiosFeaturePkg/Test/CommonMock/UefiLibMock.c
Features/CmosFeaturePkg/Test/CmosFeaturePkgHostTest.dsc
Features/Connectivity/CnvFeaturePkg/CnvDxe/UnitTest/CnvDxeHost.inf
Features/Connectivity/CnvFeaturePkg/CnvDxe/UnitTest/PrivateMock/Library/LibMock/LibMock.c
Features/Connectivity/CnvFeaturePkg/CnvDxe/UnitTest/PrivateMock/Library/LibMock/LibMock.inf
Features/Connectivity/CnvFeaturePkg/CnvDxe/UnitTest/TestCase/CnvNvsAreaInit/TestCaseCnvNvsAreaInit.c
Features/Connectivity/CnvFeaturePkg/CnvDxe/UnitTest/TestCase/CnvNvsAreaInit/TestCaseCnvNvsAreaInit.h
Features/Connectivity/CnvFeaturePkg/CnvDxe/UnitTest/TestCase/CnvNvsAreaUpdate/TestCaseCnvNvsAreaUpdate.c
Features/Connectivity/CnvFeaturePkg/CnvDxe/UnitTest/TestCase/CnvNvsAreaUpdate/TestCaseCnvNvsAreaUpdate.h
Features/Connectivity/CnvFeaturePkg/CnvDxe/UnitTest/UnitTestMain.c
Features/Connectivity/CnvFeaturePkg/CnvDxe/UnitTest/UnitTestMain.h
Features/Connectivity/CnvFeaturePkg/CnvUefiConfigVariables/UnitTest/CnvUefiConfigVariables2Host.inf
Features/Connectivity/CnvFeaturePkg/CnvUefiConfigVariables/UnitTest/PrivateMock/PrivateMock.c
Features/Connectivity/CnvFeaturePkg/CnvUefiConfigVariables/UnitTest/PrivateMock/PrivateMock.h
Features/Connectivity/CnvFeaturePkg/CnvUefiConfigVariables/UnitTest/TestCase/CnvUefiConfigVarVer2/InstallBbfb/TestCaseInstallBbfbVer2.c
Features/Connectivity/CnvFeaturePkg/CnvUefiConfigVariables/UnitTest/TestCase/CnvUefiConfigVarVer2/InstallBbfb/TestCaseInstallBbfbVer2.h
Features/Connectivity/CnvFeaturePkg/CnvUefiConfigVariables/UnitTest/TestCase/CnvUefiConfigVarVer2/InstallBrdsRev2/TestCaseInstallBrdsRev2.c
Features/Connectivity/CnvFeaturePkg/CnvUefiConfigVariables/UnitTest/TestCase/CnvUefiConfigVarVer2/InstallBrdsRev2/TestCaseInstallBrdsRev2.h
Features/Connectivity/CnvFeaturePkg/CnvUefiConfigVariables/UnitTest/TestCase/CnvUefiConfigVarVer2/InstallBtDualChainMode/TestCaseInstallBtDualChainMode.c
Features/Connectivity/CnvFeaturePkg/CnvUefiConfigVariables/UnitTest/TestCase/CnvUefiConfigVarVer2/InstallBtDualChainMode/TestCaseInstallBtDualChainMode.h
Features/Connectivity/CnvFeaturePkg/CnvUefiConfigVariables/UnitTest/TestCase/CnvUefiConfigVarVer2/InstallBtDualMacMode/TestCaseInstallBtDualMacMode.c
Features/Connectivity/CnvFeaturePkg/CnvUefiConfigVariables/UnitTest/TestCase/CnvUefiConfigVarVer2/InstallBtDualMacMode/TestCaseInstallBtDualMacMode.h
Features/Connectivity/CnvFeaturePkg/CnvUefiConfigVariables/UnitTest/TestCase/CnvUefiConfigVarVer2/InstallBtPpag/TestCaseInstallBtPpagVer2.c
Features/Connectivity/CnvFeaturePkg/CnvUefiConfigVariables/UnitTest/TestCase/CnvUefiConfigVarVer2/InstallBtPpag/TestCaseInstallBtPpagVer2.h
Features/Connectivity/CnvFeaturePkg/CnvUefiConfigVariables/UnitTest/TestCase/CnvUefiConfigVarVer2/InstallBtlc/TestCaseInstallBtlcVer2.c
Features/Connectivity/CnvFeaturePkg/CnvUefiConfigVariables/UnitTest/TestCase/CnvUefiConfigVarVer2/InstallBtlc/TestCaseInstallBtlcVer2.h
Features/Connectivity/CnvFeaturePkg/CnvUefiConfigVariables/UnitTest/TestCase/CnvUefiConfigVarVer2/InstallCnvUefiVariables/TestCaseInstallCnvUefiVariablesVer2.c
Features/Connectivity/CnvFeaturePkg/CnvUefiConfigVariables/UnitTest/TestCase/CnvUefiConfigVarVer2/InstallCnvUefiVariables/TestCaseInstallCnvUefiVariablesVer2.h
Features/Connectivity/CnvFeaturePkg/CnvUefiConfigVariables/UnitTest/TestCase/CnvUefiConfigVarVer2/InstallEckv/TestCaseInstallEckvVer2.c
Features/Connectivity/CnvFeaturePkg/CnvUefiConfigVariables/UnitTest/TestCase/CnvUefiConfigVarVer2/InstallEckv/TestCaseInstallEckvVer2.h
Features/Connectivity/CnvFeaturePkg/CnvUefiConfigVariables/UnitTest/TestCase/CnvUefiConfigVarVer2/InstallEwrd/TestCaseInstallEwrdVer2.c
Features/Connectivity/CnvFeaturePkg/CnvUefiConfigVariables/UnitTest/TestCase/CnvUefiConfigVarVer2/InstallEwrd/TestCaseInstallEwrdVer2.h
Features/Connectivity/CnvFeaturePkg/CnvUefiConfigVariables/UnitTest/TestCase/CnvUefiConfigVarVer2/InstallMpcc/TestCaseInstallMpccVer2.c
Features/Connectivity/CnvFeaturePkg/CnvUefiConfigVariables/UnitTest/TestCase/CnvUefiConfigVarVer2/InstallMpcc/TestCaseInstallMpccVer2.h
Features/Connectivity/CnvFeaturePkg/CnvUefiConfigVariables/UnitTest/TestCase/CnvUefiConfigVarVer2/InstallPpag/TestCaseInstallPpagVer2.c
Features/Connectivity/CnvFeaturePkg/CnvUefiConfigVariables/UnitTest/TestCase/CnvUefiConfigVarVer2/InstallPpag/TestCaseInstallPpagVer2.h
Features/Connectivity/CnvFeaturePkg/CnvUefiConfigVariables/UnitTest/TestCase/CnvUefiConfigVarVer2/InstallSads/TestCaseInstallSadsVer2.c
Features/Connectivity/CnvFeaturePkg/CnvUefiConfigVariables/UnitTest/TestCase/CnvUefiConfigVarVer2/InstallSads/TestCaseInstallSadsVer2.h
Features/Connectivity/CnvFeaturePkg/CnvUefiConfigVariables/UnitTest/TestCase/CnvUefiConfigVarVer2/InstallSgom/TestCaseInstallSgomVer2.c
Features/Connectivity/CnvFeaturePkg/CnvUefiConfigVariables/UnitTest/TestCase/CnvUefiConfigVarVer2/InstallSgom/TestCaseInstallSgomVer2.h
Features/Connectivity/CnvFeaturePkg/CnvUefiConfigVariables/UnitTest/TestCase/CnvUefiConfigVarVer2/InstallSplc/TestCaseInstallSplcVer2.c
Features/Connectivity/CnvFeaturePkg/CnvUefiConfigVariables/UnitTest/TestCase/CnvUefiConfigVarVer2/InstallSplc/TestCaseInstallSplcVer2.h
Features/Connectivity/CnvFeaturePkg/CnvUefiConfigVariables/UnitTest/TestCase/CnvUefiConfigVarVer2/InstallWcsc/TestCaseInstallWcscVer2.c
Features/Connectivity/CnvFeaturePkg/CnvUefiConfigVariables/UnitTest/TestCase/CnvUefiConfigVarVer2/InstallWcsc/TestCaseInstallWcscVer2.h
Features/Connectivity/CnvFeaturePkg/CnvUefiConfigVariables/UnitTest/TestCase/CnvUefiConfigVarVer2/InstallWgds/TestCaseInstallWgdsVer2.c
Features/Connectivity/CnvFeaturePkg/CnvUefiConfigVariables/UnitTest/TestCase/CnvUefiConfigVarVer2/InstallWgds/TestCaseInstallWgdsVer2.h
Features/Connectivity/CnvFeaturePkg/CnvUefiConfigVariables/UnitTest/TestCase/CnvUefiConfigVarVer2/InstallWlanGeneralCfg/TestCaseInstallWlanGeneralCfg.c
Features/Connectivity/CnvFeaturePkg/CnvUefiConfigVariables/UnitTest/TestCase/CnvUefiConfigVarVer2/InstallWlanGeneralCfg/TestCaseInstallWlanGeneralCfg.h
Features/Connectivity/CnvFeaturePkg/CnvUefiConfigVariables/UnitTest/TestCase/CnvUefiConfigVarVer2/InstallWlanOemPnvm/TestCaseInstallWlanOemPnvm.c
Features/Connectivity/CnvFeaturePkg/CnvUefiConfigVariables/UnitTest/TestCase/CnvUefiConfigVarVer2/InstallWlanOemPnvm/TestCaseInstallWlanOemPnvm.h
Features/Connectivity/CnvFeaturePkg/CnvUefiConfigVariables/UnitTest/TestCase/CnvUefiConfigVarVer2/InstallWpfc/TestCaseInstallWpfcVer2.c
Features/Connectivity/CnvFeaturePkg/CnvUefiConfigVariables/UnitTest/TestCase/CnvUefiConfigVarVer2/InstallWpfc/TestCaseInstallWpfcVer2.h
Features/Connectivity/CnvFeaturePkg/CnvUefiConfigVariables/UnitTest/TestCase/CnvUefiConfigVarVer2/InstallWrdd/TestCaseInstallWrddVer2.c
Features/Connectivity/CnvFeaturePkg/CnvUefiConfigVariables/UnitTest/TestCase/CnvUefiConfigVarVer2/InstallWrdd/TestCaseInstallWrddVer2.h
Features/Connectivity/CnvFeaturePkg/CnvUefiConfigVariables/UnitTest/TestCase/CnvUefiConfigVarVer2/InstallWrds/TestCaseInstallWrdsVer2.c
Features/Connectivity/CnvFeaturePkg/CnvUefiConfigVariables/UnitTest/TestCase/CnvUefiConfigVarVer2/InstallWrds/TestCaseInstallWrdsVer2.h
Features/Connectivity/CnvFeaturePkg/CnvUefiConfigVariables/UnitTest/TestCase/CnvUefiConfigVarVer2/InstallWtas/TestCaseInstallWtasVer2.c
Features/Connectivity/CnvFeaturePkg/CnvUefiConfigVariables/UnitTest/TestCase/CnvUefiConfigVarVer2/InstallWtas/TestCaseInstallWtasVer2.h
Features/Connectivity/CnvFeaturePkg/CnvUefiConfigVariables/UnitTest/TestCase/CnvUefiConfigVarVer2/InstallWwanCoEx/TestCaseInstallWwanCoExVer2.c
Features/Connectivity/CnvFeaturePkg/CnvUefiConfigVariables/UnitTest/TestCase/CnvUefiConfigVarVer2/InstallWwanCoEx/TestCaseInstallWwanCoExVer2.h
Features/Connectivity/CnvFeaturePkg/CnvUefiConfigVariables/UnitTest/UnitTestMainVer2.c
Features/Connectivity/CnvFeaturePkg/CnvUefiConfigVariables/UnitTest/UnitTestMainVer2.h
Features/Connectivity/CnvFeaturePkg/CnvVfrSetupMenu/UnitTest/CnvVfrSetupMenuHost.inf
Features/Connectivity/CnvFeaturePkg/CnvVfrSetupMenu/UnitTest/TestCase/CnvVfrSetupMenuTestCase.c
Features/Connectivity/CnvFeaturePkg/CnvVfrSetupMenu/UnitTest/TestCase/CnvVfrSetupMenuTestCase.h
Features/Connectivity/CnvFeaturePkg/CnvVfrSetupMenu/UnitTest/UnitTestMain.c
Features/Connectivity/CnvFeaturePkg/CnvVfrSetupMenu/UnitTest/UnitTestMain.h
Features/Connectivity/CnvFeaturePkg/Test/CnvFeaturePkgHostTest.dsc
Features/Connectivity/CnvFeaturePkg/Test/CommonMock/BootServicesMock.c
Features/Connectivity/CnvFeaturePkg/Test/CommonMock/BootServicesMock.h
Features/Connectivity/CnvFeaturePkg/Test/CommonMock/Library/BasePcdLibMock/BasePcdLibMock.c
Features/Connectivity/CnvFeaturePkg/Test/CommonMock/Library/BasePcdLibMock/BasePcdLibMock.inf
Features/Connectivity/CnvFeaturePkg/Test/CommonMock/Library/BasePciLibMock/BasePciLibMock.c
Features/Connectivity/CnvFeaturePkg/Test/CommonMock/Library/BasePciLibMock/BasePciLibMock.inf
Features/Connectivity/CnvFeaturePkg/Test/CommonMock/RunTimeServicesMock.c
Features/Connectivity/CnvFeaturePkg/Test/CommonMock/RunTimeServicesMock.h
Features/Debug/CrashLogFeaturePkg/CrashLogDxe/UnitTest/CrashLogDxeHost.inf
Features/Debug/CrashLogFeaturePkg/CrashLogDxe/UnitTest/PrivateMock/HobLibMock.c
Features/Debug/CrashLogFeaturePkg/CrashLogDxe/UnitTest/TestCase/AddFirmwareErrorEntry/AddFirmwareErrorEntryMock.h
Features/Debug/CrashLogFeaturePkg/CrashLogDxe/UnitTest/TestCase/AddFirmwareErrorEntry/TestCase.c
Features/Debug/CrashLogFeaturePkg/CrashLogDxe/UnitTest/TestCase/CrashLogDxeEntry/CleanUp.c
Features/Debug/CrashLogFeaturePkg/CrashLogDxe/UnitTest/TestCase/CrashLogDxeEntry/CrashLogDxeEntryMock.h
Features/Debug/CrashLogFeaturePkg/CrashLogDxe/UnitTest/TestCase/CrashLogDxeEntry/PreRequisite.c
Features/Debug/CrashLogFeaturePkg/CrashLogDxe/UnitTest/TestCase/CrashLogDxeEntry/TestCase.c
Features/Debug/CrashLogFeaturePkg/CrashLogDxe/UnitTest/TestCase/GetPayloadInfoFromHob/GetPayloadInfoFromHobMock.h
Features/Debug/CrashLogFeaturePkg/CrashLogDxe/UnitTest/TestCase/GetPayloadInfoFromHob/TestCase.c
Features/Debug/CrashLogFeaturePkg/CrashLogDxe/UnitTest/TestCase/InitBertTbl/InitBertTblMock.h
Features/Debug/CrashLogFeaturePkg/CrashLogDxe/UnitTest/TestCase/InitBertTbl/TestCase.c
Features/Debug/CrashLogFeaturePkg/CrashLogDxe/UnitTest/TestCase/InitBertTblHeader/InitBertTblHeaderMock.h
Features/Debug/CrashLogFeaturePkg/CrashLogDxe/UnitTest/TestCase/InitBertTblHeader/TestCase.c
Features/Debug/CrashLogFeaturePkg/CrashLogDxe/UnitTest/TestCase/InitializePrivateData/InitializePrivateDataMock.h
Features/Debug/CrashLogFeaturePkg/CrashLogDxe/UnitTest/TestCase/InitializePrivateData/TestCase.c
Features/Debug/CrashLogFeaturePkg/CrashLogDxe/UnitTest/TestCase/InsertGenericErrorData/InsertGenericErrorDataMock.h
Features/Debug/CrashLogFeaturePkg/CrashLogDxe/UnitTest/TestCase/InsertGenericErrorData/TestCase.c
Features/Debug/CrashLogFeaturePkg/CrashLogDxe/UnitTest/TestCase/InsertRecordToBert/InsertRecordToBertMock.h
Features/Debug/CrashLogFeaturePkg/CrashLogDxe/UnitTest/TestCase/InsertRecordToBert/TestCase.c
Features/Debug/CrashLogFeaturePkg/CrashLogDxe/UnitTest/TestCase/InstallApeiBertTables/CleanUp.c
Features/Debug/CrashLogFeaturePkg/CrashLogDxe/UnitTest/TestCase/InstallApeiBertTables/InstallApeiBertTablesMock.h
Features/Debug/CrashLogFeaturePkg/CrashLogDxe/UnitTest/TestCase/InstallApeiBertTables/PreRequisite.c
Features/Debug/CrashLogFeaturePkg/CrashLogDxe/UnitTest/TestCase/InstallApeiBertTables/TestCase.c
Features/Debug/CrashLogFeaturePkg/CrashLogDxe/UnitTest/TestCase/UpdateAcpiTableIds/TestCase.c
Features/Debug/CrashLogFeaturePkg/CrashLogDxe/UnitTest/TestCase/UpdateAcpiTableIds/UpdateAcpiTableIdsMock.h
Features/Debug/CrashLogFeaturePkg/CrashLogDxe/UnitTest/UnitTestMain.c
Features/Debug/CrashLogFeaturePkg/CrashLogDxe/UnitTest/UnitTestMain.h
Features/Debug/CrashLogFeaturePkg/Test/CrashLogFeaturePkgHostTest.dsc
Features/Ec/EcFeaturePkg/BatteryDxe/UnitTest/BatteryDxeHost.inf
Features/Ec/EcFeaturePkg/BatteryDxe/UnitTest/TestCase/BatteryEnableCharging/TestCaseBatteryEnableCharging.c
Features/Ec/EcFeaturePkg/BatteryDxe/UnitTest/TestCase/BatteryEnableCharging/TestCaseBatteryEnableCharging.h
Features/Ec/EcFeaturePkg/BatteryDxe/UnitTest/TestCase/GetBatteryInformation/TestCaseGetBatteryInformation.c
Features/Ec/EcFeaturePkg/BatteryDxe/UnitTest/TestCase/GetBatteryInformation/TestCaseGetBatteryInformation.h
Features/Ec/EcFeaturePkg/BatteryDxe/UnitTest/TestCase/GetBatteryStatus/TestCaseGetBatteryStatus.c
Features/Ec/EcFeaturePkg/BatteryDxe/UnitTest/TestCase/GetBatteryStatus/TestCaseGetBatteryStatus.h
Features/Ec/EcFeaturePkg/BatteryDxe/UnitTest/TestCase/InstallBatteryProtocol/TestCaseInstallBatteryProtocol.c
Features/Ec/EcFeaturePkg/BatteryDxe/UnitTest/TestCase/InstallBatteryProtocol/TestCaseInstallBatteryProtocol.h
Features/Ec/EcFeaturePkg/BatteryDxe/UnitTest/UnitTestMain.c
Features/Ec/EcFeaturePkg/BatteryDxe/UnitTest/UnitTestMain.h
Features/Ec/EcFeaturePkg/EcDxe/UnitTest/EcDxeHost.inf
Features/Ec/EcFeaturePkg/EcDxe/UnitTest/PrivateMock/PrivateMock.c
Features/Ec/EcFeaturePkg/EcDxe/UnitTest/PrivateMock/PrivateMock.h
Features/Ec/EcFeaturePkg/EcDxe/UnitTest/TestCase/EcDxeInitialize/TestCaseEcDxeInitialize.c
Features/Ec/EcFeaturePkg/EcDxe/UnitTest/TestCase/EcDxeInitialize/TestCaseEcDxeInitialize.h
Features/Ec/EcFeaturePkg/EcDxe/UnitTest/TestCase/InstallEcSsdt/TestCaseInstallEcSsdt.c
Features/Ec/EcFeaturePkg/EcDxe/UnitTest/TestCase/InstallEcSsdt/TestCaseInstallEcSsdt.h
Features/Ec/EcFeaturePkg/EcDxe/UnitTest/TestCase/InstallSsdtAcpiTable/TestCaseInstallSsdtAcpiTable.c
Features/Ec/EcFeaturePkg/EcDxe/UnitTest/TestCase/InstallSsdtAcpiTable/TestCaseInstallSsdtAcpiTable.h
Features/Ec/EcFeaturePkg/EcDxe/UnitTest/TestCase/UpdateAcpiDataTable/TestCaseUpdateAcpiDataTable.c
Features/Ec/EcFeaturePkg/EcDxe/UnitTest/TestCase/UpdateAcpiDataTable/TestCaseUpdateAcpiDataTable.h
Features/Ec/EcFeaturePkg/EcDxe/UnitTest/UnitTestMain.c
Features/Ec/EcFeaturePkg/EcDxe/UnitTest/UnitTestMain.h
Features/Ec/EcFeaturePkg/Test/CommonMock/BootServicesMock.c
Features/Ec/EcFeaturePkg/Test/CommonMock/BootServicesMock.h
Features/Ec/EcFeaturePkg/Test/CommonMock/Library/BaseIoLibMock/BaseIoLibMock.c
Features/Ec/EcFeaturePkg/Test/CommonMock/Library/BaseIoLibMock/BaseIoLibMock.inf
Features/Ec/EcFeaturePkg/Test/CommonMock/Library/BasePcdLibMock/BasePcdLibMock.c
Features/Ec/EcFeaturePkg/Test/CommonMock/Library/BasePcdLibMock/BasePcdLibMock.inf
Features/Ec/EcFeaturePkg/Test/CommonMock/Library/BaseTimerLibMock/BaseTimerLibMock.c
Features/Ec/EcFeaturePkg/Test/CommonMock/Library/BaseTimerLibMock/BaseTimerLibMock.inf
Features/Ec/EcFeaturePkg/Test/EcFeaturePkgHostTest.dsc
Features/FirmwareGuard/CapsuleFeaturePkg/BiosResiliencyDxe/UnitTest/BiosResiliencyDxeHost.inf
Features/FirmwareGuard/CapsuleFeaturePkg/BiosResiliencyDxe/UnitTest/TestCase/BiosResiliencyDxeTestCase.c
Features/FirmwareGuard/CapsuleFeaturePkg/BiosResiliencyDxe/UnitTest/TestCase/BiosResiliencyDxeTestCase.h
Features/FirmwareGuard/CapsuleFeaturePkg/BiosResiliencyDxe/UnitTest/UnitTestMain.c
Features/FirmwareGuard/CapsuleFeaturePkg/BiosResiliencyDxe/UnitTest/UnitTestMain.h
Features/FirmwareGuard/CapsuleFeaturePkg/MeResiliencyDxe/UnitTest/MeResiliencyDxeHost.inf
Features/FirmwareGuard/CapsuleFeaturePkg/MeResiliencyDxe/UnitTest/TestCase/MeResiliencyDxeTestCase.c
Features/FirmwareGuard/CapsuleFeaturePkg/MeResiliencyDxe/UnitTest/TestCase/MeResiliencyDxeTestCase.h
Features/FirmwareGuard/CapsuleFeaturePkg/MeResiliencyDxe/UnitTest/UnitTestMain.c
Features/FirmwareGuard/CapsuleFeaturePkg/MeResiliencyDxe/UnitTest/UnitTestMain.h
Features/FirmwareGuard/CapsuleFeaturePkg/PlatformInitRecoveryPei/UnitTest/PlatformInitRecoveryPeiHost.inf
Features/FirmwareGuard/CapsuleFeaturePkg/PlatformInitRecoveryPei/UnitTest/TestCase/PlatformInitRecoveryPeiTestCase.c
Features/FirmwareGuard/CapsuleFeaturePkg/PlatformInitRecoveryPei/UnitTest/TestCase/PlatformInitRecoveryPeiTestCase.h
Features/FirmwareGuard/CapsuleFeaturePkg/PlatformInitRecoveryPei/UnitTest/UnitTestMain.c
Features/FirmwareGuard/CapsuleFeaturePkg/PlatformInitRecoveryPei/UnitTest/UnitTestMain.h
Features/FirmwareGuard/CapsuleFeaturePkg/Test/CapsuleFeaturePkgHostTest.dsc
Features/FirmwareGuard/TelemetryFeaturePkg/FirmwareVersion/PlatformFirmwareVersionDxe/UnitTest/PlatformFirmwareVersionDxeHost.inf
Features/FirmwareGuard/TelemetryFeaturePkg/FirmwareVersion/PlatformFirmwareVersionDxe/UnitTest/TestCase/PlatformFirmwareVersionDxeTestCase.c
Features/FirmwareGuard/TelemetryFeaturePkg/FirmwareVersion/PlatformFirmwareVersionDxe/UnitTest/TestCase/PlatformFirmwareVersionDxeTestCase.h
Features/FirmwareGuard/TelemetryFeaturePkg/FirmwareVersion/PlatformFirmwareVersionDxe/UnitTest/UnitTestMain.c
Features/FirmwareGuard/TelemetryFeaturePkg/FirmwareVersion/PlatformFirmwareVersionDxe/UnitTest/UnitTestMain.h
Features/FirmwareGuard/TelemetryFeaturePkg/FirmwareVersion/SiFirmwareVersionDxe/UnitTest/SiFirmwareVersionDxeHost.inf
Features/FirmwareGuard/TelemetryFeaturePkg/FirmwareVersion/SiFirmwareVersionDxe/UnitTest/TestCase/SiFirmwareVersionDxeTestCase.c
Features/FirmwareGuard/TelemetryFeaturePkg/FirmwareVersion/SiFirmwareVersionDxe/UnitTest/TestCase/SiFirmwareVersionDxeTestCase.h
Features/FirmwareGuard/TelemetryFeaturePkg/FirmwareVersion/SiFirmwareVersionDxe/UnitTest/UnitTestMain.c
Features/FirmwareGuard/TelemetryFeaturePkg/FirmwareVersion/SiFirmwareVersionDxe/UnitTest/UnitTestMain.h
Features/FirmwareGuard/TelemetryFeaturePkg/HealthDriver/CsmeHealthDxe/UnitTest/CsmeHealthDxeHost.inf
Features/FirmwareGuard/TelemetryFeaturePkg/HealthDriver/CsmeHealthDxe/UnitTest/TestCase/CsmeHealthDxeTestCase.c
Features/FirmwareGuard/TelemetryFeaturePkg/HealthDriver/CsmeHealthDxe/UnitTest/TestCase/CsmeHealthDxeTestCase.h
Features/FirmwareGuard/TelemetryFeaturePkg/HealthDriver/CsmeHealthDxe/UnitTest/UnitTestMain.c
Features/FirmwareGuard/TelemetryFeaturePkg/HealthDriver/CsmeHealthDxe/UnitTest/UnitTestMain.h
Features/FirmwareGuard/TelemetryFeaturePkg/HealthDriver/MotherBoardHealthDxe/UnitTest/MotherBoardHealthDxeHost.inf
Features/FirmwareGuard/TelemetryFeaturePkg/HealthDriver/MotherBoardHealthDxe/UnitTest/TestCase/MotherBoardHealthDxeTestCase.c
Features/FirmwareGuard/TelemetryFeaturePkg/HealthDriver/MotherBoardHealthDxe/UnitTest/TestCase/MotherBoardHealthDxeTestCase.h
Features/FirmwareGuard/TelemetryFeaturePkg/HealthDriver/MotherBoardHealthDxe/UnitTest/UnitTestMain.c
Features/FirmwareGuard/TelemetryFeaturePkg/HealthDriver/MotherBoardHealthDxe/UnitTest/UnitTestMain.h
Features/FirmwareGuard/TelemetryFeaturePkg/HealthDriver/MrcHealthDxe/UnitTest/MrcHealthDxeHost.inf
Features/FirmwareGuard/TelemetryFeaturePkg/HealthDriver/MrcHealthDxe/UnitTest/TestCase/MrcHealthDxeTestCase.c
Features/FirmwareGuard/TelemetryFeaturePkg/HealthDriver/MrcHealthDxe/UnitTest/TestCase/MrcHealthDxeTestCase.h
Features/FirmwareGuard/TelemetryFeaturePkg/HealthDriver/MrcHealthDxe/UnitTest/UnitTestMain.c
Features/FirmwareGuard/TelemetryFeaturePkg/HealthDriver/MrcHealthDxe/UnitTest/UnitTestMain.h
Features/FirmwareGuard/TelemetryFeaturePkg/HealthDriver/NvmeHealthDxe/UnitTest/NvmeHealthDxeHost.inf
Features/FirmwareGuard/TelemetryFeaturePkg/HealthDriver/NvmeHealthDxe/UnitTest/TestCase/NvmeHealthDxeTestCase.c
Features/FirmwareGuard/TelemetryFeaturePkg/HealthDriver/NvmeHealthDxe/UnitTest/TestCase/NvmeHealthDxeTestCase.h
Features/FirmwareGuard/TelemetryFeaturePkg/HealthDriver/NvmeHealthDxe/UnitTest/UnitTestMain.c
Features/FirmwareGuard/TelemetryFeaturePkg/HealthDriver/NvmeHealthDxe/UnitTest/UnitTestMain.h
Features/FirmwareGuard/TelemetryFeaturePkg/Test/TelemetryFeaturePkgHostTest.dsc
Features/FspWrapperFeaturePkg/CheckFspErrorInfoHob/UnitTest/CheckFspErrorInfoHobHost.inf
Features/FspWrapperFeaturePkg/CheckFspErrorInfoHob/UnitTest/TestCase/CheckFspErrorInfoHobTestCase.c
Features/FspWrapperFeaturePkg/CheckFspErrorInfoHob/UnitTest/TestCase/CheckFspErrorInfoHobTestCase.h
Features/FspWrapperFeaturePkg/CheckFspErrorInfoHob/UnitTest/UnitTestMain.c
Features/FspWrapperFeaturePkg/CheckFspErrorInfoHob/UnitTest/UnitTestMain.h
Features/FspWrapperFeaturePkg/DebugEventHandler/UnitTest/DebugEventHandlerHost.inf
Features/FspWrapperFeaturePkg/DebugEventHandler/UnitTest/TestCase/DebugEventHandlerTestCase.c
Features/FspWrapperFeaturePkg/DebugEventHandler/UnitTest/TestCase/DebugEventHandlerTestCase.h
Features/FspWrapperFeaturePkg/DebugEventHandler/UnitTest/UnitTestMain.c
Features/FspWrapperFeaturePkg/DebugEventHandler/UnitTest/UnitTestMain.h
Features/FspWrapperFeaturePkg/FspWrapperPeim/UnitTest/FspWrapperPeimHost.inf
Features/FspWrapperFeaturePkg/FspWrapperPeim/UnitTest/TestCase/FspWrapperPeimTestCase.c
Features/FspWrapperFeaturePkg/FspWrapperPeim/UnitTest/TestCase/FspWrapperPeimTestCase.h
Features/FspWrapperFeaturePkg/FspWrapperPeim/UnitTest/UnitTestMain.c
Features/FspWrapperFeaturePkg/FspWrapperPeim/UnitTest/UnitTestMain.h
Features/FspWrapperFeaturePkg/Test/FspWrapperFeaturePkgHostTest.dsc
Features/FvCopyFeaturePkg/FreeSpaceSkipFvCopyPei/UnitTest/FreeSpaceSkipFvCopyHostTest.dsc
Features/FvCopyFeaturePkg/FreeSpaceSkipFvCopyPei/UnitTest/FreeSpaceSkipFvCopyHostTest.inf
Features/FvCopyFeaturePkg/FreeSpaceSkipFvCopyPei/UnitTest/PrivateMock/PrivateMock.c
Features/FvCopyFeaturePkg/FreeSpaceSkipFvCopyPei/UnitTest/PrivateMock/PrivateMock.h
Features/FvCopyFeaturePkg/FreeSpaceSkipFvCopyPei/UnitTest/TestCase/TestCaseFirmwareVolumeCopy.h
Features/FvCopyFeaturePkg/FreeSpaceSkipFvCopyPei/UnitTest/TestCase/TestCaseFirmwareVolumeCopyWithSpiDma.c
Features/FvCopyFeaturePkg/FreeSpaceSkipFvCopyPei/UnitTest/TestCase/TestCaseFirmwareVolumeCopyWithoutSpiDma.c
Features/FvCopyFeaturePkg/FreeSpaceSkipFvCopyPei/UnitTest/TestCase/TestCaseFreeSpaceSkipEntryPoint.c
Features/FvCopyFeaturePkg/FreeSpaceSkipFvCopyPei/UnitTest/UnitTestMain.c
Features/FvCopyFeaturePkg/FreeSpaceSkipFvCopyPei/UnitTest/UnitTestMain.h
Features/I2cFeaturePkg/I2cPlatformDxe/UnitTest/I2cPlatformDxeHost.inf
Features/I2cFeaturePkg/I2cPlatformDxe/UnitTest/PrivateMock/PrivateMock.c
Features/I2cFeaturePkg/I2cPlatformDxe/UnitTest/PrivateMock/PrivateMock.h
Features/I2cFeaturePkg/I2cPlatformDxe/UnitTest/TestCase/Enumerate/TestCaseEnumerate.c
Features/I2cFeaturePkg/I2cPlatformDxe/UnitTest/TestCase/Enumerate/TestCaseEnumerate.h
Features/I2cFeaturePkg/I2cPlatformDxe/UnitTest/TestCase/GetBusFrequency/TestCaseGetBusFrequency.c
Features/I2cFeaturePkg/I2cPlatformDxe/UnitTest/TestCase/GetBusFrequency/TestCaseGetBusFrequency.h
Features/I2cFeaturePkg/I2cPlatformDxe/UnitTest/TestCase/GetPciDevId/TestCaseGetPciDevId.c
Features/I2cFeaturePkg/I2cPlatformDxe/UnitTest/TestCase/GetPciDevId/TestCaseGetPciDevId.h
Features/I2cFeaturePkg/I2cPlatformDxe/UnitTest/TestCase/GetSocSeries/TestCaseGetSocSeries.c
Features/I2cFeaturePkg/I2cPlatformDxe/UnitTest/TestCase/GetSocSeries/TestCaseGetSocSeries.h
Features/I2cFeaturePkg/I2cPlatformDxe/UnitTest/TestCase/I2cPlatformDriverBindingStart/TestCaseI2cPlatformDriverBindingStart.c
Features/I2cFeaturePkg/I2cPlatformDxe/UnitTest/TestCase/I2cPlatformDriverBindingStart/TestCaseI2cPlatformDriverBindingStart.h
Features/I2cFeaturePkg/I2cPlatformDxe/UnitTest/TestCase/I2cPlatformDriverBindingStop/TestCaseI2cPlatformDriverBindingStop.c
Features/I2cFeaturePkg/I2cPlatformDxe/UnitTest/TestCase/I2cPlatformDriverBindingStop/TestCaseI2cPlatformDriverBindingStop.h
Features/I2cFeaturePkg/I2cPlatformDxe/UnitTest/TestCase/I2cPlatformDriverBindingSupported/TestCaseI2cPlatformDriverBindingSupported.c
Features/I2cFeaturePkg/I2cPlatformDxe/UnitTest/TestCase/I2cPlatformDriverBindingSupported/TestCaseI2cPlatformDriverBindingSupported.h
Features/I2cFeaturePkg/I2cPlatformDxe/UnitTest/TestCase/I2cPlatformDxeTestCase.c
Features/I2cFeaturePkg/I2cPlatformDxe/UnitTest/TestCase/I2cPlatformDxeTestCase.h
Features/I2cFeaturePkg/I2cPlatformDxe/UnitTest/TestCase/I2cPlatformEntryPoint/TestCaseI2cPlatformEntryPoint.c
Features/I2cFeaturePkg/I2cPlatformDxe/UnitTest/TestCase/I2cPlatformEntryPoint/TestCaseI2cPlatformEntryPoint.h
Features/I2cFeaturePkg/I2cPlatformDxe/UnitTest/TestCase/IsSerialIoI2cDeviceIdCp/TestCaseIsSerialIoI2cDeviceIdCp.c
Features/I2cFeaturePkg/I2cPlatformDxe/UnitTest/TestCase/IsSerialIoI2cDeviceIdCp/TestCaseIsSerialIoI2cDeviceIdCp.h
Features/I2cFeaturePkg/I2cPlatformDxe/UnitTest/TestCase/SetConfiguration/TestCaseSetConfiguration.c
Features/I2cFeaturePkg/I2cPlatformDxe/UnitTest/TestCase/SetConfiguration/TestCaseSetConfiguration.h
Features/I2cFeaturePkg/I2cPlatformDxe/UnitTest/UnitTestMain.c
Features/I2cFeaturePkg/I2cPlatformDxe/UnitTest/UnitTestMain.h
Features/I2cFeaturePkg/I2cPowerMeter/UnitTest/CleanUp/I2cPmData/CleanUpI2cPmData.c
Features/I2cFeaturePkg/I2cPowerMeter/UnitTest/CleanUp/I2cPmData/CleanUpI2cPmData.h
Features/I2cFeaturePkg/I2cPowerMeter/UnitTest/I2cPowerMeterHost.inf
Features/I2cFeaturePkg/I2cPowerMeter/UnitTest/PreRequisite/I2cPmData/PreI2cPmData.c
Features/I2cFeaturePkg/I2cPowerMeter/UnitTest/PreRequisite/I2cPmData/PreI2cPmData.h
Features/I2cFeaturePkg/I2cPowerMeter/UnitTest/PrivateMock/PrivateMock.c
Features/I2cFeaturePkg/I2cPowerMeter/UnitTest/PrivateMock/PrivateMock.h
Features/I2cFeaturePkg/I2cPowerMeter/UnitTest/TestCase/I2cPmData/TestCaseI2cPmData.c
Features/I2cFeaturePkg/I2cPowerMeter/UnitTest/TestCase/I2cPmData/TestCaseI2cPmData.h
Features/I2cFeaturePkg/I2cPowerMeter/UnitTest/UnitTestMain.c
Features/I2cFeaturePkg/I2cPowerMeter/UnitTest/UnitTestMain.h
Features/I2cFeaturePkg/I2cPssMonzaDxe/UnitTest/I2cMonzaDxeHost.inf
Features/I2cFeaturePkg/I2cPssMonzaDxe/UnitTest/PrivateMock/PrivateMock.c
Features/I2cFeaturePkg/I2cPssMonzaDxe/UnitTest/PrivateMock/PrivateMock.h
Features/I2cFeaturePkg/I2cPssMonzaDxe/UnitTest/TestCase/IsPssMonzaExist/TestCaseIsPssMonzaExist.c
Features/I2cFeaturePkg/I2cPssMonzaDxe/UnitTest/TestCase/IsPssMonzaExist/TestCaseIsPssMonzaExist.h
Features/I2cFeaturePkg/I2cPssMonzaDxe/UnitTest/TestCase/PssMonzaDeleteRequestPacket/TestCasePssMonzaDeleteRequestPacket.c
Features/I2cFeaturePkg/I2cPssMonzaDxe/UnitTest/TestCase/PssMonzaDeleteRequestPacket/TestCasePssMonzaDeleteRequestPacket.h
Features/I2cFeaturePkg/I2cPssMonzaDxe/UnitTest/TestCase/PssMonzaDriverBindingStart/TestCasePssMonzaDriverBindingStart.c
Features/I2cFeaturePkg/I2cPssMonzaDxe/UnitTest/TestCase/PssMonzaDriverBindingStart/TestCasePssMonzaDriverBindingStart.h
Features/I2cFeaturePkg/I2cPssMonzaDxe/UnitTest/TestCase/PssMonzaDriverBindingStop/TestCasePssMonzaDriverBindingStop.c
Features/I2cFeaturePkg/I2cPssMonzaDxe/UnitTest/TestCase/PssMonzaDriverBindingStop/TestCasePssMonzaDriverBindingStop.h
Features/I2cFeaturePkg/I2cPssMonzaDxe/UnitTest/TestCase/PssMonzaDriverBindingSupported/TestCasePssMonzaDriverBindingSupported.c
Features/I2cFeaturePkg/I2cPssMonzaDxe/UnitTest/TestCase/PssMonzaDriverBindingSupported/TestCasePssMonzaDriverBindingSupported.h
Features/I2cFeaturePkg/I2cPssMonzaDxe/UnitTest/TestCase/PssMonzaDriverComponentNameGetControllerName/TestCasePssMonzaDriverComponentNameGetControllerName.c
Features/I2cFeaturePkg/I2cPssMonzaDxe/UnitTest/TestCase/PssMonzaDriverComponentNameGetControllerName/TestCasePssMonzaDriverComponentNameGetControllerName.h
Features/I2cFeaturePkg/I2cPssMonzaDxe/UnitTest/TestCase/PssMonzaDriverComponentNameGetDriverName/TestCasePssMonzaDriverComponentNameGetDriverName.c
Features/I2cFeaturePkg/I2cPssMonzaDxe/UnitTest/TestCase/PssMonzaDriverComponentNameGetDriverName/TestCasePssMonzaDriverComponentNameGetDriverName.h
Features/I2cFeaturePkg/I2cPssMonzaDxe/UnitTest/TestCase/PssMonzaDriverEntryPoint/TestCasePssMonzaDriverEntryPoint.c
Features/I2cFeaturePkg/I2cPssMonzaDxe/UnitTest/TestCase/PssMonzaDriverEntryPoint/TestCasePssMonzaDriverEntryPoint.h
Features/I2cFeaturePkg/I2cPssMonzaDxe/UnitTest/TestCase/PssMonzaGetMacAddress/TestCasePssMonzaGetMacAddress.c
Features/I2cFeaturePkg/I2cPssMonzaDxe/UnitTest/TestCase/PssMonzaGetMacAddress/TestCasePssMonzaGetMacAddress.h
Features/I2cFeaturePkg/I2cPssMonzaDxe/UnitTest/TestCase/PssMonzaGetSerialNumber/TestCasePssMonzaGetSerialNumber.c
Features/I2cFeaturePkg/I2cPssMonzaDxe/UnitTest/TestCase/PssMonzaGetSerialNumber/TestCasePssMonzaGetSerialNumber.h
Features/I2cFeaturePkg/I2cPssMonzaDxe/UnitTest/TestCase/PssMonzaNewRequestPacket/TestCasePssMonzaNewRequestPacket.c
Features/I2cFeaturePkg/I2cPssMonzaDxe/UnitTest/TestCase/PssMonzaNewRequestPacket/TestCasePssMonzaNewRequestPacket.h
Features/I2cFeaturePkg/I2cPssMonzaDxe/UnitTest/TestCase/PssMonzaReadData/TestCasePssMonzaReadData.c
Features/I2cFeaturePkg/I2cPssMonzaDxe/UnitTest/TestCase/PssMonzaReadData/TestCasePssMonzaReadData.h
Features/I2cFeaturePkg/I2cPssMonzaDxe/UnitTest/UnitTestMain.c
Features/I2cFeaturePkg/I2cPssMonzaDxe/UnitTest/UnitTestMain.h
Features/I2cFeaturePkg/I2cSensorPei/UnitTest/I2cSensorPeiHost.inf
Features/I2cFeaturePkg/I2cSensorPei/UnitTest/PrivateMock/PrivateMock.c
Features/I2cFeaturePkg/I2cSensorPei/UnitTest/PrivateMock/PrivateMock.h
Features/I2cFeaturePkg/I2cSensorPei/UnitTest/TestCase/I2cSensorPeiEntry/TestCaseI2cSensorPeiEntry.c
Features/I2cFeaturePkg/I2cSensorPei/UnitTest/TestCase/I2cSensorPeiEntry/TestCaseI2cSensorPeiEntry.h
Features/I2cFeaturePkg/I2cSensorPei/UnitTest/TestCase/ReadBmi323Orientation/TestCaseReadBmi323Orientation.c
Features/I2cFeaturePkg/I2cSensorPei/UnitTest/TestCase/ReadBmi323Orientation/TestCaseReadBmi323Orientation.h
Features/I2cFeaturePkg/I2cSensorPei/UnitTest/TestCase/ReadLsm6dsoxOrientation/TestCaseReadLsm6dsoxOrientation.c
Features/I2cFeaturePkg/I2cSensorPei/UnitTest/TestCase/ReadLsm6dsoxOrientation/TestCaseReadLsm6dsoxOrientation.h
Features/I2cFeaturePkg/I2cSensorPei/UnitTest/TestCase/ReadSensorData/TestCaseReadSensorData.c
Features/I2cFeaturePkg/I2cSensorPei/UnitTest/TestCase/ReadSensorData/TestCaseReadSensorData.h
Features/I2cFeaturePkg/I2cSensorPei/UnitTest/TestCase/WriteSensor16/TestCaseWriteSensor16.c
Features/I2cFeaturePkg/I2cSensorPei/UnitTest/TestCase/WriteSensor16/TestCaseWriteSensor16.h
Features/I2cFeaturePkg/I2cSensorPei/UnitTest/TestCase/WriteSensorByte/TestCaseWriteSensorByte.c
Features/I2cFeaturePkg/I2cSensorPei/UnitTest/TestCase/WriteSensorByte/TestCaseWriteSensorByte.h
Features/I2cFeaturePkg/I2cSensorPei/UnitTest/UnitTestMain.c
Features/I2cFeaturePkg/I2cSensorPei/UnitTest/UnitTestMain.h
Features/I2cFeaturePkg/I2cTouchAcpiDxe/I2cTouchCommon/UnitTest/CleanUp/GetDevTablePointer/CleanUpGetDevTablePointer.c
Features/I2cFeaturePkg/I2cTouchAcpiDxe/I2cTouchCommon/UnitTest/CleanUp/GetDevTablePointer/CleanUpGetDevTablePointer.h
Features/I2cFeaturePkg/I2cTouchAcpiDxe/I2cTouchCommon/UnitTest/CleanUp/I2CTouchDevEntry/CleanUpI2CTouchDevEntry.c
Features/I2cFeaturePkg/I2cTouchAcpiDxe/I2cTouchCommon/UnitTest/CleanUp/I2CTouchDevEntry/CleanUpI2CTouchDevEntry.h
Features/I2cFeaturePkg/I2cTouchAcpiDxe/I2cTouchCommon/UnitTest/CleanUp/InstallI2cTable/CleanUpInstallI2cTable.c
Features/I2cFeaturePkg/I2cTouchAcpiDxe/I2cTouchCommon/UnitTest/CleanUp/InstallI2cTable/CleanUpInstallI2cTable.h
Features/I2cFeaturePkg/I2cTouchAcpiDxe/I2cTouchCommon/UnitTest/I2cCommonHost.inf
Features/I2cFeaturePkg/I2cTouchAcpiDxe/I2cTouchCommon/UnitTest/PreRequisite/GetDevTablePointer/PreGetDevTablePointer.c
Features/I2cFeaturePkg/I2cTouchAcpiDxe/I2cTouchCommon/UnitTest/PreRequisite/GetDevTablePointer/PreGetDevTablePointer.h
Features/I2cFeaturePkg/I2cTouchAcpiDxe/I2cTouchCommon/UnitTest/PreRequisite/I2CTouchDevEntry/PreI2CTouchDevEntry.c
Features/I2cFeaturePkg/I2cTouchAcpiDxe/I2cTouchCommon/UnitTest/PreRequisite/I2CTouchDevEntry/PreI2CTouchDevEntry.h
Features/I2cFeaturePkg/I2cTouchAcpiDxe/I2cTouchCommon/UnitTest/PreRequisite/InstallI2cTable/PreInstallI2cTable.c
Features/I2cFeaturePkg/I2cTouchAcpiDxe/I2cTouchCommon/UnitTest/PreRequisite/InstallI2cTable/PreInstallI2cTable.h
Features/I2cFeaturePkg/I2cTouchAcpiDxe/I2cTouchCommon/UnitTest/PrivateMock/PrivateMock.c
Features/I2cFeaturePkg/I2cTouchAcpiDxe/I2cTouchCommon/UnitTest/PrivateMock/PrivateMock.h
Features/I2cFeaturePkg/I2cTouchAcpiDxe/I2cTouchCommon/UnitTest/TestCase/GetDevTablePointer/TestCaseGetDevTablePointer.c
Features/I2cFeaturePkg/I2cTouchAcpiDxe/I2cTouchCommon/UnitTest/TestCase/GetDevTablePointer/TestCaseGetDevTablePointer.h
Features/I2cFeaturePkg/I2cTouchAcpiDxe/I2cTouchCommon/UnitTest/TestCase/I2CTouchDevEntry/TestCaseI2CTouchDevEntry.c
Features/I2cFeaturePkg/I2cTouchAcpiDxe/I2cTouchCommon/UnitTest/TestCase/I2CTouchDevEntry/TestCaseI2CTouchDevEntry.h
Features/I2cFeaturePkg/I2cTouchAcpiDxe/I2cTouchCommon/UnitTest/TestCase/InstallI2cTable/TestCaseInstallI2cTable.c
Features/I2cFeaturePkg/I2cTouchAcpiDxe/I2cTouchCommon/UnitTest/TestCase/InstallI2cTable/TestCaseInstallI2cTable.h
Features/I2cFeaturePkg/I2cTouchAcpiDxe/I2cTouchCommon/UnitTest/UnitTestMain.c
Features/I2cFeaturePkg/I2cTouchAcpiDxe/I2cTouchCommon/UnitTest/UnitTestMain.h
Features/I2cFeaturePkg/I2cTouchAcpiDxe/I2cTouchDevAcpi/UnitTest/CleanUp/I2CBoardData/CleanUpI2CBoardData.c
Features/I2cFeaturePkg/I2cTouchAcpiDxe/I2cTouchDevAcpi/UnitTest/CleanUp/I2CBoardData/CleanUpI2CBoardData.h
Features/I2cFeaturePkg/I2cTouchAcpiDxe/I2cTouchDevAcpi/UnitTest/CleanUp/I2cDevPatchEntry/CleanUpI2cDevPatchEntry.c
Features/I2cFeaturePkg/I2cTouchAcpiDxe/I2cTouchDevAcpi/UnitTest/CleanUp/I2cDevPatchEntry/CleanUpI2cDevPatchEntry.h
Features/I2cFeaturePkg/I2cTouchAcpiDxe/I2cTouchDevAcpi/UnitTest/CleanUp/PatchI2cDevicesBuffer/CleanUpPatchI2cDevicesBuffer.c
Features/I2cFeaturePkg/I2cTouchAcpiDxe/I2cTouchDevAcpi/UnitTest/CleanUp/PatchI2cDevicesBuffer/CleanUpPatchI2cDevicesBuffer.h
Features/I2cFeaturePkg/I2cTouchAcpiDxe/I2cTouchDevAcpi/UnitTest/CleanUp/PatchRtd3Buffer/CleanUpPatchRtd3Buffer.c
Features/I2cFeaturePkg/I2cTouchAcpiDxe/I2cTouchDevAcpi/UnitTest/CleanUp/PatchRtd3Buffer/CleanUpPatchRtd3Buffer.h
Features/I2cFeaturePkg/I2cTouchAcpiDxe/I2cTouchDevAcpi/UnitTest/I2cTouchDevHost.inf
Features/I2cFeaturePkg/I2cTouchAcpiDxe/I2cTouchDevAcpi/UnitTest/PreRequisite/I2CBoardData/PreI2CBoardData.c
Features/I2cFeaturePkg/I2cTouchAcpiDxe/I2cTouchDevAcpi/UnitTest/PreRequisite/I2CBoardData/PreI2CBoardData.h
Features/I2cFeaturePkg/I2cTouchAcpiDxe/I2cTouchDevAcpi/UnitTest/PreRequisite/I2cDevPatchEntry/PreI2cDevPatchEntry.c
Features/I2cFeaturePkg/I2cTouchAcpiDxe/I2cTouchDevAcpi/UnitTest/PreRequisite/I2cDevPatchEntry/PreI2cDevPatchEntry.h
Features/I2cFeaturePkg/I2cTouchAcpiDxe/I2cTouchDevAcpi/UnitTest/PreRequisite/PatchI2cDevicesBuffer/PrePatchI2cDevicesBuffer.c
Features/I2cFeaturePkg/I2cTouchAcpiDxe/I2cTouchDevAcpi/UnitTest/PreRequisite/PatchI2cDevicesBuffer/PrePatchI2cDevicesBuffer.h
Features/I2cFeaturePkg/I2cTouchAcpiDxe/I2cTouchDevAcpi/UnitTest/PreRequisite/PatchRtd3Buffer/PrePatchRtd3Buffer.c
Features/I2cFeaturePkg/I2cTouchAcpiDxe/I2cTouchDevAcpi/UnitTest/PreRequisite/PatchRtd3Buffer/PrePatchRtd3Buffer.h
Features/I2cFeaturePkg/I2cTouchAcpiDxe/I2cTouchDevAcpi/UnitTest/PrivateMock/PrivateMock.c
Features/I2cFeaturePkg/I2cTouchAcpiDxe/I2cTouchDevAcpi/UnitTest/PrivateMock/PrivateMock.h
Features/I2cFeaturePkg/I2cTouchAcpiDxe/I2cTouchDevAcpi/UnitTest/TestCase/I2CBoardData/TestCaseI2CBoardData.c
Features/I2cFeaturePkg/I2cTouchAcpiDxe/I2cTouchDevAcpi/UnitTest/TestCase/I2CBoardData/TestCaseI2CBoardData.h
Features/I2cFeaturePkg/I2cTouchAcpiDxe/I2cTouchDevAcpi/UnitTest/TestCase/I2cDevPatchEntry/TestCaseI2cDevPatchEntry.c
Features/I2cFeaturePkg/I2cTouchAcpiDxe/I2cTouchDevAcpi/UnitTest/TestCase/I2cDevPatchEntry/TestCaseI2cDevPatchEntry.h
Features/I2cFeaturePkg/I2cTouchAcpiDxe/I2cTouchDevAcpi/UnitTest/TestCase/PatchI2cDevicesBuffer/TestCasePatchI2cDevicesBuffer.c
Features/I2cFeaturePkg/I2cTouchAcpiDxe/I2cTouchDevAcpi/UnitTest/TestCase/PatchI2cDevicesBuffer/TestCasePatchI2cDevicesBuffer.h
Features/I2cFeaturePkg/I2cTouchAcpiDxe/I2cTouchDevAcpi/UnitTest/TestCase/PatchRtd3Buffer/TestCasePatchRtd3Buffer.c
Features/I2cFeaturePkg/I2cTouchAcpiDxe/I2cTouchDevAcpi/UnitTest/TestCase/PatchRtd3Buffer/TestCasePatchRtd3Buffer.h
Features/I2cFeaturePkg/I2cTouchAcpiDxe/I2cTouchDevAcpi/UnitTest/UnitTestMain.c
Features/I2cFeaturePkg/I2cTouchAcpiDxe/I2cTouchDevAcpi/UnitTest/UnitTestMain.h
Features/I2cFeaturePkg/I2cTouchPanelDxe/UnitTest/I2cTouchPanelDxeHost.inf
Features/I2cFeaturePkg/I2cTouchPanelDxe/UnitTest/PrivateMock/PrivateMock.c
Features/I2cFeaturePkg/I2cTouchPanelDxe/UnitTest/PrivateMock/PrivateMock.h
Features/I2cFeaturePkg/I2cTouchPanelDxe/UnitTest/TestCase/AccessBit/TestCaseAccessBit.c
Features/I2cFeaturePkg/I2cTouchPanelDxe/UnitTest/TestCase/AccessBit/TestCaseAccessBit.h
Features/I2cFeaturePkg/I2cTouchPanelDxe/UnitTest/TestCase/CheckDataAvailableCallback/TestCaseCheckDataAvailableCallback.c
Features/I2cFeaturePkg/I2cTouchPanelDxe/UnitTest/TestCase/CheckDataAvailableCallback/TestCaseCheckDataAvailableCallback.h
Features/I2cFeaturePkg/I2cTouchPanelDxe/UnitTest/TestCase/DeleteRequestPacket/TestCaseDeleteRequestPacket.c
Features/I2cFeaturePkg/I2cTouchPanelDxe/UnitTest/TestCase/DeleteRequestPacket/TestCaseDeleteRequestPacket.h
Features/I2cFeaturePkg/I2cTouchPanelDxe/UnitTest/TestCase/ExportReport/TestCaseExportReport.c
Features/I2cFeaturePkg/I2cTouchPanelDxe/UnitTest/TestCase/ExportReport/TestCaseExportReport.h
Features/I2cFeaturePkg/I2cTouchPanelDxe/UnitTest/TestCase/GetHidDescriptor/TestCaseGetHidDescriptor.c
Features/I2cFeaturePkg/I2cTouchPanelDxe/UnitTest/TestCase/GetHidDescriptor/TestCaseGetHidDescriptor.h
Features/I2cFeaturePkg/I2cTouchPanelDxe/UnitTest/TestCase/GetLength/TestCaseGetLength.c
Features/I2cFeaturePkg/I2cTouchPanelDxe/UnitTest/TestCase/GetLength/TestCaseGetLength.h
Features/I2cFeaturePkg/I2cTouchPanelDxe/UnitTest/TestCase/GetToken/TestCaseGetToken.c
Features/I2cFeaturePkg/I2cTouchPanelDxe/UnitTest/TestCase/GetToken/TestCaseGetToken.h
Features/I2cFeaturePkg/I2cTouchPanelDxe/UnitTest/TestCase/GetTouchCoordinates/TestCaseGetTouchCoordinates.c
Features/I2cFeaturePkg/I2cTouchPanelDxe/UnitTest/TestCase/GetTouchCoordinates/TestCaseGetTouchCoordinates.h
Features/I2cFeaturePkg/I2cTouchPanelDxe/UnitTest/TestCase/HidDescriptorReceivedEvent/TestCaseHidDescriptorReceivedEvent.c
Features/I2cFeaturePkg/I2cTouchPanelDxe/UnitTest/TestCase/HidDescriptorReceivedEvent/TestCaseHidDescriptorReceivedEvent.h
Features/I2cFeaturePkg/I2cTouchPanelDxe/UnitTest/TestCase/NewRequestPacket/TestCaseNewRequestPacket.c
Features/I2cFeaturePkg/I2cTouchPanelDxe/UnitTest/TestCase/NewRequestPacket/TestCaseNewRequestPacket.h
Features/I2cFeaturePkg/I2cTouchPanelDxe/UnitTest/TestCase/ParseInput/TestCaseParseInput.c
Features/I2cFeaturePkg/I2cTouchPanelDxe/UnitTest/TestCase/ParseInput/TestCaseParseInput.h
Features/I2cFeaturePkg/I2cTouchPanelDxe/UnitTest/TestCase/ReadInputReportDescriptor/TestCaseReadInputReportDescriptor.c
Features/I2cFeaturePkg/I2cTouchPanelDxe/UnitTest/TestCase/ReadInputReportDescriptor/TestCaseReadInputReportDescriptor.h
Features/I2cFeaturePkg/I2cTouchPanelDxe/UnitTest/TestCase/SetHidPower/TestCaseSetHidPower.c
Features/I2cFeaturePkg/I2cTouchPanelDxe/UnitTest/TestCase/SetHidPower/TestCaseSetHidPower.h
Features/I2cFeaturePkg/I2cTouchPanelDxe/UnitTest/TestCase/SetHidReset/TestCaseSetHidReset.c
Features/I2cFeaturePkg/I2cTouchPanelDxe/UnitTest/TestCase/SetHidReset/TestCaseSetHidReset.h
Features/I2cFeaturePkg/I2cTouchPanelDxe/UnitTest/TestCase/SetInterruptFrequency/TestCaseSetInterruptFrequency.c
Features/I2cFeaturePkg/I2cTouchPanelDxe/UnitTest/TestCase/SetInterruptFrequency/TestCaseSetInterruptFrequency.h
Features/I2cFeaturePkg/I2cTouchPanelDxe/UnitTest/TestCase/ShowReportTable/TestCaseShowReportTable.c
Features/I2cFeaturePkg/I2cTouchPanelDxe/UnitTest/TestCase/ShowReportTable/TestCaseShowReportTable.h
Features/I2cFeaturePkg/I2cTouchPanelDxe/UnitTest/TestCase/TPLDriverComponentNameGetControllerName/TestCaseTouchPanelDriverComponentNameGetControllerName.c
Features/I2cFeaturePkg/I2cTouchPanelDxe/UnitTest/TestCase/TPLDriverComponentNameGetControllerName/TestCaseTouchPanelDriverComponentNameGetControllerName.h
Features/I2cFeaturePkg/I2cTouchPanelDxe/UnitTest/TestCase/TouchDevInit/TestCaseTouchDevInit.c
Features/I2cFeaturePkg/I2cTouchPanelDxe/UnitTest/TestCase/TouchDevInit/TestCaseTouchDevInit.h
Features/I2cFeaturePkg/I2cTouchPanelDxe/UnitTest/TestCase/TouchPanelDriverAbsolutePointerGetState/TestCaseTouchPanelDriverAbsolutePointerGetState.c
Features/I2cFeaturePkg/I2cTouchPanelDxe/UnitTest/TestCase/TouchPanelDriverAbsolutePointerGetState/TestCaseTouchPanelDriverAbsolutePointerGetState.h
Features/I2cFeaturePkg/I2cTouchPanelDxe/UnitTest/TestCase/TouchPanelDriverAbsolutePointerReset/TestCaseTouchPanelDriverAbsolutePointerReset.c
Features/I2cFeaturePkg/I2cTouchPanelDxe/UnitTest/TestCase/TouchPanelDriverAbsolutePointerReset/TestCaseTouchPanelDriverAbsolutePointerReset.h
Features/I2cFeaturePkg/I2cTouchPanelDxe/UnitTest/TestCase/TouchPanelDriverComponentNameGetDriverName/TestCaseTouchPanelDriverComponentNameGetDriverName.c
Features/I2cFeaturePkg/I2cTouchPanelDxe/UnitTest/TestCase/TouchPanelDriverComponentNameGetDriverName/TestCaseTouchPanelDriverComponentNameGetDriverName.h
Features/I2cFeaturePkg/I2cTouchPanelDxe/UnitTest/TestCase/TouchPanelDriverDriverBindingStart/TestCaseTouchPanelDriverDriverBindingStart.c
Features/I2cFeaturePkg/I2cTouchPanelDxe/UnitTest/TestCase/TouchPanelDriverDriverBindingStart/TestCaseTouchPanelDriverDriverBindingStart.h
Features/I2cFeaturePkg/I2cTouchPanelDxe/UnitTest/TestCase/TouchPanelDriverDriverBindingStop/TestCaseTouchPanelDriverDriverBindingStop.c
Features/I2cFeaturePkg/I2cTouchPanelDxe/UnitTest/TestCase/TouchPanelDriverDriverBindingStop/TestCaseTouchPanelDriverDriverBindingStop.h
Features/I2cFeaturePkg/I2cTouchPanelDxe/UnitTest/TestCase/TouchPanelDriverDriverBindingSupported/TestCaseTouchPanelDriverDriverBindingSupported.c
Features/I2cFeaturePkg/I2cTouchPanelDxe/UnitTest/TestCase/TouchPanelDriverDriverBindingSupported/TestCaseTouchPanelDriverDriverBindingSupported.h
Features/I2cFeaturePkg/I2cTouchPanelDxe/UnitTest/TestCase/TouchPanelDriverEntryPoint/TestCaseTouchPanelDriverEntryPoint.c
Features/I2cFeaturePkg/I2cTouchPanelDxe/UnitTest/TestCase/TouchPanelDriverEntryPoint/TestCaseTouchPanelDriverEntryPoint.h
Features/I2cFeaturePkg/I2cTouchPanelDxe/UnitTest/TestCase/TouchPanelDriverUnload/TestCaseTouchPanelDriverUnload.c
Features/I2cFeaturePkg/I2cTouchPanelDxe/UnitTest/TestCase/TouchPanelDriverUnload/TestCaseTouchPanelDriverUnload.h
Features/I2cFeaturePkg/I2cTouchPanelDxe/UnitTest/TestCase/UpdateStack/TestCaseUpdateStack.c
Features/I2cFeaturePkg/I2cTouchPanelDxe/UnitTest/TestCase/UpdateStack/TestCaseUpdateStack.h
Features/I2cFeaturePkg/I2cTouchPanelDxe/UnitTest/UnitTestMain.c
Features/I2cFeaturePkg/I2cTouchPanelDxe/UnitTest/UnitTestMain.h
Features/I2cFeaturePkg/Test/CommonMock/BootServicesMock.c
Features/I2cFeaturePkg/Test/CommonMock/BootServicesMock.h
Features/I2cFeaturePkg/Test/CommonMock/PcdLibMock.c
Features/I2cFeaturePkg/Test/CommonMock/PcdLibMock.inf
Features/I2cFeaturePkg/Test/CommonMock/UefiLibMock.c
Features/I2cFeaturePkg/Test/I2cFeaturePkgHostTest.dsc
Features/Manageability/MemoryTelemetryFeaturePkg/UnitTest/MemoryTelemetryFeaturePkgHostTest.dsc
Features/Manageability/MemoryTelemetryFeaturePkg/UnitTest/MemoryTelemetryUnitTest.inf
Features/Manageability/MemoryTelemetryFeaturePkg/UnitTest/TestCase/Include/Library/DxePhatAcpiLibNull/DxePhatAcpiLibNull.c
Features/Manageability/MemoryTelemetryFeaturePkg/UnitTest/TestCase/Include/Library/DxePhatAcpiLibNull/DxePhatAcpiLibNull.inf
Features/Manageability/MemoryTelemetryFeaturePkg/UnitTest/TestCase/Include/Library/PhatAcpiLib.h
Features/Manageability/MemoryTelemetryFeaturePkg/UnitTest/TestCase/MemoryTelemetryTestCase/MemInfoHob.h
Features/Manageability/MemoryTelemetryFeaturePkg/UnitTest/TestCase/MemoryTelemetryTestCase/MemoryTelemetryTestCase.c
Features/Manageability/MemoryTelemetryFeaturePkg/UnitTest/TestCase/MemoryTelemetryTestCase/MemoryTelemetryTestCase.h
Features/Manageability/MemoryTelemetryFeaturePkg/UnitTest/TestCase/PeiMemoryTelemetryTestCase/PeiMemoryTelemetryTestCase.c
Features/Manageability/MemoryTelemetryFeaturePkg/UnitTest/TestCase/PeiMemoryTelemetryTestCase/PeiMemoryTelemetryTestCase.h
Features/Manageability/MemoryTelemetryFeaturePkg/UnitTest/UnitTestMain.c
Features/Manageability/MemoryTelemetryFeaturePkg/UnitTest/UnitTestMain.h
Features/Manageability/OneClickRecoveryFeaturePkg/UnitTest/Library/DxeAmtHeciLibMock/DxeAmtHeciLibMock.c
Features/Manageability/OneClickRecoveryFeaturePkg/UnitTest/Library/DxeAmtHeciLibMock/DxeAmtHeciLibMock.inf
Features/Manageability/OneClickRecoveryFeaturePkg/UnitTest/Library/GenerateRandomDataLib/GenerateRandomDataLib.c
Features/Manageability/OneClickRecoveryFeaturePkg/UnitTest/Library/GenerateRandomDataLib/GenerateRandomDataLib.h
Features/Manageability/OneClickRecoveryFeaturePkg/UnitTest/OneClickRecoveryFeaturePkgHostTest.dsc
Features/Manageability/OneClickRecoveryFeaturePkg/UnitTest/OneClickRecoveryUnitTest.inf
Features/Manageability/OneClickRecoveryFeaturePkg/UnitTest/TestCase/WpsGetProfile/WpsGetProfile.c
Features/Manageability/OneClickRecoveryFeaturePkg/UnitTest/TestCase/WpsGetProfile/WpsGetProfile.h
Features/Manageability/OneClickRecoveryFeaturePkg/UnitTest/UnitTestMain.c
Features/Manageability/OneClickRecoveryFeaturePkg/UnitTest/UnitTestMain.h
Features/Manageability/PlatformSanitizeFeaturePkg/PlatformSanitizeDxe/UnitTest/Library/PsServiceMockLib/PsServiceMockLib.c
Features/Manageability/PlatformSanitizeFeaturePkg/PlatformSanitizeDxe/UnitTest/Library/PsServiceMockLib/PsServiceMockLib.inf
Features/Manageability/PlatformSanitizeFeaturePkg/PlatformSanitizeDxe/UnitTest/PlatformSanitizeUnitTest.inf
Features/Manageability/PlatformSanitizeFeaturePkg/PlatformSanitizeDxe/UnitTest/TestCase/PlatformSanitizeSimulation/PlatformSanitizeSimulationMock.h
Features/Manageability/PlatformSanitizeFeaturePkg/PlatformSanitizeDxe/UnitTest/TestCase/PlatformSanitizeSimulation/PlatformSanitizeSimulationUnitTest.c
Features/Manageability/PlatformSanitizeFeaturePkg/PlatformSanitizeDxe/UnitTest/TestCase/PlatformSanitizeUnitTest/PlatformSanitizeMock.h
Features/Manageability/PlatformSanitizeFeaturePkg/PlatformSanitizeDxe/UnitTest/TestCase/PlatformSanitizeUnitTest/PlatformSanitizeUnitTest.c
Features/Manageability/PlatformSanitizeFeaturePkg/PlatformSanitizeDxe/UnitTest/UnitTestMain.c
Features/Manageability/PlatformSanitizeFeaturePkg/PlatformSanitizeDxe/UnitTest/UnitTestMain.h
Features/Manageability/PlatformSanitizeFeaturePkg/StorageSanitize/PlatformOpalDxe/UnitTest/PlatformOpalDxeHost.inf
Features/Manageability/PlatformSanitizeFeaturePkg/StorageSanitize/PlatformOpalDxe/UnitTest/TestCase/AddDeviceToTail/AddDeviceToTailMock.h
Features/Manageability/PlatformSanitizeFeaturePkg/StorageSanitize/PlatformOpalDxe/UnitTest/TestCase/AddDeviceToTail/AddDeviceToTailTestCase.c
Features/Manageability/PlatformSanitizeFeaturePkg/StorageSanitize/PlatformOpalDxe/UnitTest/TestCase/DriverBindingStop/DriverBindingStopMock.h
Features/Manageability/PlatformSanitizeFeaturePkg/StorageSanitize/PlatformOpalDxe/UnitTest/TestCase/DriverBindingStop/DriverBindingStopTestCase.c
Features/Manageability/PlatformSanitizeFeaturePkg/StorageSanitize/PlatformOpalDxe/UnitTest/TestCase/DriverBindingSupported/DriverBindingSupportedMock.h
Features/Manageability/PlatformSanitizeFeaturePkg/StorageSanitize/PlatformOpalDxe/UnitTest/TestCase/DriverBindingSupported/DriverBindingSupportedTestCase.c
Features/Manageability/PlatformSanitizeFeaturePkg/StorageSanitize/PlatformOpalDxe/UnitTest/TestCase/DriverEntryPoint/DriverEntryPointMock.h
Features/Manageability/PlatformSanitizeFeaturePkg/StorageSanitize/PlatformOpalDxe/UnitTest/TestCase/DriverEntryPoint/DriverEntryPointTestCase.c
Features/Manageability/PlatformSanitizeFeaturePkg/StorageSanitize/PlatformOpalDxe/UnitTest/TestCase/DriverUnload/DriverUnloadMock.h
Features/Manageability/PlatformSanitizeFeaturePkg/StorageSanitize/PlatformOpalDxe/UnitTest/TestCase/DriverUnload/DriverUnloadTestCase.c
Features/Manageability/PlatformSanitizeFeaturePkg/StorageSanitize/PlatformOpalDxe/UnitTest/TestCase/GetBlockSidState/GetBlockSidStateMock.h
Features/Manageability/PlatformSanitizeFeaturePkg/StorageSanitize/PlatformOpalDxe/UnitTest/TestCase/GetBlockSidState/GetBlockSidStateTestCase.c
Features/Manageability/PlatformSanitizeFeaturePkg/StorageSanitize/PlatformOpalDxe/UnitTest/TestCase/GetOpalState/GetOpalStateMock.h
Features/Manageability/PlatformSanitizeFeaturePkg/StorageSanitize/PlatformOpalDxe/UnitTest/TestCase/GetOpalState/GetOpalStateTestCase.c
Features/Manageability/PlatformSanitizeFeaturePkg/StorageSanitize/PlatformOpalDxe/UnitTest/TestCase/OpalDiskUpdateOwnerShip/OpalDiskUpdateOwnerShipMock.h
Features/Manageability/PlatformSanitizeFeaturePkg/StorageSanitize/PlatformOpalDxe/UnitTest/TestCase/OpalDiskUpdateOwnerShip/OpalDiskUpdateOwnerShipTestCase.c
Features/Manageability/PlatformSanitizeFeaturePkg/StorageSanitize/PlatformOpalDxe/UnitTest/TestCase/OpalDriverPopUpPasswordInput/PopUpPasswordInputMock.h
Features/Manageability/PlatformSanitizeFeaturePkg/StorageSanitize/PlatformOpalDxe/UnitTest/TestCase/OpalDriverPopUpPasswordInput/PopUpPasswordInputTestCase.c
Features/Manageability/PlatformSanitizeFeaturePkg/StorageSanitize/PlatformOpalDxe/UnitTest/TestCase/OpalDriverStopDevice/OpalDriverStopDeviceMock.h
Features/Manageability/PlatformSanitizeFeaturePkg/StorageSanitize/PlatformOpalDxe/UnitTest/TestCase/OpalDriverStopDevice/OpalDriverStopDeviceTestCase.c
Features/Manageability/PlatformSanitizeFeaturePkg/StorageSanitize/PlatformOpalDxe/UnitTest/TestCase/RemoveDevice/RemoveDeviceMock.h
Features/Manageability/PlatformSanitizeFeaturePkg/StorageSanitize/PlatformOpalDxe/UnitTest/TestCase/RemoveDevice/RemoveDeviceTestCase.c
Features/Manageability/PlatformSanitizeFeaturePkg/StorageSanitize/PlatformOpalDxe/UnitTest/UnitTestMain.c
Features/Manageability/PlatformSanitizeFeaturePkg/StorageSanitize/PlatformOpalDxe/UnitTest/UnitTestMain.h
Features/Manageability/PlatformSanitizeFeaturePkg/Test/CommonMock/MockBootServices/MockBootServices.c
Features/Manageability/PlatformSanitizeFeaturePkg/Test/CommonMock/MockBootServices/MockBootServices.inf
Features/Manageability/PlatformSanitizeFeaturePkg/Test/CommonMock/MockPcdLib/PcdLibMock.c
Features/Manageability/PlatformSanitizeFeaturePkg/Test/CommonMock/MockPcdLib/PcdLibMock.inf
Features/Manageability/PlatformSanitizeFeaturePkg/Test/CommonMock/StorageSecurityProtocolMock.c
Features/Manageability/PlatformSanitizeFeaturePkg/Test/CommonMock/StorageSecurityProtocolMock.h
Features/Manageability/PlatformSanitizeFeaturePkg/Test/CommonMock/UefiLibMock.c
Features/Manageability/PlatformSanitizeFeaturePkg/Test/Include/Library/MockBootServices.h
Features/Manageability/PlatformSanitizeFeaturePkg/Test/PlatformSanitizeFeaturePkgHostTest.dsc
Features/Manageability/PsrFeaturePkg/PsrDxe/UnitTest/CleanUp/GetPsrData/CleanUpGetPsrData.c
Features/Manageability/PsrFeaturePkg/PsrDxe/UnitTest/CleanUp/GetPsrData/CleanUpGetPsrData.h
Features/Manageability/PsrFeaturePkg/PsrDxe/UnitTest/PreRequisite/GetPsrData/PreGetPsrData.c
Features/Manageability/PsrFeaturePkg/PsrDxe/UnitTest/PreRequisite/GetPsrData/PreGetPsrData.h
Features/Manageability/PsrFeaturePkg/PsrDxe/UnitTest/PrivateMock/Library/MeLibMock/MeLibMock.c
Features/Manageability/PsrFeaturePkg/PsrDxe/UnitTest/PrivateMock/Library/MeLibMock/MeLibMock.inf
Features/Manageability/PsrFeaturePkg/PsrDxe/UnitTest/PrivateMock/Library/MeUtilsLibMock/MeUtilsLibMock.c
Features/Manageability/PsrFeaturePkg/PsrDxe/UnitTest/PrivateMock/Library/MeUtilsLibMock/MeUtilsLibMock.inf
Features/Manageability/PsrFeaturePkg/PsrDxe/UnitTest/PrivateMock/PrivateMock.c
Features/Manageability/PsrFeaturePkg/PsrDxe/UnitTest/PrivateMock/PrivateMock.h
Features/Manageability/PsrFeaturePkg/PsrDxe/UnitTest/PsrDxeHost.inf
Features/Manageability/PsrFeaturePkg/PsrDxe/UnitTest/TestCase/ExportPsrToUsbStorage/TestCaseExportPsrToUsbStorage.c
Features/Manageability/PsrFeaturePkg/PsrDxe/UnitTest/TestCase/ExportPsrToUsbStorage/TestCaseExportPsrToUsbStorage.h
Features/Manageability/PsrFeaturePkg/PsrDxe/UnitTest/TestCase/GetPsrData/TestCaseGetPsrData.c
Features/Manageability/PsrFeaturePkg/PsrDxe/UnitTest/TestCase/GetPsrData/TestCaseGetPsrData.h
Features/Manageability/PsrFeaturePkg/PsrDxe/UnitTest/TestCase/IsPsrSupported/TestCaseIsPsrSupported.c
Features/Manageability/PsrFeaturePkg/PsrDxe/UnitTest/TestCase/IsPsrSupported/TestCaseIsPsrSupported.h
Features/Manageability/PsrFeaturePkg/PsrDxe/UnitTest/TestCase/NotifyChassisIntrusionDetection/TestCaseNotifyChassisIntrusionDetection.c
Features/Manageability/PsrFeaturePkg/PsrDxe/UnitTest/TestCase/NotifyChassisIntrusionDetection/TestCaseNotifyChassisIntrusionDetection.h
Features/Manageability/PsrFeaturePkg/PsrDxe/UnitTest/TestCase/NotifyCriticalTempShutdown/TestCaseNotifyCriticalTempShutdown.c
Features/Manageability/PsrFeaturePkg/PsrDxe/UnitTest/TestCase/NotifyCriticalTempShutdown/TestCaseNotifyCriticalTempShutdown.h
Features/Manageability/PsrFeaturePkg/PsrDxe/UnitTest/TestCase/NotifyEventReport/TestCaseNotifyEventReport.c
Features/Manageability/PsrFeaturePkg/PsrDxe/UnitTest/TestCase/NotifyEventReport/TestCaseNotifyEventReport.h
Features/Manageability/PsrFeaturePkg/PsrDxe/UnitTest/TestCase/NotifyPsrCapabilitySet/TestCaseNotifyPsrCapabilitySet.c
Features/Manageability/PsrFeaturePkg/PsrDxe/UnitTest/TestCase/NotifyPsrCapabilitySet/TestCaseNotifyPsrCapabilitySet.h
Features/Manageability/PsrFeaturePkg/PsrDxe/UnitTest/UnitTestMain.c
Features/Manageability/PsrFeaturePkg/PsrDxe/UnitTest/UnitTestMain.h
Features/Manageability/PsrFeaturePkg/PsrSetup/UnitTest/CleanUp/ConvertToString/CleanUpConvertToString.c
Features/Manageability/PsrFeaturePkg/PsrSetup/UnitTest/CleanUp/ConvertToString/CleanUpConvertToString.h
Features/Manageability/PsrFeaturePkg/PsrSetup/UnitTest/CleanUp/CountOfLeapYearsInRange/CleanUpCountOfLeapYearsInRange.c
Features/Manageability/PsrFeaturePkg/PsrSetup/UnitTest/CleanUp/CountOfLeapYearsInRange/CleanUpCountOfLeapYearsInRange.h
Features/Manageability/PsrFeaturePkg/PsrSetup/UnitTest/CleanUp/GetPsrEventAction/CleanUpGetPsrEventAction.c
Features/Manageability/PsrFeaturePkg/PsrSetup/UnitTest/CleanUp/GetPsrEventAction/CleanUpGetPsrEventAction.h
Features/Manageability/PsrFeaturePkg/PsrSetup/UnitTest/CleanUp/GetPsrEventName/CleanUpGetPsrEventName.c
Features/Manageability/PsrFeaturePkg/PsrSetup/UnitTest/CleanUp/GetPsrEventName/CleanUpGetPsrEventName.h
Features/Manageability/PsrFeaturePkg/PsrSetup/UnitTest/CleanUp/GetPsrEventSource/CleanUpGetPsrEventSource.c
Features/Manageability/PsrFeaturePkg/PsrSetup/UnitTest/CleanUp/GetPsrEventSource/CleanUpGetPsrEventSource.h
Features/Manageability/PsrFeaturePkg/PsrSetup/UnitTest/CleanUp/GetPsrEventStatus/CleanUpGetPsrEventStatus.c
Features/Manageability/PsrFeaturePkg/PsrSetup/UnitTest/CleanUp/GetPsrEventStatus/CleanUpGetPsrEventStatus.h
Features/Manageability/PsrFeaturePkg/PsrSetup/UnitTest/CleanUp/GetPsrLogState/CleanUpGetPsrLogState.c
Features/Manageability/PsrFeaturePkg/PsrSetup/UnitTest/CleanUp/GetPsrLogState/CleanUpGetPsrLogState.h
Features/Manageability/PsrFeaturePkg/PsrSetup/UnitTest/CleanUp/PsrGetInfo/CleanUpPsrGetInfo.c
Features/Manageability/PsrFeaturePkg/PsrSetup/UnitTest/CleanUp/PsrGetInfo/CleanUpPsrGetInfo.h
Features/Manageability/PsrFeaturePkg/PsrSetup/UnitTest/CleanUp/PsrSetupInit/CleanUpPsrSetupInit.c
Features/Manageability/PsrFeaturePkg/PsrSetup/UnitTest/CleanUp/PsrSetupInit/CleanUpPsrSetupInit.h
Features/Manageability/PsrFeaturePkg/PsrSetup/UnitTest/CleanUp/StrTrim/CleanUpStrTrim.c
Features/Manageability/PsrFeaturePkg/PsrSetup/UnitTest/CleanUp/StrTrim/CleanUpStrTrim.h
Features/Manageability/PsrFeaturePkg/PsrSetup/UnitTest/CleanUp/UnixTimeStampToDate/CleanUpUnixTimeStampToDate.c
Features/Manageability/PsrFeaturePkg/PsrSetup/UnitTest/CleanUp/UnixTimeStampToDate/CleanUpUnixTimeStampToDate.h
Features/Manageability/PsrFeaturePkg/PsrSetup/UnitTest/CleanUp/UpdatePsrCapabilitiesInfo/CleanUpUpdatePsrCapabilitiesInfo.c
Features/Manageability/PsrFeaturePkg/PsrSetup/UnitTest/CleanUp/UpdatePsrCapabilitiesInfo/CleanUpUpdatePsrCapabilitiesInfo.h
Features/Manageability/PsrFeaturePkg/PsrSetup/UnitTest/PreRequisite/ConvertToString/PreConvertToString.c
Features/Manageability/PsrFeaturePkg/PsrSetup/UnitTest/PreRequisite/ConvertToString/PreConvertToString.h
Features/Manageability/PsrFeaturePkg/PsrSetup/UnitTest/PreRequisite/CountOfLeapYearsInRange/PreCountOfLeapYearsInRange.c
Features/Manageability/PsrFeaturePkg/PsrSetup/UnitTest/PreRequisite/CountOfLeapYearsInRange/PreCountOfLeapYearsInRange.h
Features/Manageability/PsrFeaturePkg/PsrSetup/UnitTest/PreRequisite/GetPsrEventAction/PreGetPsrEventAction.c
Features/Manageability/PsrFeaturePkg/PsrSetup/UnitTest/PreRequisite/GetPsrEventAction/PreGetPsrEventAction.h
Features/Manageability/PsrFeaturePkg/PsrSetup/UnitTest/PreRequisite/GetPsrEventName/PreGetPsrEventName.c
Features/Manageability/PsrFeaturePkg/PsrSetup/UnitTest/PreRequisite/GetPsrEventName/PreGetPsrEventName.h
Features/Manageability/PsrFeaturePkg/PsrSetup/UnitTest/PreRequisite/GetPsrEventSource/PreGetPsrEventSource.c
Features/Manageability/PsrFeaturePkg/PsrSetup/UnitTest/PreRequisite/GetPsrEventSource/PreGetPsrEventSource.h
Features/Manageability/PsrFeaturePkg/PsrSetup/UnitTest/PreRequisite/GetPsrEventStatus/PreGetPsrEventStatus.c
Features/Manageability/PsrFeaturePkg/PsrSetup/UnitTest/PreRequisite/GetPsrEventStatus/PreGetPsrEventStatus.h
Features/Manageability/PsrFeaturePkg/PsrSetup/UnitTest/PreRequisite/GetPsrLogState/PreGetPsrLogState.c
Features/Manageability/PsrFeaturePkg/PsrSetup/UnitTest/PreRequisite/GetPsrLogState/PreGetPsrLogState.h
Features/Manageability/PsrFeaturePkg/PsrSetup/UnitTest/PreRequisite/PsrGetInfo/PrePsrGetInfo.c
Features/Manageability/PsrFeaturePkg/PsrSetup/UnitTest/PreRequisite/PsrGetInfo/PrePsrGetInfo.h
Features/Manageability/PsrFeaturePkg/PsrSetup/UnitTest/PreRequisite/PsrSetupInit/PrePsrSetupInit.c
Features/Manageability/PsrFeaturePkg/PsrSetup/UnitTest/PreRequisite/PsrSetupInit/PrePsrSetupInit.h
Features/Manageability/PsrFeaturePkg/PsrSetup/UnitTest/PreRequisite/StrTrim/PreStrTrim.c
Features/Manageability/PsrFeaturePkg/PsrSetup/UnitTest/PreRequisite/StrTrim/PreStrTrim.h
Features/Manageability/PsrFeaturePkg/PsrSetup/UnitTest/PreRequisite/UnixTimeStampToDate/PreUnixTimeStampToDate.c
Features/Manageability/PsrFeaturePkg/PsrSetup/UnitTest/PreRequisite/UnixTimeStampToDate/PreUnixTimeStampToDate.h
Features/Manageability/PsrFeaturePkg/PsrSetup/UnitTest/PreRequisite/UpdatePsrCapabilitiesInfo/PreUpdatePsrCapabilitiesInfo.c
Features/Manageability/PsrFeaturePkg/PsrSetup/UnitTest/PreRequisite/UpdatePsrCapabilitiesInfo/PreUpdatePsrCapabilitiesInfo.h
Features/Manageability/PsrFeaturePkg/PsrSetup/UnitTest/PrivateMock/Library/HiiLibMock/HiiLibMock.c
Features/Manageability/PsrFeaturePkg/PsrSetup/UnitTest/PrivateMock/Library/HiiLibMock/HiiLibMock.inf
Features/Manageability/PsrFeaturePkg/PsrSetup/UnitTest/PrivateMock/PrivateMock.c
Features/Manageability/PsrFeaturePkg/PsrSetup/UnitTest/PrivateMock/PrivateMock.h
Features/Manageability/PsrFeaturePkg/PsrSetup/UnitTest/PsrSetupHost.inf
Features/Manageability/PsrFeaturePkg/PsrSetup/UnitTest/TestCase/ConvertToString/TestCaseConvertToString.c
Features/Manageability/PsrFeaturePkg/PsrSetup/UnitTest/TestCase/ConvertToString/TestCaseConvertToString.h
Features/Manageability/PsrFeaturePkg/PsrSetup/UnitTest/TestCase/CountOfLeapYearsInRange/TestCaseCountOfLeapYearsInRange.c
Features/Manageability/PsrFeaturePkg/PsrSetup/UnitTest/TestCase/CountOfLeapYearsInRange/TestCaseCountOfLeapYearsInRange.h
Features/Manageability/PsrFeaturePkg/PsrSetup/UnitTest/TestCase/GetPsrEventAction/TestCaseGetPsrEventAction.c
Features/Manageability/PsrFeaturePkg/PsrSetup/UnitTest/TestCase/GetPsrEventAction/TestCaseGetPsrEventAction.h
Features/Manageability/PsrFeaturePkg/PsrSetup/UnitTest/TestCase/GetPsrEventName/TestCaseGetPsrEventName.c
Features/Manageability/PsrFeaturePkg/PsrSetup/UnitTest/TestCase/GetPsrEventName/TestCaseGetPsrEventName.h
Features/Manageability/PsrFeaturePkg/PsrSetup/UnitTest/TestCase/GetPsrEventSource/TestCaseGetPsrEventSource.c
Features/Manageability/PsrFeaturePkg/PsrSetup/UnitTest/TestCase/GetPsrEventSource/TestCaseGetPsrEventSource.h
Features/Manageability/PsrFeaturePkg/PsrSetup/UnitTest/TestCase/GetPsrEventStatus/TestCaseGetPsrEventStatus.c
Features/Manageability/PsrFeaturePkg/PsrSetup/UnitTest/TestCase/GetPsrEventStatus/TestCaseGetPsrEventStatus.h
Features/Manageability/PsrFeaturePkg/PsrSetup/UnitTest/TestCase/GetPsrLogState/TestCaseGetPsrLogState.c
Features/Manageability/PsrFeaturePkg/PsrSetup/UnitTest/TestCase/GetPsrLogState/TestCaseGetPsrLogState.h
Features/Manageability/PsrFeaturePkg/PsrSetup/UnitTest/TestCase/PsrGetInfo/TestCasePsrGetInfo.c
Features/Manageability/PsrFeaturePkg/PsrSetup/UnitTest/TestCase/PsrGetInfo/TestCasePsrGetInfo.h
Features/Manageability/PsrFeaturePkg/PsrSetup/UnitTest/TestCase/PsrSetupInit/TestCasePsrSetupInit.c
Features/Manageability/PsrFeaturePkg/PsrSetup/UnitTest/TestCase/PsrSetupInit/TestCasePsrSetupInit.h
Features/Manageability/PsrFeaturePkg/PsrSetup/UnitTest/TestCase/StrTrim/TestCaseStrTrim.c
Features/Manageability/PsrFeaturePkg/PsrSetup/UnitTest/TestCase/StrTrim/TestCaseStrTrim.h
Features/Manageability/PsrFeaturePkg/PsrSetup/UnitTest/TestCase/UnixTimeStampToDate/TestCaseUnixTimeStampToDate.c
Features/Manageability/PsrFeaturePkg/PsrSetup/UnitTest/TestCase/UnixTimeStampToDate/TestCaseUnixTimeStampToDate.h
Features/Manageability/PsrFeaturePkg/PsrSetup/UnitTest/TestCase/UpdatePsrCapabilitiesInfo/TestCaseUpdatePsrCapabilitiesInfo.c
Features/Manageability/PsrFeaturePkg/PsrSetup/UnitTest/TestCase/UpdatePsrCapabilitiesInfo/TestCaseUpdatePsrCapabilitiesInfo.h
Features/Manageability/PsrFeaturePkg/PsrSetup/UnitTest/UnitTestMain.c
Features/Manageability/PsrFeaturePkg/PsrSetup/UnitTest/UnitTestMain.h
Features/Manageability/PsrFeaturePkg/Test/PcdLibMock.c
Features/Manageability/PsrFeaturePkg/Test/PcdLibMock.inf
Features/Manageability/PsrFeaturePkg/Test/PsrFeaturePkgHostTest.dsc
Features/PowerManagement/PmaxFeaturePkg/PmaxDxe/UnitTest/CleanUp/FindPmaxTable/CleanUpFindPmaxTable.c
Features/PowerManagement/PmaxFeaturePkg/PmaxDxe/UnitTest/CleanUp/FindPmaxTable/CleanUpFindPmaxTable.h
Features/PowerManagement/PmaxFeaturePkg/PmaxDxe/UnitTest/CleanUp/InstallTable/CleanUpInstallTable.c
Features/PowerManagement/PmaxFeaturePkg/PmaxDxe/UnitTest/CleanUp/InstallTable/CleanUpInstallTable.h
Features/PowerManagement/PmaxFeaturePkg/PmaxDxe/UnitTest/CleanUp/UpdatePmaxTable/CleanUpUpdatePmaxTable.c
Features/PowerManagement/PmaxFeaturePkg/PmaxDxe/UnitTest/CleanUp/UpdatePmaxTable/CleanUpUpdatePmaxTable.h
Features/PowerManagement/PmaxFeaturePkg/PmaxDxe/UnitTest/PmaxDxeHost.inf
Features/PowerManagement/PmaxFeaturePkg/PmaxDxe/UnitTest/PreRequisite/FindPmaxTable/PreFindPmaxTable.c
Features/PowerManagement/PmaxFeaturePkg/PmaxDxe/UnitTest/PreRequisite/FindPmaxTable/PreFindPmaxTable.h
Features/PowerManagement/PmaxFeaturePkg/PmaxDxe/UnitTest/PreRequisite/InstallTable/PreInstallTable.c
Features/PowerManagement/PmaxFeaturePkg/PmaxDxe/UnitTest/PreRequisite/InstallTable/PreInstallTable.h
Features/PowerManagement/PmaxFeaturePkg/PmaxDxe/UnitTest/PreRequisite/UpdatePmaxTable/PreUpdatePmaxTable.c
Features/PowerManagement/PmaxFeaturePkg/PmaxDxe/UnitTest/PreRequisite/UpdatePmaxTable/PreUpdatePmaxTable.h
Features/PowerManagement/PmaxFeaturePkg/PmaxDxe/UnitTest/PrivateMock/PrivateMock.c
Features/PowerManagement/PmaxFeaturePkg/PmaxDxe/UnitTest/PrivateMock/PrivateMock.h
Features/PowerManagement/PmaxFeaturePkg/PmaxDxe/UnitTest/TestCase/FindPmaxTable/TestCaseFindPmaxTable.c
Features/PowerManagement/PmaxFeaturePkg/PmaxDxe/UnitTest/TestCase/FindPmaxTable/TestCaseFindPmaxTable.h
Features/PowerManagement/PmaxFeaturePkg/PmaxDxe/UnitTest/TestCase/GetStrLength/TestCaseGetStrLength.c
Features/PowerManagement/PmaxFeaturePkg/PmaxDxe/UnitTest/TestCase/GetStrLength/TestCaseGetStrLength.h
Features/PowerManagement/PmaxFeaturePkg/PmaxDxe/UnitTest/TestCase/InstallPmaxTable/TestCaseInstallPmaxTable.c
Features/PowerManagement/PmaxFeaturePkg/PmaxDxe/UnitTest/TestCase/InstallPmaxTable/TestCaseInstallPmaxTable.h
Features/PowerManagement/PmaxFeaturePkg/PmaxDxe/UnitTest/TestCase/InstallTable/TestCaseInstallTable.c
Features/PowerManagement/PmaxFeaturePkg/PmaxDxe/UnitTest/TestCase/InstallTable/TestCaseInstallTable.h
Features/PowerManagement/PmaxFeaturePkg/PmaxDxe/UnitTest/TestCase/UpdatePmaxTable/TestCaseUpdatePmaxTable.c
Features/PowerManagement/PmaxFeaturePkg/PmaxDxe/UnitTest/TestCase/UpdatePmaxTable/TestCaseUpdatePmaxTable.h
Features/PowerManagement/PmaxFeaturePkg/PmaxDxe/UnitTest/UnitTestMain.c
Features/PowerManagement/PmaxFeaturePkg/PmaxDxe/UnitTest/UnitTestMain.h
Features/PowerManagement/PmaxFeaturePkg/Test/CommonMock/PcdLibMock.c
Features/PowerManagement/PmaxFeaturePkg/Test/CommonMock/PcdLibMock.inf
Features/PowerManagement/PmaxFeaturePkg/Test/PmaxFeaturePkgHostTest.dsc
Features/Storage/MultiIbbFeaturePkg/MultiIbbService/UnitTest/CleanUp/AdjustInitNemRange/CleanUpAdjustInitNemRange.c
Features/Storage/MultiIbbFeaturePkg/MultiIbbService/UnitTest/CleanUp/AdjustInitNemRange/CleanUpAdjustInitNemRange.h
Features/Storage/MultiIbbFeaturePkg/MultiIbbService/UnitTest/CleanUp/CreateSha384Hash/CleanUpCreateSha384Hash.c
Features/Storage/MultiIbbFeaturePkg/MultiIbbService/UnitTest/CleanUp/CreateSha384Hash/CleanUpCreateSha384Hash.h
Features/Storage/MultiIbbFeaturePkg/MultiIbbService/UnitTest/CleanUp/EndOfIbbNotifyCallback/CleanUpEndOfIbbNotifyCallback.c
Features/Storage/MultiIbbFeaturePkg/MultiIbbService/UnitTest/CleanUp/EndOfIbbNotifyCallback/CleanUpEndOfIbbNotifyCallback.h
Features/Storage/MultiIbbFeaturePkg/MultiIbbService/UnitTest/CleanUp/FvIntegrityCheck/CleanUpFvIntegrityCheck.c
Features/Storage/MultiIbbFeaturePkg/MultiIbbService/UnitTest/CleanUp/FvIntegrityCheck/CleanUpFvIntegrityCheck.h
Features/Storage/MultiIbbFeaturePkg/MultiIbbService/UnitTest/CleanUp/IbbCacheabilityType/CleanUpIbbCacheabilityType.c
Features/Storage/MultiIbbFeaturePkg/MultiIbbService/UnitTest/CleanUp/IbbCacheabilityType/CleanUpIbbCacheabilityType.h
Features/Storage/MultiIbbFeaturePkg/MultiIbbService/UnitTest/CleanUp/MemoryDiscoveredPpiNotifyCallback/CleanUpMemoryDiscoveredPpiNotifyCallback.c
Features/Storage/MultiIbbFeaturePkg/MultiIbbService/UnitTest/CleanUp/MemoryDiscoveredPpiNotifyCallback/CleanUpMemoryDiscoveredPpiNotifyCallback.h
Features/Storage/MultiIbbFeaturePkg/MultiIbbService/UnitTest/CleanUp/MultiIbbCacheMissDebugCheck/CleanUpMultiIbbCacheMissDebugCheck.c
Features/Storage/MultiIbbFeaturePkg/MultiIbbService/UnitTest/CleanUp/MultiIbbCacheMissDebugCheck/CleanUpMultiIbbCacheMissDebugCheck.h
Features/Storage/MultiIbbFeaturePkg/MultiIbbService/UnitTest/CleanUp/MultiIbbServiceEntryPoint/CleanUpMultiIbbServiceEntryPoint.c
Features/Storage/MultiIbbFeaturePkg/MultiIbbService/UnitTest/CleanUp/MultiIbbServiceEntryPoint/CleanUpMultiIbbServiceEntryPoint.h
Features/Storage/MultiIbbFeaturePkg/MultiIbbService/UnitTest/MultiIbbServiceHost.inf
Features/Storage/MultiIbbFeaturePkg/MultiIbbService/UnitTest/MultiIbbServiceHost_Ibbnp1.inf
Features/Storage/MultiIbbFeaturePkg/MultiIbbService/UnitTest/PreRequisite/AdjustInitNemRange/PreAdjustInitNemRange.c
Features/Storage/MultiIbbFeaturePkg/MultiIbbService/UnitTest/PreRequisite/AdjustInitNemRange/PreAdjustInitNemRange.h
Features/Storage/MultiIbbFeaturePkg/MultiIbbService/UnitTest/PreRequisite/CreateSha384Hash/PreCreateSha384Hash.c
Features/Storage/MultiIbbFeaturePkg/MultiIbbService/UnitTest/PreRequisite/CreateSha384Hash/PreCreateSha384Hash.h
Features/Storage/MultiIbbFeaturePkg/MultiIbbService/UnitTest/PreRequisite/EndOfIbbNotifyCallback/PreEndOfIbbNotifyCallback.c
Features/Storage/MultiIbbFeaturePkg/MultiIbbService/UnitTest/PreRequisite/EndOfIbbNotifyCallback/PreEndOfIbbNotifyCallback.h
Features/Storage/MultiIbbFeaturePkg/MultiIbbService/UnitTest/PreRequisite/FvIntegrityCheck/PreFvIntegrityCheck.c
Features/Storage/MultiIbbFeaturePkg/MultiIbbService/UnitTest/PreRequisite/FvIntegrityCheck/PreFvIntegrityCheck.h
Features/Storage/MultiIbbFeaturePkg/MultiIbbService/UnitTest/PreRequisite/IbbCacheabilityType/PreIbbCacheabilityType.c
Features/Storage/MultiIbbFeaturePkg/MultiIbbService/UnitTest/PreRequisite/IbbCacheabilityType/PreIbbCacheabilityType.h
Features/Storage/MultiIbbFeaturePkg/MultiIbbService/UnitTest/PreRequisite/MemoryDiscoveredPpiNotifyCallback/PreMemoryDiscoveredPpiNotifyCallback.c
Features/Storage/MultiIbbFeaturePkg/MultiIbbService/UnitTest/PreRequisite/MemoryDiscoveredPpiNotifyCallback/PreMemoryDiscoveredPpiNotifyCallback.h
Features/Storage/MultiIbbFeaturePkg/MultiIbbService/UnitTest/PreRequisite/MultiIbbCacheMissDebugCheck/PreMultiIbbCacheMissDebugCheck.c
Features/Storage/MultiIbbFeaturePkg/MultiIbbService/UnitTest/PreRequisite/MultiIbbCacheMissDebugCheck/PreMultiIbbCacheMissDebugCheck.h
Features/Storage/MultiIbbFeaturePkg/MultiIbbService/UnitTest/PreRequisite/MultiIbbServiceEntryPoint/PreMultiIbbServiceEntryPoint.c
Features/Storage/MultiIbbFeaturePkg/MultiIbbService/UnitTest/PreRequisite/MultiIbbServiceEntryPoint/PreMultiIbbServiceEntryPoint.h
Features/Storage/MultiIbbFeaturePkg/MultiIbbService/UnitTest/PrivateMock/MtrrLibMock/MtrrLibMock.c
Features/Storage/MultiIbbFeaturePkg/MultiIbbService/UnitTest/PrivateMock/MtrrLibMock/MtrrLibMock.inf
Features/Storage/MultiIbbFeaturePkg/MultiIbbService/UnitTest/PrivateMock/PeiServicesLibMock/PeiServicesLibMock.c
Features/Storage/MultiIbbFeaturePkg/MultiIbbService/UnitTest/PrivateMock/PeiServicesLibMock/PeiServicesLibMock.inf
Features/Storage/MultiIbbFeaturePkg/MultiIbbService/UnitTest/PrivateMock/PrivateMock.c
Features/Storage/MultiIbbFeaturePkg/MultiIbbService/UnitTest/PrivateMock/PrivateMock.h
Features/Storage/MultiIbbFeaturePkg/MultiIbbService/UnitTest/TestCase/AdjustInitNemRange/TestCaseAdjustInitNemRange.c
Features/Storage/MultiIbbFeaturePkg/MultiIbbService/UnitTest/TestCase/AdjustInitNemRange/TestCaseAdjustInitNemRange.h
Features/Storage/MultiIbbFeaturePkg/MultiIbbService/UnitTest/TestCase/CreateSha384Hash/TestCaseCreateSha384Hash.c
Features/Storage/MultiIbbFeaturePkg/MultiIbbService/UnitTest/TestCase/CreateSha384Hash/TestCaseCreateSha384Hash.h
Features/Storage/MultiIbbFeaturePkg/MultiIbbService/UnitTest/TestCase/EndOfIbbNotifyCallback/TestCaseEndOfIbbNotifyCallback.c
Features/Storage/MultiIbbFeaturePkg/MultiIbbService/UnitTest/TestCase/EndOfIbbNotifyCallback/TestCaseEndOfIbbNotifyCallback.h
Features/Storage/MultiIbbFeaturePkg/MultiIbbService/UnitTest/TestCase/FvIntegrityCheck/TestCaseFvIntegrityCheck.c
Features/Storage/MultiIbbFeaturePkg/MultiIbbService/UnitTest/TestCase/FvIntegrityCheck/TestCaseFvIntegrityCheck.h
Features/Storage/MultiIbbFeaturePkg/MultiIbbService/UnitTest/TestCase/IbbCacheabilityType/TestCaseIbbCacheabilityType.c
Features/Storage/MultiIbbFeaturePkg/MultiIbbService/UnitTest/TestCase/IbbCacheabilityType/TestCaseIbbCacheabilityType.h
Features/Storage/MultiIbbFeaturePkg/MultiIbbService/UnitTest/TestCase/MemoryDiscoveredPpiNotifyCallback/TestCaseMemoryDiscoveredPpiNotifyCallback.c
Features/Storage/MultiIbbFeaturePkg/MultiIbbService/UnitTest/TestCase/MemoryDiscoveredPpiNotifyCallback/TestCaseMemoryDiscoveredPpiNotifyCallback.h
Features/Storage/MultiIbbFeaturePkg/MultiIbbService/UnitTest/TestCase/MultiIbbCacheMissDebugCheck/TestCaseMultiIbbCacheMissDebugCheck.c
Features/Storage/MultiIbbFeaturePkg/MultiIbbService/UnitTest/TestCase/MultiIbbCacheMissDebugCheck/TestCaseMultiIbbCacheMissDebugCheck.h
Features/Storage/MultiIbbFeaturePkg/MultiIbbService/UnitTest/TestCase/MultiIbbServiceEntryPoint/TestCaseMultiIbbServiceEntryPoint.c
Features/Storage/MultiIbbFeaturePkg/MultiIbbService/UnitTest/TestCase/MultiIbbServiceEntryPoint/TestCaseMultiIbbServiceEntryPoint.h
Features/Storage/MultiIbbFeaturePkg/MultiIbbService/UnitTest/UnitTestMain.c
Features/Storage/MultiIbbFeaturePkg/MultiIbbService/UnitTest/UnitTestMain.h
Features/Storage/MultiIbbFeaturePkg/Test/CommonMock/PcdLibMock.c
Features/Storage/MultiIbbFeaturePkg/Test/CommonMock/PcdLibMock.inf
Features/Storage/MultiIbbFeaturePkg/Test/MultiIbbFeaturePkgHostTest.dsc
Features/Storage/NvmeFeaturePkg/NvmeEraseDxe/UnitTest/CleanUp/CleanUp.c
Features/Storage/NvmeFeaturePkg/NvmeEraseDxe/UnitTest/CleanUp/CleanUp.h
Features/Storage/NvmeFeaturePkg/NvmeEraseDxe/UnitTest/NvmeEraseDxeHost.inf
Features/Storage/NvmeFeaturePkg/NvmeEraseDxe/UnitTest/PreRequisite/PreRequisite.c
Features/Storage/NvmeFeaturePkg/NvmeEraseDxe/UnitTest/PreRequisite/PreRequisite.h
Features/Storage/NvmeFeaturePkg/NvmeEraseDxe/UnitTest/PrivateMock/NvmePassThruProtocolMock.c
Features/Storage/NvmeFeaturePkg/NvmeEraseDxe/UnitTest/PrivateMock/NvmePassThruProtocolMock.h
Features/Storage/NvmeFeaturePkg/NvmeEraseDxe/UnitTest/TestCase/GetNvmeEraseResult/GetNvmeEraseResultMock.h
Features/Storage/NvmeFeaturePkg/NvmeEraseDxe/UnitTest/TestCase/GetNvmeEraseResult/TestCase.c
Features/Storage/NvmeFeaturePkg/NvmeEraseDxe/UnitTest/TestCase/GetNvmeEstimateTime/GetNvmeEstimateTimeMock.h
Features/Storage/NvmeFeaturePkg/NvmeEraseDxe/UnitTest/TestCase/GetNvmeEstimateTime/TestCase.c
Features/Storage/NvmeFeaturePkg/NvmeEraseDxe/UnitTest/TestCase/GetParentProtocol/CleanUp.c
Features/Storage/NvmeFeaturePkg/NvmeEraseDxe/UnitTest/TestCase/GetParentProtocol/GetParentProtocolMock.h
Features/Storage/NvmeFeaturePkg/NvmeEraseDxe/UnitTest/TestCase/GetParentProtocol/PreRequisite.c
Features/Storage/NvmeFeaturePkg/NvmeEraseDxe/UnitTest/TestCase/GetParentProtocol/TestCase.c
Features/Storage/NvmeFeaturePkg/NvmeEraseDxe/UnitTest/TestCase/IsNvmeDevice/CleanUp.c
Features/Storage/NvmeFeaturePkg/NvmeEraseDxe/UnitTest/TestCase/IsNvmeDevice/IsNvmeDeviceMock.h
Features/Storage/NvmeFeaturePkg/NvmeEraseDxe/UnitTest/TestCase/IsNvmeDevice/PreRequisite.c
Features/Storage/NvmeFeaturePkg/NvmeEraseDxe/UnitTest/TestCase/IsNvmeDevice/TestCase.c
Features/Storage/NvmeFeaturePkg/NvmeEraseDxe/UnitTest/TestCase/NvmeDataBlockErase/CleanUp.c
Features/Storage/NvmeFeaturePkg/NvmeEraseDxe/UnitTest/TestCase/NvmeDataBlockErase/NvmeDataBlockEraseMock.h
Features/Storage/NvmeFeaturePkg/NvmeEraseDxe/UnitTest/TestCase/NvmeDataBlockErase/PreRequisite.c
Features/Storage/NvmeFeaturePkg/NvmeEraseDxe/UnitTest/TestCase/NvmeDataBlockErase/TestCase.c
Features/Storage/NvmeFeaturePkg/NvmeEraseDxe/UnitTest/TestCase/NvmeDataCryptoErase/CleanUp.c
Features/Storage/NvmeFeaturePkg/NvmeEraseDxe/UnitTest/TestCase/NvmeDataCryptoErase/NvmeDataCryptoEraseMock.h
Features/Storage/NvmeFeaturePkg/NvmeEraseDxe/UnitTest/TestCase/NvmeDataCryptoErase/PreRequisite.c
Features/Storage/NvmeFeaturePkg/NvmeEraseDxe/UnitTest/TestCase/NvmeDataCryptoErase/TestCase.c
Features/Storage/NvmeFeaturePkg/NvmeEraseDxe/UnitTest/TestCase/NvmeDataOverwrite/NvmeDataOverwriteMock.h
Features/Storage/NvmeFeaturePkg/NvmeEraseDxe/UnitTest/TestCase/NvmeDataOverwrite/TestCase.c
Features/Storage/NvmeFeaturePkg/NvmeEraseDxe/UnitTest/TestCase/NvmeEraseBindingSupported/CleanUp.c
Features/Storage/NvmeFeaturePkg/NvmeEraseDxe/UnitTest/TestCase/NvmeEraseBindingSupported/NvmeEraseBindingSupportedMock.h
Features/Storage/NvmeFeaturePkg/NvmeEraseDxe/UnitTest/TestCase/NvmeEraseBindingSupported/PreRequisite.c
Features/Storage/NvmeFeaturePkg/NvmeEraseDxe/UnitTest/TestCase/NvmeEraseBindingSupported/TestCase.c
Features/Storage/NvmeFeaturePkg/NvmeEraseDxe/UnitTest/TestCase/NvmeEraseBlocks/NvmeEraseBlocksMock.h
Features/Storage/NvmeFeaturePkg/NvmeEraseDxe/UnitTest/TestCase/NvmeEraseBlocks/TestCase.c
Features/Storage/NvmeFeaturePkg/NvmeEraseDxe/UnitTest/TestCase/NvmeEraseEntryPoint/CleanUp.c
Features/Storage/NvmeFeaturePkg/NvmeEraseDxe/UnitTest/TestCase/NvmeEraseEntryPoint/NvmeEraseEntryPointMock.h
Features/Storage/NvmeFeaturePkg/NvmeEraseDxe/UnitTest/TestCase/NvmeEraseEntryPoint/PreRequisite.c
Features/Storage/NvmeFeaturePkg/NvmeEraseDxe/UnitTest/TestCase/NvmeEraseEntryPoint/TestCase.c
Features/Storage/NvmeFeaturePkg/NvmeEraseDxe/UnitTest/TestCase/NvmeFormatNvmCommand/CleanUp.c
Features/Storage/NvmeFeaturePkg/NvmeEraseDxe/UnitTest/TestCase/NvmeFormatNvmCommand/NvmeFormatNvmCommandMock.h
Features/Storage/NvmeFeaturePkg/NvmeEraseDxe/UnitTest/TestCase/NvmeFormatNvmCommand/PreRequisite.c
Features/Storage/NvmeFeaturePkg/NvmeEraseDxe/UnitTest/TestCase/NvmeFormatNvmCommand/TestCase.c
Features/Storage/NvmeFeaturePkg/NvmeEraseDxe/UnitTest/TestCase/NvmeIdentifyController/CleanUp.c
Features/Storage/NvmeFeaturePkg/NvmeEraseDxe/UnitTest/TestCase/NvmeIdentifyController/NvmeIdentifyControllerMock.h
Features/Storage/NvmeFeaturePkg/NvmeEraseDxe/UnitTest/TestCase/NvmeIdentifyController/PreRequisite.c
Features/Storage/NvmeFeaturePkg/NvmeEraseDxe/UnitTest/TestCase/NvmeIdentifyController/TestCase.c
Features/Storage/NvmeFeaturePkg/NvmeEraseDxe/UnitTest/TestCase/SetNvmeEstimateTime/CleanUp.c
Features/Storage/NvmeFeaturePkg/NvmeEraseDxe/UnitTest/TestCase/SetNvmeEstimateTime/PreRequisite.c
Features/Storage/NvmeFeaturePkg/NvmeEraseDxe/UnitTest/TestCase/SetNvmeEstimateTime/SetNvmeEstimateTimeMock.h
Features/Storage/NvmeFeaturePkg/NvmeEraseDxe/UnitTest/TestCase/SetNvmeEstimateTime/TestCase.c
Features/Storage/NvmeFeaturePkg/NvmeEraseDxe/UnitTest/TestCase/UpdateResult/TestCase.c
Features/Storage/NvmeFeaturePkg/NvmeEraseDxe/UnitTest/TestCase/UpdateResult/UpdateResultMock.h
Features/Storage/NvmeFeaturePkg/NvmeEraseDxe/UnitTest/UnitTestMain.c
Features/Storage/NvmeFeaturePkg/NvmeEraseDxe/UnitTest/UnitTestMain.h
Features/Storage/NvmeFeaturePkg/NvmePciHcPei/UnitTest/NvmePciHcPeiHost.inf
Features/Storage/NvmeFeaturePkg/NvmePciHcPei/UnitTest/TestCase/NvmePciHcPeiTestCase.c
Features/Storage/NvmeFeaturePkg/NvmePciHcPei/UnitTest/TestCase/NvmePciHcPeiTestCase.h
Features/Storage/NvmeFeaturePkg/NvmePciHcPei/UnitTest/UnitTestMain.c
Features/Storage/NvmeFeaturePkg/NvmePciHcPei/UnitTest/UnitTestMain.h
Features/Storage/NvmeFeaturePkg/PowerLossNotifyDxe/UnitTest/CleanUp/CleanUp.c
Features/Storage/NvmeFeaturePkg/PowerLossNotifyDxe/UnitTest/CleanUp/CleanUp.h
Features/Storage/NvmeFeaturePkg/PowerLossNotifyDxe/UnitTest/PowerLossNotifyDxeHost.inf
Features/Storage/NvmeFeaturePkg/PowerLossNotifyDxe/UnitTest/PreRequisite/PreRequisite.c
Features/Storage/NvmeFeaturePkg/PowerLossNotifyDxe/UnitTest/PreRequisite/PreRequisite.h
Features/Storage/NvmeFeaturePkg/PowerLossNotifyDxe/UnitTest/PrivateMock/NvmePassThruProtocolMock.c
Features/Storage/NvmeFeaturePkg/PowerLossNotifyDxe/UnitTest/PrivateMock/NvmePassThruProtocolMock.h
Features/Storage/NvmeFeaturePkg/PowerLossNotifyDxe/UnitTest/PrivateMock/PlnSettingProtocolMock.c
Features/Storage/NvmeFeaturePkg/PowerLossNotifyDxe/UnitTest/PrivateMock/PlnSettingProtocolMock.h
Features/Storage/NvmeFeaturePkg/PowerLossNotifyDxe/UnitTest/TestCase/ConfigureDevicePln/CleanUp.c
Features/Storage/NvmeFeaturePkg/PowerLossNotifyDxe/UnitTest/TestCase/ConfigureDevicePln/ConfigureDevicePlnMock.h
Features/Storage/NvmeFeaturePkg/PowerLossNotifyDxe/UnitTest/TestCase/ConfigureDevicePln/PreRequisite.c
Features/Storage/NvmeFeaturePkg/PowerLossNotifyDxe/UnitTest/TestCase/ConfigureDevicePln/TestCase.c
Features/Storage/NvmeFeaturePkg/PowerLossNotifyDxe/UnitTest/TestCase/NvmeGetFeature/CleanUp.c
Features/Storage/NvmeFeaturePkg/PowerLossNotifyDxe/UnitTest/TestCase/NvmeGetFeature/NvmeGetFeatureMock.h
Features/Storage/NvmeFeaturePkg/PowerLossNotifyDxe/UnitTest/TestCase/NvmeGetFeature/PreRequisite.c
Features/Storage/NvmeFeaturePkg/PowerLossNotifyDxe/UnitTest/TestCase/NvmeGetFeature/TestCase.c
Features/Storage/NvmeFeaturePkg/PowerLossNotifyDxe/UnitTest/TestCase/NvmePassthruNotificationEvent/CleanUp.c
Features/Storage/NvmeFeaturePkg/PowerLossNotifyDxe/UnitTest/TestCase/NvmePassthruNotificationEvent/NvmePassthruNotificationEventMock.h
Features/Storage/NvmeFeaturePkg/PowerLossNotifyDxe/UnitTest/TestCase/NvmePassthruNotificationEvent/PreRequisite.c
Features/Storage/NvmeFeaturePkg/PowerLossNotifyDxe/UnitTest/TestCase/NvmePassthruNotificationEvent/TestCase.c
Features/Storage/NvmeFeaturePkg/PowerLossNotifyDxe/UnitTest/TestCase/NvmeSetFeature/CleanUp.c
Features/Storage/NvmeFeaturePkg/PowerLossNotifyDxe/UnitTest/TestCase/NvmeSetFeature/NvmeSetFeatureMock.h
Features/Storage/NvmeFeaturePkg/PowerLossNotifyDxe/UnitTest/TestCase/NvmeSetFeature/PreRequisite.c
Features/Storage/NvmeFeaturePkg/PowerLossNotifyDxe/UnitTest/TestCase/NvmeSetFeature/TestCase.c
Features/Storage/NvmeFeaturePkg/PowerLossNotifyDxe/UnitTest/TestCase/PowerLossNotifyEntryPoint/PowerLossNotifyEntryPointMock.h
Features/Storage/NvmeFeaturePkg/PowerLossNotifyDxe/UnitTest/TestCase/PowerLossNotifyEntryPoint/TestCase.c
Features/Storage/NvmeFeaturePkg/PowerLossNotifyDxe/UnitTest/UnitTestMain.c
Features/Storage/NvmeFeaturePkg/PowerLossNotifyDxe/UnitTest/UnitTestMain.h
Features/Storage/NvmeFeaturePkg/Test/CommonMock/BootServicesMock.c
Features/Storage/NvmeFeaturePkg/Test/CommonMock/BootServicesMock.h
Features/Storage/NvmeFeaturePkg/Test/CommonMock/UefiLibMock.c
Features/Storage/NvmeFeaturePkg/Test/NvmeFeaturePkgHostTest.dsc
Features/Storage/SataFeaturePkg/AhciPciHcPei/UnitTest/AhciPciHcPeiHost.inf
Features/Storage/SataFeaturePkg/AhciPciHcPei/UnitTest/TestCase/AhciPciHcPeiTestCase.c
Features/Storage/SataFeaturePkg/AhciPciHcPei/UnitTest/TestCase/AhciPciHcPeiTestCase.h
Features/Storage/SataFeaturePkg/AhciPciHcPei/UnitTest/UnitTestMain.c
Features/Storage/SataFeaturePkg/AhciPciHcPei/UnitTest/UnitTestMain.h
Features/Storage/SataFeaturePkg/Library/AhciCommandLib/UnitTest/AhciCommandLibHost.inf
Features/Storage/SataFeaturePkg/Library/AhciCommandLib/UnitTest/PrivateMock/AtaPassThruProtocolMock.c
Features/Storage/SataFeaturePkg/Library/AhciCommandLib/UnitTest/PrivateMock/AtaPassThruProtocolMock.h
Features/Storage/SataFeaturePkg/Library/AhciCommandLib/UnitTest/TestCase/AtaPrepareSecureErase/AtaPrepareSecureEraseMock.h
Features/Storage/SataFeaturePkg/Library/AhciCommandLib/UnitTest/TestCase/AtaPrepareSecureErase/AtaPrepareSecureEraseTestCase.c
Features/Storage/SataFeaturePkg/Library/AhciCommandLib/UnitTest/TestCase/AtaSanitizeCommand/AtaSanitizeCommandMock.h
Features/Storage/SataFeaturePkg/Library/AhciCommandLib/UnitTest/TestCase/AtaSanitizeCommand/AtaSanitizeCommandTestCase.c
Features/Storage/SataFeaturePkg/Library/AhciCommandLib/UnitTest/TestCase/DisableAtaPassword/DisableAtaPasswordMock.h
Features/Storage/SataFeaturePkg/Library/AhciCommandLib/UnitTest/TestCase/DisableAtaPassword/DisableAtaPasswordTestCase.c
Features/Storage/SataFeaturePkg/Library/AhciCommandLib/UnitTest/TestCase/GetAtaIdentifyData/GetAtaIdentifyDataMock.h
Features/Storage/SataFeaturePkg/Library/AhciCommandLib/UnitTest/TestCase/GetAtaIdentifyData/GetAtaIdentifyDataTestCase.c
Features/Storage/SataFeaturePkg/Library/AhciCommandLib/UnitTest/TestCase/SendAtaEraseUnit/SendAtaEraseUnitMock.h
Features/Storage/SataFeaturePkg/Library/AhciCommandLib/UnitTest/TestCase/SendAtaEraseUnit/SendAtaEraseUnitTestCase.c
Features/Storage/SataFeaturePkg/Library/AhciCommandLib/UnitTest/TestCase/SendAtaSecureErase/SendAtaSecureEraseMock.h
Features/Storage/SataFeaturePkg/Library/AhciCommandLib/UnitTest/TestCase/SendAtaSecureErase/SendAtaSecureEraseTestCase.c
Features/Storage/SataFeaturePkg/Library/AhciCommandLib/UnitTest/TestCase/SetAtaPassword/SetAtaPasswordMock.h
Features/Storage/SataFeaturePkg/Library/AhciCommandLib/UnitTest/TestCase/SetAtaPassword/SetAtaPasswordTestCase.c
Features/Storage/SataFeaturePkg/Library/AhciCommandLib/UnitTest/TestCase/UnlockAtaPassword/UnlockAtaPasswordMock.h
Features/Storage/SataFeaturePkg/Library/AhciCommandLib/UnitTest/TestCase/UnlockAtaPassword/UnlockAtaPasswordTestCase.c
Features/Storage/SataFeaturePkg/Library/AhciCommandLib/UnitTest/UnitTestMain.c
Features/Storage/SataFeaturePkg/Library/AhciCommandLib/UnitTest/UnitTestMain.h
Features/Storage/SataFeaturePkg/SataEraseDxe/UnitTest/CleanUp/CleanUp.c
Features/Storage/SataFeaturePkg/SataEraseDxe/UnitTest/CleanUp/CleanUp.h
Features/Storage/SataFeaturePkg/SataEraseDxe/UnitTest/PreRequisite/PreRequisite.c
Features/Storage/SataFeaturePkg/SataEraseDxe/UnitTest/PreRequisite/PreRequisite.h
Features/Storage/SataFeaturePkg/SataEraseDxe/UnitTest/PrivateMock/AtaPassThruProtocolMock.c
Features/Storage/SataFeaturePkg/SataEraseDxe/UnitTest/PrivateMock/AtaPassThruProtocolMock.h
Features/Storage/SataFeaturePkg/SataEraseDxe/UnitTest/SataEraseDxeHost.inf
Features/Storage/SataFeaturePkg/SataEraseDxe/UnitTest/TestCase/GetParentProtocol/CleanUp.c
Features/Storage/SataFeaturePkg/SataEraseDxe/UnitTest/TestCase/GetParentProtocol/GetParentProtocolMock.h
Features/Storage/SataFeaturePkg/SataEraseDxe/UnitTest/TestCase/GetParentProtocol/PreRequisite.c
Features/Storage/SataFeaturePkg/SataEraseDxe/UnitTest/TestCase/GetParentProtocol/TestCase.c
Features/Storage/SataFeaturePkg/SataEraseDxe/UnitTest/TestCase/GetPortNum/GetPortNumMock.h
Features/Storage/SataFeaturePkg/SataEraseDxe/UnitTest/TestCase/GetPortNum/TestCase.c
Features/Storage/SataFeaturePkg/SataEraseDxe/UnitTest/TestCase/GetSataEraseResult/GetSataEraseResultMock.h
Features/Storage/SataFeaturePkg/SataEraseDxe/UnitTest/TestCase/GetSataEraseResult/TestCase.c
Features/Storage/SataFeaturePkg/SataEraseDxe/UnitTest/TestCase/GetSataEstimateTime/GetSataEstimateTimeMock.h
Features/Storage/SataFeaturePkg/SataEraseDxe/UnitTest/TestCase/GetSataEstimateTime/TestCase.c
Features/Storage/SataFeaturePkg/SataEraseDxe/UnitTest/TestCase/IsSataDevice/CleanUp.c
Features/Storage/SataFeaturePkg/SataEraseDxe/UnitTest/TestCase/IsSataDevice/IsSataDeviceMock.h
Features/Storage/SataFeaturePkg/SataEraseDxe/UnitTest/TestCase/IsSataDevice/PreRequisite.c
Features/Storage/SataFeaturePkg/SataEraseDxe/UnitTest/TestCase/IsSataDevice/TestCase.c
Features/Storage/SataFeaturePkg/SataEraseDxe/UnitTest/TestCase/SataDataBlockErase/CleanUp.c
Features/Storage/SataFeaturePkg/SataEraseDxe/UnitTest/TestCase/SataDataBlockErase/PreRequisite.c
Features/Storage/SataFeaturePkg/SataEraseDxe/UnitTest/TestCase/SataDataBlockErase/SataDataBlockEraseMock.h
Features/Storage/SataFeaturePkg/SataEraseDxe/UnitTest/TestCase/SataDataBlockErase/TestCase.c
Features/Storage/SataFeaturePkg/SataEraseDxe/UnitTest/TestCase/SataDataCryptoErase/SataDataCryptoEraseMock.h
Features/Storage/SataFeaturePkg/SataEraseDxe/UnitTest/TestCase/SataDataCryptoErase/TestCase.c
Features/Storage/SataFeaturePkg/SataEraseDxe/UnitTest/TestCase/SataDataOverwrite/SataDataOverwriteMock.h
Features/Storage/SataFeaturePkg/SataEraseDxe/UnitTest/TestCase/SataDataOverwrite/TestCase.c
Features/Storage/SataFeaturePkg/SataEraseDxe/UnitTest/TestCase/SataEraseEntryPoint/SataEraseEntryPointMock.h
Features/Storage/SataFeaturePkg/SataEraseDxe/UnitTest/TestCase/SataEraseEntryPoint/TestCase.c
Features/Storage/SataFeaturePkg/SataEraseDxe/UnitTest/TestCase/SataGetEraseTimeout/SataGetEraseTimeoutMock.h
Features/Storage/SataFeaturePkg/SataEraseDxe/UnitTest/TestCase/SataGetEraseTimeout/TestCase.c
Features/Storage/SataFeaturePkg/SataEraseDxe/UnitTest/TestCase/SataSwapAtaString/SataSwapAtaStringMock.h
Features/Storage/SataFeaturePkg/SataEraseDxe/UnitTest/TestCase/SataSwapAtaString/TestCase.c
Features/Storage/SataFeaturePkg/SataEraseDxe/UnitTest/TestCase/SetSataEstimateTime/CleanUp.c
Features/Storage/SataFeaturePkg/SataEraseDxe/UnitTest/TestCase/SetSataEstimateTime/PreRequisite.c
Features/Storage/SataFeaturePkg/SataEraseDxe/UnitTest/TestCase/SetSataEstimateTime/SetSataEstimateTimeMock.h
Features/Storage/SataFeaturePkg/SataEraseDxe/UnitTest/TestCase/SetSataEstimateTime/TestCase.c
Features/Storage/SataFeaturePkg/SataEraseDxe/UnitTest/TestCase/UpdateResult/TestCase.c
Features/Storage/SataFeaturePkg/SataEraseDxe/UnitTest/TestCase/UpdateResult/UpdateResultMock.h
Features/Storage/SataFeaturePkg/SataEraseDxe/UnitTest/UnitTestMain.c
Features/Storage/SataFeaturePkg/SataEraseDxe/UnitTest/UnitTestMain.h
Features/Storage/SataFeaturePkg/Test/CommonMock/BootServicesMock.c
Features/Storage/SataFeaturePkg/Test/CommonMock/BootServicesMock.h
Features/Storage/SataFeaturePkg/Test/CommonMock/UefiLibMock.c
Features/Storage/SataFeaturePkg/Test/SataFeaturePkgHostTest.dsc
Features/Storage/UfsFeaturePkg/Test/UfsFeaturePkgHostTest.dsc
Features/Storage/UfsFeaturePkg/UfsEraseDxe/UnitTest/TestCase/GetUfsEstimateTime/GetUfsEstimateTimeMock.h
Features/Storage/UfsFeaturePkg/UfsEraseDxe/UnitTest/TestCase/GetUfsEstimateTime/TestCase.c
Features/Storage/UfsFeaturePkg/UfsEraseDxe/UnitTest/TestCase/SetUfsEstimateTime/CleanUp.c
Features/Storage/UfsFeaturePkg/UfsEraseDxe/UnitTest/TestCase/SetUfsEstimateTime/PreRequisite.c
Features/Storage/UfsFeaturePkg/UfsEraseDxe/UnitTest/TestCase/SetUfsEstimateTime/SetUfsEstimateTimeMock.h
Features/Storage/UfsFeaturePkg/UfsEraseDxe/UnitTest/TestCase/SetUfsEstimateTime/TestCase.c
Features/Storage/UfsFeaturePkg/UfsEraseDxe/UnitTest/UfsEraseDxeHost.inf
Features/Storage/UfsFeaturePkg/UfsEraseDxe/UnitTest/UnitTestMain.c
Features/Storage/UfsFeaturePkg/UfsEraseDxe/UnitTest/UnitTestMain.h
Features/Thermal/DptfFeaturePkg/DptfInstallTableDxe/UnitTest/CleanUp/InitializeDptf/CleanUpInitializeDptf.c
Features/Thermal/DptfFeaturePkg/DptfInstallTableDxe/UnitTest/CleanUp/InitializeDptf/CleanUpInitializeDptf.h
Features/Thermal/DptfFeaturePkg/DptfInstallTableDxe/UnitTest/CleanUp/LoadAcpiTables/CleanUpLoadAcpiTables.c
Features/Thermal/DptfFeaturePkg/DptfInstallTableDxe/UnitTest/CleanUp/LoadAcpiTables/CleanUpLoadAcpiTables.h
Features/Thermal/DptfFeaturePkg/DptfInstallTableDxe/UnitTest/DptfInstallTableDxeHost.inf
Features/Thermal/DptfFeaturePkg/DptfInstallTableDxe/UnitTest/PreRequisite/InitializeDptf/PreInitializeDptf.c
Features/Thermal/DptfFeaturePkg/DptfInstallTableDxe/UnitTest/PreRequisite/InitializeDptf/PreInitializeDptf.h
Features/Thermal/DptfFeaturePkg/DptfInstallTableDxe/UnitTest/PreRequisite/LoadAcpiTables/PreLoadAcpiTables.c
Features/Thermal/DptfFeaturePkg/DptfInstallTableDxe/UnitTest/PreRequisite/LoadAcpiTables/PreLoadAcpiTables.h
Features/Thermal/DptfFeaturePkg/DptfInstallTableDxe/UnitTest/PrivateMock/PrivateMock.c
Features/Thermal/DptfFeaturePkg/DptfInstallTableDxe/UnitTest/PrivateMock/PrivateMock.h
Features/Thermal/DptfFeaturePkg/DptfInstallTableDxe/UnitTest/TestCase/InitializeDptf/TestCaseInitializeDptf.c
Features/Thermal/DptfFeaturePkg/DptfInstallTableDxe/UnitTest/TestCase/InitializeDptf/TestCaseInitializeDptf.h
Features/Thermal/DptfFeaturePkg/DptfInstallTableDxe/UnitTest/TestCase/LoadAcpiTables/TestCaseLoadAcpiTables.c
Features/Thermal/DptfFeaturePkg/DptfInstallTableDxe/UnitTest/TestCase/LoadAcpiTables/TestCaseLoadAcpiTables.h
Features/Thermal/DptfFeaturePkg/DptfInstallTableDxe/UnitTest/UnitTestMain.c
Features/Thermal/DptfFeaturePkg/DptfInstallTableDxe/UnitTest/UnitTestMain.h
Features/Thermal/DptfFeaturePkg/Test/CommonMock/PcdLibMock.c
Features/Thermal/DptfFeaturePkg/Test/CommonMock/PcdLibMock.inf
Features/Thermal/DptfFeaturePkg/Test/DptfFeaturePkgHostTest.dsc
Features/Virtualization/DmarAcpiFeaturePkg/DmarInitDxe/UnitTest/DmarAcpiDxeHost.inf
Features/Virtualization/DmarAcpiFeaturePkg/DmarInitDxe/UnitTest/PrivateMock/PrivateMock.c
Features/Virtualization/DmarAcpiFeaturePkg/DmarInitDxe/UnitTest/PrivateMock/PrivateMock.h
Features/Virtualization/DmarAcpiFeaturePkg/DmarInitDxe/UnitTest/TestCase/AddAtsr/TestCaseAddAtsr.c
Features/Virtualization/DmarAcpiFeaturePkg/DmarInitDxe/UnitTest/TestCase/AddAtsr/TestCaseAddAtsr.h
Features/Virtualization/DmarAcpiFeaturePkg/DmarInitDxe/UnitTest/TestCase/AddAtsr/TestCaseAtsrStructure.c
Features/Virtualization/DmarAcpiFeaturePkg/DmarInitDxe/UnitTest/TestCase/AddAtsr/TestCaseDmarAtsr.h
Features/Virtualization/DmarAcpiFeaturePkg/DmarInitDxe/UnitTest/TestCase/AddDrhd/TestCaseAddDrhd.c
Features/Virtualization/DmarAcpiFeaturePkg/DmarInitDxe/UnitTest/TestCase/AddDrhd/TestCaseAddDrhd.h
Features/Virtualization/DmarAcpiFeaturePkg/DmarInitDxe/UnitTest/TestCase/AddDrhd/TestCaseDmarStructures.h
Features/Virtualization/DmarAcpiFeaturePkg/DmarInitDxe/UnitTest/TestCase/AddDrhd/TestCaseDrhdStructure1.c
Features/Virtualization/DmarAcpiFeaturePkg/DmarInitDxe/UnitTest/TestCase/AddRhsa/TestCaseAddRhsa.c
Features/Virtualization/DmarAcpiFeaturePkg/DmarInitDxe/UnitTest/TestCase/AddRhsa/TestCaseAddRhsa.h
Features/Virtualization/DmarAcpiFeaturePkg/DmarInitDxe/UnitTest/TestCase/AddRhsa/TestCaseDmarRhsa.h
Features/Virtualization/DmarAcpiFeaturePkg/DmarInitDxe/UnitTest/TestCase/AddRhsa/TestCaseRhsaStructure.c
Features/Virtualization/DmarAcpiFeaturePkg/DmarInitDxe/UnitTest/TestCase/AddRmrr/TestCaseAddRmrr.c
Features/Virtualization/DmarAcpiFeaturePkg/DmarInitDxe/UnitTest/TestCase/AddRmrr/TestCaseAddRmrr.h
Features/Virtualization/DmarAcpiFeaturePkg/DmarInitDxe/UnitTest/TestCase/AddRmrr/TestCaseDmarRmrr.h
Features/Virtualization/DmarAcpiFeaturePkg/DmarInitDxe/UnitTest/TestCase/AddRmrr/TestCaseRmrrStructure.c
Features/Virtualization/DmarAcpiFeaturePkg/DmarInitDxe/UnitTest/TestCase/AddSatc/TestCaseAddSatc.c
Features/Virtualization/DmarAcpiFeaturePkg/DmarInitDxe/UnitTest/TestCase/AddSatc/TestCaseAddSatc.h
Features/Virtualization/DmarAcpiFeaturePkg/DmarInitDxe/UnitTest/TestCase/AddSatc/TestCaseDmarSatc.h
Features/Virtualization/DmarAcpiFeaturePkg/DmarInitDxe/UnitTest/TestCase/AddSatc/TestCaseSatcStructure.c
Features/Virtualization/DmarAcpiFeaturePkg/DmarInitDxe/UnitTest/TestCase/AddSidp/TestCaseAddSidp.c
Features/Virtualization/DmarAcpiFeaturePkg/DmarInitDxe/UnitTest/TestCase/AddSidp/TestCaseAddSidp.h
Features/Virtualization/DmarAcpiFeaturePkg/DmarInitDxe/UnitTest/TestCase/AddSidp/TestCaseDmarSidp.h
Features/Virtualization/DmarAcpiFeaturePkg/DmarInitDxe/UnitTest/TestCase/AddSidp/TestCaseSidpStructure.c
Features/Virtualization/DmarAcpiFeaturePkg/DmarInitDxe/UnitTest/TestCase/CalculateDmarLength/TestCaseCalculateDmarLength.c
Features/Virtualization/DmarAcpiFeaturePkg/DmarInitDxe/UnitTest/TestCase/CalculateDmarLength/TestCaseCalculateDmarLength.h
Features/Virtualization/DmarAcpiFeaturePkg/DmarInitDxe/UnitTest/TestCase/CreateHeader/TestCaseCreateHeader.c
Features/Virtualization/DmarAcpiFeaturePkg/DmarInitDxe/UnitTest/TestCase/CreateHeader/TestCaseCreateHeader.h
Features/Virtualization/DmarAcpiFeaturePkg/DmarInitDxe/UnitTest/UnitTestMain.c
Features/Virtualization/DmarAcpiFeaturePkg/DmarInitDxe/UnitTest/UnitTestMain.h
Features/Virtualization/DmarAcpiFeaturePkg/DmarInitDxe/UnitTest/Utils/Utils.c
Features/Virtualization/DmarAcpiFeaturePkg/DmarInitDxe/UnitTest/Utils/Utils.h
Features/Virtualization/DmarAcpiFeaturePkg/Test/CommonMock/Library/BasePcdLibMock/BasePcdLibMock.c
Features/Virtualization/DmarAcpiFeaturePkg/Test/CommonMock/Library/BasePcdLibMock/BasePcdLibMock.inf
Features/Virtualization/DmarAcpiFeaturePkg/Test/DmarAcpiFeaturePkgHostTest.dsc
Features/WatchdogTimerFeaturePkg/Test/WatchdogTimerFeaturePkgHostTest.dsc
Features/WatchdogTimerFeaturePkg/WdtAppDxe/UnitTest/TestCase/WdtAppDxeTestCase.c
Features/WatchdogTimerFeaturePkg/WdtAppDxe/UnitTest/TestCase/WdtAppDxeTestCase.h
Features/WatchdogTimerFeaturePkg/WdtAppDxe/UnitTest/UnitTestMain.c
Features/WatchdogTimerFeaturePkg/WdtAppDxe/UnitTest/UnitTestMain.h
Features/WatchdogTimerFeaturePkg/WdtAppDxe/UnitTest/WdtAppDxeHost.inf
Features/WatchdogTimerFeaturePkg/WdtAppPei/UnitTest/TestCase/WdtAppPeiTestCase.c
Features/WatchdogTimerFeaturePkg/WdtAppPei/UnitTest/TestCase/WdtAppPeiTestCase.h
Features/WatchdogTimerFeaturePkg/WdtAppPei/UnitTest/UnitTestMain.c
Features/WatchdogTimerFeaturePkg/WdtAppPei/UnitTest/UnitTestMain.h
Features/WatchdogTimerFeaturePkg/WdtAppPei/UnitTest/WdtAppPeiHost.inf
Features/XmlCliFeaturePkg/Test/XmlCliFeaturePkgHostTest.dsc
Features/XmlCliFeaturePkg/XmlCliCommon/Dxe/UnitTest/TestCase/XmlCliCommonDxeTestCase.c
Features/XmlCliFeaturePkg/XmlCliCommon/Dxe/UnitTest/TestCase/XmlCliCommonDxeTestCase.h
Features/XmlCliFeaturePkg/XmlCliCommon/Dxe/UnitTest/UnitTestMain.c
Features/XmlCliFeaturePkg/XmlCliCommon/Dxe/UnitTest/UnitTestMain.h
Features/XmlCliFeaturePkg/XmlCliCommon/Dxe/UnitTest/XmlCliCommonDxeHost.inf
Features/XmlCliFeaturePkg/XmlCliCommon/Pei/UnitTest/TestCase/XmlCliCommonPeiTestCase.c
Features/XmlCliFeaturePkg/XmlCliCommon/Pei/UnitTest/TestCase/XmlCliCommonPeiTestCase.h
Features/XmlCliFeaturePkg/XmlCliCommon/Pei/UnitTest/UnitTestMain.c
Features/XmlCliFeaturePkg/XmlCliCommon/Pei/UnitTest/UnitTestMain.h
Features/XmlCliFeaturePkg/XmlCliCommon/Pei/UnitTest/XmlCliCommonPeiHost.inf
Features/XmlCliFeaturePkg/XmlCliCommon/Smm/UnitTest/TestCase/XmlCliCommonSmmTestCase.c
Features/XmlCliFeaturePkg/XmlCliCommon/Smm/UnitTest/TestCase/XmlCliCommonSmmTestCase.h
Features/XmlCliFeaturePkg/XmlCliCommon/Smm/UnitTest/UnitTestMain.c
Features/XmlCliFeaturePkg/XmlCliCommon/Smm/UnitTest/UnitTestMain.h
Features/XmlCliFeaturePkg/XmlCliCommon/Smm/UnitTest/XmlCliCommonSmmHost.inf
LICENSE.txt
OneSiliconPkg/Include/AcpiTables/Tse.asl
OneSiliconPkg/Include/ConfigBlock/HostBridge/HostBridgeConfig.h
OneSiliconPkg/Include/ConfigBlock/Memory/Ver6/MemoryConfig.h
OneSiliconPkg/Include/ConfigBlock/Tcss/TcssPeiPreMemConfig.h
OneSiliconPkg/Include/ConfigBlock/Vtd/VtdConfig.h
OneSiliconPkg/Include/Defines/HostBridgeDefines.h
OneSiliconPkg/Include/Defines/PcdPchBdfAssignment.h
OneSiliconPkg/Include/Defines/PchReservedResources.h
OneSiliconPkg/Include/Library/DebugToken.h
OneSiliconPkg/Include/Library/NguInfoLib.h
OneSiliconPkg/Include/Library/PcdEspiLib.h
OneSiliconPkg/Include/Library/PcdGpioNativeLib.h
OneSiliconPkg/Include/Library/PcdGpioTopologyLib.h
OneSiliconPkg/Include/Library/PcdInfoLib.h
OneSiliconPkg/Include/Library/PcdItssLib.h
OneSiliconPkg/Include/Library/PcdPeiLpssI2cSocInitLib.h
OneSiliconPkg/Include/Library/PcdPeiLpssI3cSocInitLib.h
OneSiliconPkg/Include/Library/PcdPeiLpssSpiSocInitLib.h
OneSiliconPkg/Include/Library/PcdPeiLpssUartSocInitLib.h
OneSiliconPkg/Include/Library/PcdPeiThcSocInitLib.h
OneSiliconPkg/Include/Library/PcdPolicyLib.h
OneSiliconPkg/Include/Library/PcdReserveMmio64SizeLib.h
OneSiliconPkg/Include/Library/PcdRtcAccessLib.h
OneSiliconPkg/Include/Library/PchInfoHob.h
OneSiliconPkg/Include/Library/PchLimits.h
OneSiliconPkg/Include/Ppi/SiPolicy.h
OneSiliconPkg/Include/Register/CpuGenInfoRegs.h
OneSiliconPkg/Include/Register/GenerationMsr.h
OneSiliconPkg/Include/Register/GpioAcpiDefines.h
OneSiliconPkg/Include/Register/GpioV2PcdPins.h
OneSiliconPkg/Include/Register/GpioV2PcdRegs.h
OneSiliconPkg/IncludePrivate/Library/LpssControllerInfoLib.h
OneSiliconPkg/IncludePrivate/Library/P2SbSocLib.h
OneSiliconPkg/IncludePrivate/Library/PcdPeiIshPolicyLib.h
OneSiliconPkg/IncludePrivate/Library/PcdSerialIoGpioAccessLib.h
OneSiliconPkg/IncludePrivate/Library/PcdTcssInitLib.h
OneSiliconPkg/IncludePrivate/Library/PeiPcdInitLib.h
OneSiliconPkg/IncludePrivate/PcdEspiDeviceIds.h
OneSiliconPkg/IncludePrivate/PcdSbPortIds.h
OneSiliconPkg/IncludePrivate/Register/CpuGenRegs.h
OneSiliconPkg/IncludePrivate/Register/GraphicsRegs.h
OneSiliconPkg/IncludePrivate/Register/HacRegs.h
OneSiliconPkg/IncludePrivate/Register/HostBridgeRegs.h
OneSiliconPkg/IncludePrivate/Register/ItbtPcieRegs.h
OneSiliconPkg/IncludePrivate/Register/MemSSRegs.h
OneSiliconPkg/IncludePrivate/Register/NocRegs.h
OneSiliconPkg/IncludePrivate/Register/PsfRegsPtlPcdWrapper.h
OneSiliconPkg/IncludePrivate/Register/SncuRegs.h
OneSiliconPkg/IncludePrivate/Register/VmdRegs.h
OneSiliconPkg/IncludePrivate/Register/VoltageRegulatorRegs.h
OneSiliconPkg/IncludePrivate/Register/VtdRegs.h
OneSiliconPkg/IpBlock/MemoryInit/Include/CMemoryInit.h
OneSiliconPkg/IpBlock/MemoryInit/Include/CMrcInterface.h
OneSiliconPkg/IpBlock/MemoryInit/Library/PeiDxeSmmMemAddrEncodeLib/decoder.h
OneSiliconPkg/IpBlock/MemoryInit/Library/PeiDxeSmmMemAddrEncodeLib/decoder_functions.c
OneSiliconPkg/IpBlock/MemoryInit/Library/PeiDxeSmmMemAddrEncodeLib/decoder_tables.h
OneSiliconPkg/IpBlock/MemoryInit/LibraryPrivate/MrcOemPlatform.c
OneSiliconPkg/IpBlock/MemoryInit/src/IncludePublic/CMrcInterfaceGlobalTypes.h
OneSiliconPkg/IpBlock/MemoryInit/src/IncludePublic/MrcGlobalDefinitions.h
OneSiliconPkg/IpBlock/PcieRp/LibraryPrivate/PeiPcieSipInitLib/PeiPcieSipInitLib.inf
OneSiliconPkg/Product/PantherLake/SiPkgPcdInit.dsc
PantherLakeBoardPkg/BoardPkg.dsc
PantherLakeBoardPkg/Features/Setup/Include/Dsc/SetupDxe.dsc
PantherLakeFspPkg/Test/PantherLakeFspPkgHostTest.dsc
PantherLakePlatSamplePkg/Features/Hsti/HstiIhvDxe/HstiIhvDxe.c
PantherLakePlatSamplePkg/Features/Hsti/HstiIhvDxe/HstiIhvDxe.h
PantherLakePlatSamplePkg/Include/SetupVariable.h
PantherLakePlatSamplePkg/Library/DxePlatformBootManagerLib/BdsPlatform.c
PantherLakePlatSamplePkg/Setup/Advanced.vfr
PantherLakePlatSamplePkg/Setup/PlatformSetup.c

================================================================================ 
Commit: 743ed4601770a4d8a7191121c98684acb6e5a01c 
Author: ClientSysFWGit <clientsysfwgit@intel.com> 
Date: Tue Jan 6 17:03:07 2026 +0530 
-------------------------------------------------------------------------------- 
"WCL WildcatLake_wildcatlake_program_platform_Daily Daily Updating Version/ID: WildcatLake_3515_03

Hsd-es-id: N/A"
Original commit date: Mon Dec 22 18:39:18 2025 +0000
Original commit hash: df07d5b7f19f7ab5caeb3387e5ac7f0753353b7d

-------------------------------------------------------------------------------- 
[Changed Files]
OneSiliconPkg/Product/PantherLake/SiPkgPcdInit.dsc
PantherLakeBoardPkg/BiosId.env

================================================================================ 
Commit: 8393e46e142d8c05d60fe59b414dc45fc7a2bbfd 
Author: ClientSysFWGit <clientsysfwgit@intel.com> 
Date: Tue Jan 6 17:02:56 2026 +0530 
-------------------------------------------------------------------------------- 
Changing Slow Slew Rate default value for GT

[Feature Description]
Changing Slow Slew Rate default value for GT as Fast/4

Package/Module: PlatSamplePkg

[Impacted Platform]
W.

Hsd-es-id: 16029497015
Original commit date: Mon Dec 22 22:50:39 2025 +0530
Change-Id: I933820d7856e76cdcf03e0eca56dbe1c12977d85
Original commit hash: c9a5fcda4f580ef2cb6a43266f9d038642730a8b

-------------------------------------------------------------------------------- 
[Changed Files]
PantherLakeBoardPkg/Include/Dsc/HiiStructurePcd.dsc
PantherLakePlatSamplePkg/Setup/CpuSetup.hfr

================================================================================ 
Commit: 58b71172c1001b491191fed2649af67cdd3b4632 
Author: ClientSysFWGit <clientsysfwgit@intel.com> 
Date: Tue Jan 6 17:02:50 2026 +0530 
-------------------------------------------------------------------------------- 
Correcting values for ANM, Slew Rate and FastPkgC

[Issue Description] or [Feature Description]
This FR corrects values for ANM, Slew Rate and FastPkgC

Package/Module: Board, PlatSample

[Impacted Platform]
W.

Hsd-es-id: 16029491518
Original commit date: Sun Dec 21 21:43:07 2025 +0530
Change-Id: I80dda0d858c80782fd80ec8f53ea094ebe7db38f
Original commit hash: a719c3c563ae779a27e312e1ca682efd06013974

-------------------------------------------------------------------------------- 
[Changed Files]
PantherLakePlatSamplePkg/Library/PeiPolicyUpdateLib/PeiCpuPolicyUpdatePreMem.c
PantherLakePlatSamplePkg/Setup/CpuSetup.c

================================================================================ 
Commit: f327ef0ef9638606fd94e965a37e7415b9c499ff 
Author: ClientSysFWGit <clientsysfwgit@intel.com> 
Date: Tue Jan 6 17:02:46 2026 +0530 
-------------------------------------------------------------------------------- 
"WCL WildcatLake_wildcatlake_program_platform_Daily Daily Updating Version/ID: WildcatLake_3515_02

Hsd-es-id: N/A"
Original commit date: Sun Dec 21 13:05:49 2025 +0000
Original commit hash: 7c0eeff96540387db47cf5cfabb69323a374302a

-------------------------------------------------------------------------------- 
[Changed Files]
OneSiliconPkg/Product/PantherLake/SiPkgPcdInit.dsc
PantherLakeBoardPkg/BiosId.env

================================================================================ 
Commit: 3cf68ae546282687e8f414a75da23c0d99c2e61d 
Author: ClientSysFWGit <clientsysfwgit@intel.com> 
Date: Tue Jan 6 17:02:43 2026 +0530 
-------------------------------------------------------------------------------- 
"WCL WildcatLake_wildcatlake_family_Daily Daily Updating Version/ID: WildcatLake_3515_01

Hsd-es-id: N/A"
Original commit date: Fri Dec 19 23:35:35 2025 +0000
Original commit hash: e32d98be8b0664004d8f213e118c7c7576715ae7

-------------------------------------------------------------------------------- 
[Changed Files]
OneSiliconPkg/Product/PantherLake/SiPkgPcdInit.dsc
PantherLakeBoardPkg/BiosId.env

================================================================================ 
Commit: c50d623a1c1a140d8259612db7c92f6c4258914a 
Author: ClientSysFWGit <clientsysfwgit@intel.com> 
Date: Tue Jan 6 17:02:39 2026 +0530 
-------------------------------------------------------------------------------- 
"PTL PantherLake_pantherlake_family_Daily Daily Updating Version/ID: PantherLake_3515_00

Hsd-es-id: N/A"
Original commit date: Fri Dec 19 18:35:55 2025 +0000
Original commit hash: 8f4d8ab9d294289552fb33495bd76d712a6a11e1

-------------------------------------------------------------------------------- 
[Changed Files]
OneSiliconPkg/Product/PantherLake/SiPkgPcdInit.dsc
PantherLakeBoardPkg/BiosId.env

================================================================================ 
Commit: fd467c877becabab6328777f707cd0049980611c 
Author: ClientSysFWGit <clientsysfwgit@intel.com> 
Date: Tue Jan 6 17:02:35 2026 +0530 
-------------------------------------------------------------------------------- 
Send MAPT MAC on each reset except WARM reset

[Issue Description]
When ME region is re-flashed after MAPT MAC address is set,
CSME loses the MAPT MAC address and BIOS does not set it again.
This could be due to resiliency flow where CSME FW is recovered
or due to a special manufacturing flow.
As a result the CSME loses the MAPT functionality.

[Resolution]
Add sending MAPT MAC configuration on each reset, except
warm reset.

Package/Module:
Features/Manageability/AmtMacPassThroughFeaturePkg

[Impacted Platform]
PantherLake

Hsd-es-id: 18044056375
Original commit date: Thu Dec 11 10:08:04 2025 +0100
Change-Id: If5d8e7703e14f46f301ecb1ad95b19849f9f3870
Original commit hash: 9532127b50a700e811f121d67d4ac052b8767b10

-------------------------------------------------------------------------------- 
[Changed Files]
Features/Manageability/AmtMacPassThroughFeaturePkg/AmtMacPassThrough/AmtMacPassThrough.c
Features/Manageability/AmtMacPassThroughFeaturePkg/AmtMacPassThrough/AmtMacPassThrough.inf
Features/Manageability/AmtMacPassThroughFeaturePkg/Readme.md

================================================================================ 
Commit: c1109e98055b800d8cf283c5202c832235624918 
Author: ClientSysFWGit <clientsysfwgit@intel.com> 
Date: Tue Jan 6 17:02:31 2026 +0530 
-------------------------------------------------------------------------------- 
PD Spec update WW50

[Feature Description]
PD Spec update WW50

Package/Module:

[Impacted Platform]
W.

Hsd-es-id: 16029476022
Original commit date: Fri Dec 19 10:32:12 2025 +0530
Change-Id: I382d57cc72f84e0c88244b279b9ba1147afd9361
Original commit hash: 8205d8bb875fd5c7b2191fa5a1ca41febd2b69d9

-------------------------------------------------------------------------------- 
[Changed Files]
OneSiliconPkg/Fru/PtlCDie/VoltageRegulator/LibraryPrivate/PeiVrFruLib/PeiVrFruLib.c

================================================================================ 
Commit: 85616d254d09639b1a16d649913fad0898a3c074 
Author: ClientSysFWGit <clientsysfwgit@intel.com> 
Date: Tue Jan 6 17:02:27 2026 +0530 
-------------------------------------------------------------------------------- 
"WCL WildcatLake_wildcatlake_family_Daily Daily Updating Version/ID: WildcatLake_3514_01

Hsd-es-id: N/A"
Original commit date: Thu Dec 18 23:34:38 2025 +0000
Original commit hash: 794f6cd50de9ad44234c8cdcac1f14a152d76089

-------------------------------------------------------------------------------- 
[Changed Files]
OneSiliconPkg/Product/PantherLake/SiPkgPcdInit.dsc
PantherLakeBoardPkg/BiosId.env

================================================================================ 
Commit: 7eb3b3cfd0e8bd83431b0b3116b73bb03ff2b89e 
Author: ClientSysFWGit <clientsysfwgit@intel.com> 
Date: Tue Jan 6 17:02:23 2026 +0530 
-------------------------------------------------------------------------------- 
"PTL PantherLake_pantherlake_family_Daily Daily Updating Version/ID: PantherLake_3514_00

Hsd-es-id: N/A"
Original commit date: Thu Dec 18 18:34:26 2025 +0000
Original commit hash: 8a6a7a145ea9d5e0adf8e91e4b70f7600b2b0cbe

-------------------------------------------------------------------------------- 
[Changed Files]
OneSiliconPkg/Product/PantherLake/SiPkgPcdInit.dsc
PantherLakeBoardPkg/BiosId.env

================================================================================ 
Commit: 04c9bcc1fbe0ff56c513d1f85edb0225d5a2f941 
Author: ClientSysFWGit <clientsysfwgit@intel.com> 
Date: Tue Jan 6 17:02:18 2026 +0530 
-------------------------------------------------------------------------------- 
Mufasa CLOS ways tuning for better Perf KPIs

[Feature Description]
Changed Mufasa CLOS ways to 0 for dynamic allocation.

Package/Module: 1S

[Impacted Platform]
W.

Hsd-es-id: 15018794377
Original commit date: Wed Dec 17 14:47:39 2025 +0530
Change-Id: Ic41e3d84bd9a3541aa12cd0652b7e07aeffdc8a5
Original commit hash: 11952d8826cb698136a94d459d11dda326c38215

-------------------------------------------------------------------------------- 
[Changed Files]
OneSiliconPkg/Fru/PtlCDie/LibraryPrivate/BaseMsrFruLib/BaseMsrFruLib.c

================================================================================ 
Commit: aa2f22db99fe398eb6f51202a732d97453fa226e 
Author: ClientSysFWGit <clientsysfwgit@intel.com> 
Date: Tue Jan 6 17:02:15 2026 +0530 
-------------------------------------------------------------------------------- 
"WCL WildcatLake_wildcatlake_family_Daily Daily Updating Version/ID: WildcatLake_3513_02

Hsd-es-id: N/A"
Original commit date: Thu Dec 18 06:26:55 2025 +0000
Original commit hash: 7d272d43507e69416900e619b8a901fbfbb22061

-------------------------------------------------------------------------------- 
[Changed Files]
OneSiliconPkg/Product/PantherLake/SiPkgPcdInit.dsc
PantherLakeBoardPkg/BiosId.env

================================================================================ 
Commit: d4eab8618bec3405fc697e52d06076d531243c5f 
Author: ClientSysFWGit <clientsysfwgit@intel.com> 
Date: Tue Jan 6 17:02:11 2026 +0530 
-------------------------------------------------------------------------------- 
Update PS1 threshold value

[Issue Description]
Wrong PS1 threshold value

[Resolution]
Update PS1 threshold value

Package/Module:
BoardPkg
PlatPkg

[Impacted Platform]
All

Hsd-es-id: 16029341667
Original commit date: Wed Dec 17 23:37:02 2025 +0530
Change-Id: Ie1b74537f46420311c19abc6cbdff1bcfd16efe5
Original commit hash: 52a1cf2f81f7d09ae5aadf4b169da5546ef61091

-------------------------------------------------------------------------------- 
[Changed Files]
PantherLakeBoardPkg/Include/Dsc/HiiStructurePcd.dsc
PantherLakePlatSamplePkg/Setup/VoltageRegulatorSetup.hfr

================================================================================ 
Commit: 492c4878c61e26470fb1919598d2f4be7cfcbc43 
Author: ClientSysFWGit <clientsysfwgit@intel.com> 
Date: Tue Jan 6 17:02:03 2026 +0530 
-------------------------------------------------------------------------------- 
Fix upstream RMA: Set PCIe EP VT-d to 2nd-stage vs passthrough

[Issue Description]
When SD card was not connected on respective platforms,
system caused the IOMMU driver to define a certain PCIe endpoint
BDF as stage-two instead of passthrough. This is because the
SD card controller implementation for those ports were always enable.

[Resolution]
Introducing VpdPcd to control when SD card is connected to
specific ports on specific system.

Package/Module:
BoardPkg

[Impacted Platform]
ALL

Hsd-es-id: 16029406392
Original commit date: Thu Dec 11 12:41:50 2025 +0530
Change-Id: Ib7929684967971708c4076a93d31d7e6ab49d8aa
Original commit hash: 4fbdc9827b7a5820ee72a18e1ce8c39e7b86ae77

-------------------------------------------------------------------------------- 
[Changed Files]
PantherLakeBoardPkg/Acpi/AcpiTables/Dsdt/PlatformNvs.asl
PantherLakeBoardPkg/Acpi/AcpiTables/SsdtRtd3/PtlUHLp5Rvp1Rtd3.asl
PantherLakeBoardPkg/Acpi/AcpiTables/SsdtRtd3/PtlUHRvp34Rtd3.asl
PantherLakeBoardPkg/Acpi/AdvancedAcpiDxe/AcpiPlatform.c
PantherLakeBoardPkg/Acpi/AdvancedAcpiDxe/AdvancedAcpiDxe.inf
PantherLakeBoardPkg/BoardPkg.dec
PantherLakeBoardPkg/BoardSupport/PantherLakeBoards/PantherLakeMobileBoards/Library/BoardInitLib/Pei/PeiInitPostMemLib.c
PantherLakeBoardPkg/BoardSupport/PantherLakeBoards/PantherLakeMobileBoards/Library/BoardInitLib/Pei/PeiMultiBoardInitPostMemLib.inf
PantherLakeBoardPkg/BoardSupport/PantherLakeBoards/PantherLakeMobileBoards/Library/BoardInitLib/Pei/PeiMultiBoardInitPreMemLib.inf
PantherLakeBoardPkg/Include/PlatformNvsAreaDef.h
PantherLakeBoardPkg/PantherLakeBoards/PantherLakeMobileBoards/BoardVpdPcdsInit/BoardVpdPcdInit.dsc
PantherLakeBoardPkg/PantherLakeBoards/PantherLakeMobileBoards/BoardVpdPcdsInit/PtlUH/SkuIdPtlUHLp5Rvp1.dsc
PantherLakeBoardPkg/PantherLakeBoards/PantherLakeMobileBoards/BoardVpdPcdsInit/PtlUH/SkuIdPtlUHLp5Rvp3.dsc

================================================================================ 
Commit: 214826f6313f2f98f97534e2c11db76a5f1e196b 
Author: ClientSysFWGit <clientsysfwgit@intel.com> 
Date: Tue Jan 6 17:01:59 2026 +0530 
-------------------------------------------------------------------------------- 
"WCL WildcatLake_wildcatlake_family_Daily Daily Updating Version/ID: WildcatLake_3513_01

Hsd-es-id: N/A"
Original commit date: Wed Dec 17 23:35:58 2025 +0000
Original commit hash: 8dd7c52f94cf7d5916e683a4cac7a20664c98df4

-------------------------------------------------------------------------------- 
[Changed Files]
OneSiliconPkg/Product/PantherLake/SiPkgPcdInit.dsc
PantherLakeBoardPkg/BiosId.env

================================================================================ 
Commit: 5abec771324263a9ea70762c19d992de4b05ab05 
Author: ClientSysFWGit <clientsysfwgit@intel.com> 
Date: Tue Jan 6 17:01:55 2026 +0530 
-------------------------------------------------------------------------------- 
"PTL PantherLake_pantherlake_family_Daily Daily Updating Version/ID: PantherLake_3513_00

Hsd-es-id: N/A"
Original commit date: Wed Dec 17 18:35:14 2025 +0000
Original commit hash: b0593850e3c49f0c9835cc249f86fe2ea739f8c4

-------------------------------------------------------------------------------- 
[Changed Files]
OneSiliconPkg/Product/PantherLake/SiPkgPcdInit.dsc
PantherLakeBoardPkg/BiosId.env

================================================================================ 
Commit: f80c73c106e6817b1c2a71f17f46fcbcd70e2603 
Author: ClientSysFWGit <clientsysfwgit@intel.com> 
Date: Tue Jan 6 17:01:52 2026 +0530 
-------------------------------------------------------------------------------- 
VR Spec Update WW49

[Feature Description]
VR Spec Update WW49

Package/Module: 1S

[Impacted Platform]
W.

Hsd-es-id: 16029456721
Original commit date: Tue Dec 16 14:33:38 2025 +0530
Change-Id: I3eb079cef142ca3e054022a1361465f6d07b54e1
Original commit hash: 8dbed5566f7b38c8379c24c7b962f38e76d5cfa1

-------------------------------------------------------------------------------- 
[Changed Files]
OneSiliconPkg/Fru/PtlCDie/VoltageRegulator/LibraryPrivate/PeiVrFruLib/PeiVrFruLib.c

================================================================================ 
Commit: 6ba146b49547fe1a2f3bb1a63306ef083931d605 
Author: ClientSysFWGit <clientsysfwgit@intel.com> 
Date: Tue Jan 6 17:01:48 2026 +0530 
-------------------------------------------------------------------------------- 
VR Spec Update for WW41

[Feature Description]
VR Spec Update for WW41

Package/Module: C1S

[Impacted Platform]
W.

Hsd-es-id: 16029086080
Original commit date: Mon Nov 10 14:53:39 2025 +0530
Change-Id: Ie598833521299d51059995e282e2cd0d3e9f17cd
Original commit hash: b78a6f0c634a5e1ecbcf92f3347cbab0d465c617

-------------------------------------------------------------------------------- 
[Changed Files]
OneSiliconPkg/Fru/PtlCDie/VoltageRegulator/LibraryPrivate/PeiVrFruLib/PeiVrFruLib.c

================================================================================ 
Commit: e6f7c615fa0d346023d67307398ccc5ce8025b80 
Author: ClientSysFWGit <clientsysfwgit@intel.com> 
Date: Tue Jan 6 17:01:44 2026 +0530 
-------------------------------------------------------------------------------- 
Revert "[WCL] USB DWB feature remains enabled by default"

[Feature Description]
USB DWB feature should be disabled by default.

Package/Module:
OneSiliconPkg/PeiUsbPolicyLib
PantherLakePlatSamplePkg/Setup

[Impacted Platform]
WCL

Hsd-es-id: 18044026966
Original commit date: Thu Dec 11 16:45:41 2025 +0100
Change-Id: Ifd4fac063c89b13fbd37c0d86b93a43bfa237ab5
Original commit hash: c05d37d0f0163ff8b6bc27bddb907ea887d5f362

-------------------------------------------------------------------------------- 
[Changed Files]
OneSiliconPkg/IpBlock/Usb/LibraryPrivate/PeiUsbPolicyLib/PeiUsbPolicyLib.c
OneSiliconPkg/IpBlock/Usb/LibraryPrivate/PeiUsbPolicyLib/PeiUsbPolicyLib.inf
PantherLakeBoardPkg/Include/Dsc/HiiStructurePcd.dsc
PantherLakePlatSamplePkg/Setup/PchSetup.hfr

================================================================================ 
Commit: c36796e4b52a38e00ec719f921ad30ca6a970c2e 
Author: ClientSysFWGit <clientsysfwgit@intel.com> 
Date: Tue Jan 6 17:01:40 2026 +0530 
-------------------------------------------------------------------------------- 
DisCo table update for Alc722 configs

[Feature Description]
DisCo table update for Alc722 configs.

Package/Module:
Features/Audio/SndwDevTopologyFeaturePkg
Setup

[Impacted Platform]
PTL

Hsd-es-id: 18044031841
Original commit date: Mon Dec 15 11:59:26 2025 +0000
Change-Id: Ibe2f3bac714420f50965d8e7f2f17e5137bca281
Original commit hash: 71b6258d2e1a7d879f0ce923f4b881b0593660fa

-------------------------------------------------------------------------------- 
[Changed Files]
Features/Audio/SndwDevTopologyFeaturePkg/AcpiTables/SndwDevTopologySt01Ssdt/AudioFunction_722_AMP.asl
Features/Audio/SndwDevTopologyFeaturePkg/AcpiTables/SndwDevTopologySt04Ssdt/AudioFunction_722_AMP.asl
PantherLakePlatSamplePkg/Setup/PchSetup.uni

================================================================================ 
Commit: 5d67a92c02ba5ba02b9d0c5e19f223cf4aab75fa 
Author: ClientSysFWGit <clientsysfwgit@intel.com> 
Date: Tue Jan 6 17:01:36 2026 +0530 
-------------------------------------------------------------------------------- 
Align NVME FSPMUPD values as in Board Package variable.

[Issue Description]
A conflict was identified due to incorrect hardcoded values.

[Resolution]
Updated NVME UPD value to align with the Board Package variable.

Package/Module: FspPkg

[Impacted Platform]
Default ALL

Hsd-es-id: 16029447276
Original commit date: Mon Dec 15 14:26:52 2025 +0530
Change-Id: I7cf2fed2ca13afd3bcd0edc08907c56c17677396
Original commit hash: 847de314862d59333d7104578ef32a33d23c7af8

-------------------------------------------------------------------------------- 
[Changed Files]
PantherLakeFspPkg/Upd/FspmUpd.dsc

================================================================================ 
Commit: 8cb731f67e7033e35d47812298c8e7bdcc0304a1 
Author: ClientSysFWGit <clientsysfwgit@intel.com> 
Date: Tue Jan 6 17:01:32 2026 +0530 
-------------------------------------------------------------------------------- 
Add HECI protocol dependency in PlatformMeUpdateHookLib

[Issue Description]
Failed to get CSME FW image type with customers' BIOS,
MeFwu->FwType() returns 0x1C error.
ImageTypeId in ME FMP reports a fallback/default one.

[Resolution]
PlatformFmpGetMeTypeIdGuidPtr() is invoked in FMP driver EntryPoint.
MeFwu->FwType inside this function is linked to FwUpdateLib which
leverages HECI protocol to accomplish the required action.
Add explicit HECI protocol dependency to ensure HECI protocol
is installed before invoking MeFwu->FwType().

Package/Module: PantherLakeBoardPkg/Features/CapsuleUpdate

[Impacted Platform]
All

Hsd-es-id: 16029413446
Original commit date: Mon Dec 15 16:17:35 2025 +0800
Change-Id: Ia740f500fd4d7a0153c598244bd6ffc01697dcbb
Original commit hash: 525b3f5fba8c43fc8756c39dee130d0bd3d03df6

-------------------------------------------------------------------------------- 
[Changed Files]
PantherLakeBoardPkg/Features/CapsuleUpdate/Library/PlatformMeUpdateHookLib/PlatformMeUpdateHookLib.inf

================================================================================ 
Commit: 1390b7d370364afd489b9e70e2f7ef9d9a61c0bd 
Author: ClientSysFWGit <clientsysfwgit@intel.com> 
Date: Tue Jan 6 17:01:28 2026 +0530 
-------------------------------------------------------------------------------- 
Add Intel die Info protocol

[Issue Description]
Missing cpu related Information

[Resolution]
Add Intel die Info protocol
Updated cpu Information

Package/Module:
BoardPkg
FspPKg

[Impacted Platform]
All

Hsd-es-id: 16029398523
Original commit date: Mon Nov 17 21:24:45 2025 +0530
Change-Id: I529cd954ff72f16ffff0400761300fb04fc00d51
Original commit hash: 83c362ae47d42226e6d1a75bcd24d922a873d153

-------------------------------------------------------------------------------- 
[Changed Files]
OneSiliconPkg/Fru/PtlCDie/DxeLib.dsc
OneSiliconPkg/Fru/PtlCDie/Library/PtlCpuInfoLib/DxePtlCpuInfoLib.c
OneSiliconPkg/Fru/PtlCDie/Library/PtlCpuInfoLib/DxePtlCpuInfoLib.inf
OneSiliconPkg/Fru/PtlCDie/Library/PtlCpuInfoLib/PeiPtlCpuInfoLib.c
OneSiliconPkg/Fru/PtlCDie/Library/PtlCpuInfoLib/PeiPtlCpuInfoLib.inf
OneSiliconPkg/Fru/PtlCDie/Library/PtlCpuInfoLib/PtlCpuInfoLibCommon.c
OneSiliconPkg/Include/Library/PtlCpuInfoLib.h
OneSiliconPkg/IpBlock/CpuInit/Dxe/CpuInitDxe.c
OneSiliconPkg/IpBlock/CpuInit/Dxe/CpuInitDxe.inf
OneSiliconPkg/Product/PantherLake/SiInit/Pei/SiInitPreMem.c
OneSiliconPkg/Product/PantherLake/SiInit/Pei/SiInitPreMem.inf
OneSiliconPkg/Product/PantherLake/SiPkgDxeLib.dsc
OneSiliconPkg/Product/PantherLake/SiPkgPeiLib.dsc

================================================================================ 
Commit: 17ae316681d01994d8e6f8616082e16223f43853 
Author: ClientSysFWGit <clientsysfwgit@intel.com> 
Date: Tue Jan 6 17:01:20 2026 +0530 
-------------------------------------------------------------------------------- 
"WCL WildcatLake_wildcatlake_family_Daily Daily Updating Version/ID: WildcatLake_3512_01

Hsd-es-id: N/A"
Original commit date: Tue Dec 16 23:35:41 2025 +0000
Original commit hash: fb53a8c8668b85a466a535bb232a8df65fcdce4e

-------------------------------------------------------------------------------- 
[Changed Files]
OneSiliconPkg/Product/PantherLake/SiPkgPcdInit.dsc
PantherLakeBoardPkg/BiosId.env

================================================================================ 
Commit: e56d0f87076b2209e8bb4bbf0c1af315f37a9710 
Author: ClientSysFWGit <clientsysfwgit@intel.com> 
Date: Tue Jan 6 17:01:15 2026 +0530 
-------------------------------------------------------------------------------- 
"PTL PantherLake_pantherlake_family_Daily Daily Updating Version/ID: PantherLake_3512_00

Hsd-es-id: N/A"
Original commit date: Tue Dec 16 18:36:11 2025 +0000
Original commit hash: 5e174387e22976744c66abe8392595a2f2d2113d

-------------------------------------------------------------------------------- 
[Changed Files]
OneSiliconPkg/Product/PantherLake/SiPkgPcdInit.dsc
PantherLakeBoardPkg/BiosId.env

================================================================================ 
Commit: dcd7e50abebdd982f444d22af2e5d918f5489b54 
Author: ClientSysFWGit <clientsysfwgit@intel.com> 
Date: Tue Jan 6 17:01:11 2026 +0530 
-------------------------------------------------------------------------------- 
Update MRC Release Notes and increment MRC build revision to 0.0.122.5

[Feature Description]
Updating MrcVersion.h and ReleaseNotes.

Package/Module:OneSiliconPkg/MemoryInit

[Impacted Platform]
All

Registers impacted: None

Hsd-es-id: 22018552565
Original commit date: Tue Dec 16 10:56:22 2025 +0000
Original commit hash: 51581351b52473b8c3649352a6c92dde4ce8880a

-------------------------------------------------------------------------------- 
[Changed Files]
OneSiliconPkg/IpBlock/MemoryInit/src/IncludePrivate/Ptl/MrcVersion.h

================================================================================ 
Commit: 4ca0f4788c9f4110446e6d90c9504eebb0588b73 
Author: ClientSysFWGit <clientsysfwgit@intel.com> 
Date: Tue Jan 6 17:01:07 2026 +0530 
-------------------------------------------------------------------------------- 
Update PeiMemory Base and Size in TISH_CONFIG_HOB

[Feature Description]
Update BiosPeiMemoryBaseAddress and BiosPeiMemoryLength
in TISH_CONFIG_HOB for Safe Loading BIOS (SLB) feature.

Package/Module:
OneSiliconPkg, PantherLakeBoardPkg

[Impacted Platform]
Default ALL.

Hsd-es-id: 16029431367
Original commit date: Mon Dec 15 11:51:46 2025 +0530
Change-Id: Ice198ffdd352b2d8eb46698bb5277bf97fb5fbbe
Original commit hash: 49394cf44c394a8ccb8431819863ae4be0ad4820

-------------------------------------------------------------------------------- 
[Changed Files]
OneSiliconPkg/Include/MemInfoHob.h
OneSiliconPkg/IpBlock/MemoryInit/LibraryPrivate/MemoryInitPtl.c
PantherLakeBoardPkg/Features/MemoryDiagnosticTest/PeiMemoryDiagnosticTestLib/PeiMemoryDiagnosticTest.c
PantherLakeBoardPkg/Features/MemoryDiagnosticTest/PeiMemoryDiagnosticTestLib/PeiMemoryDiagnosticTestLib.inf

================================================================================ 
Commit: 48a6db64d863ae33b68c75e762a7397594f33bb1 
Author: ClientSysFWGit <clientsysfwgit@intel.com> 
Date: Tue Jan 6 17:01:03 2026 +0530 
-------------------------------------------------------------------------------- 
"WCL WildcatLake_wildcatlake_family_Daily Daily Updating Version/ID: WildcatLake_3511_01

Hsd-es-id: N/A"
Original commit date: Mon Dec 15 23:36:04 2025 +0000
Original commit hash: 12ce390312d0c137b777f8965dcfcce5a9f6b933

-------------------------------------------------------------------------------- 
[Changed Files]
OneSiliconPkg/Product/PantherLake/SiPkgPcdInit.dsc
PantherLakeBoardPkg/BiosId.env

================================================================================ 
Commit: 2fc8603bfd4c0252761ef9e68a0c023c4928016a 
Author: ClientSysFWGit <clientsysfwgit@intel.com> 
Date: Tue Jan 6 17:00:59 2026 +0530 
-------------------------------------------------------------------------------- 
"PTL PantherLake_pantherlake_family_Daily Daily Updating Version/ID: PantherLake_3511_00

Hsd-es-id: N/A"
Original commit date: Mon Dec 15 18:36:40 2025 +0000
Original commit hash: 00290c632f6455f9dab1e2400f8d0ecfd5a0cc8d

-------------------------------------------------------------------------------- 
[Changed Files]
OneSiliconPkg/Product/PantherLake/SiPkgPcdInit.dsc
PantherLakeBoardPkg/BiosId.env

================================================================================ 
Commit: 17d8b0eb313711a8aa450b52e78c37dc22b38a35 
Author: ClientSysFWGit <clientsysfwgit@intel.com> 
Date: Tue Jan 6 17:00:55 2026 +0530 
-------------------------------------------------------------------------------- 
Update MRC Release Notes and increment MRC build revision to 0.0.122.4

[Feature Description]
Updating MrcVersion.h and ReleaseNotes.

Package/Module:OneSiliconPkg/MemoryInit

[Impacted Platform]
All

Registers impacted: None

Hsd-es-id: 22018552565
Original commit date: Mon Dec 15 15:31:37 2025 +0000
Original commit hash: 7129878aea8dfaa2fe7b28388877ff3e07dcfa22

-------------------------------------------------------------------------------- 
[Changed Files]
OneSiliconPkg/IpBlock/MemoryInit/src/IncludePrivate/Ptl/MrcVersion.h

================================================================================ 
Commit: 3ef639eae63c4c335d31c15842283353d1bba621 
Author: ClientSysFWGit <clientsysfwgit@intel.com> 
Date: Tue Jan 6 17:00:51 2026 +0530 
-------------------------------------------------------------------------------- 
Revert "Enable LP5 DQ/DQS Swizzle training in full BIOS"

[Feature Description]
Revert "Enable LP5 DQ/DQS Swizzle training in full BIOS"
Keep LP5 DQ/DQS Swizzle training enabled in MiniBIOS
for future debug purposes.

Package/Module: OneSiliconPkg/IpBlock/MemoryInit

[Impacted Platform]
All

Hsd-es-id: 18044030454
Original commit date: Fri Dec 12 18:10:41 2025 +0100
Change-Id: I18e449081174a47713aef93eca82ff9086e80292
Original commit hash: 34f578bb0c1360ac074571bc1a5802eb4f8d7b95

-------------------------------------------------------------------------------- 
[Changed Files]
OneSiliconPkg/IpBlock/MemoryInit/src/ApiLib/BlueMrcGeneral.c

================================================================================ 
Commit: 67dbaebe3ec43f082246cf9d2a80b28d6ec89352 
Author: ClientSysFWGit <clientsysfwgit@intel.com> 
Date: Tue Jan 6 17:00:48 2026 +0530 
-------------------------------------------------------------------------------- 
Update MRC Release Notes and increment MRC build revision to 0.0.122.3

[Feature Description]
Updating MrcVersion.h and ReleaseNotes.

Package/Module:OneSiliconPkg/MemoryInit

[Impacted Platform]
All

Registers impacted: None

Hsd-es-id: 22018552565
Original commit date: Mon Dec 15 14:39:45 2025 +0000
Original commit hash: 252600628e7d1b12b2490155a107a53954743b68

-------------------------------------------------------------------------------- 
[Changed Files]
OneSiliconPkg/IpBlock/MemoryInit/src/IncludePrivate/Ptl/MrcVersion.h

================================================================================ 
Commit: ad26c1263cdb4228949fe6009330e2d9b2e41cc0 
Author: ClientSysFWGit <clientsysfwgit@intel.com> 
Date: Tue Jan 6 17:00:39 2026 +0530 
-------------------------------------------------------------------------------- 
Update MRC Release Notes and increment MRC build revision to 0.0.122.2

[Feature Description]
Updating MrcVersion.h and ReleaseNotes.

Package/Module:OneSiliconPkg/MemoryInit

[Impacted Platform]
All

Registers impacted: None

Hsd-es-id: 22018552565
Original commit date: Mon Dec 15 13:39:53 2025 +0000
Original commit hash: e29d741b10f5c07b612998b66e1fe35299c6ef42

-------------------------------------------------------------------------------- 
[Changed Files]
OneSiliconPkg/IpBlock/MemoryInit/src/IncludePrivate/Ptl/MrcVersion.h
OneSiliconPkg/IpBlock/MemoryInit/src/UcManagement/Ptl/MrcUcPayloadData.c

================================================================================ 
Commit: 5710961926695017c10a544e9616debadf839834 
Author: ClientSysFWGit <clientsysfwgit@intel.com> 
Date: Tue Jan 6 17:00:32 2026 +0530 
-------------------------------------------------------------------------------- 
"WCL WildcatLake_wildcatlake_family_Daily Daily Updating Version/ID: WildcatLake_3510_01

Hsd-es-id: N/A"
Original commit date: Sun Dec 14 23:36:17 2025 +0000
Original commit hash: d23a8ef85171b38a9623567d8de274854a0d7652

-------------------------------------------------------------------------------- 
[Changed Files]
OneSiliconPkg/Product/PantherLake/SiPkgPcdInit.dsc
PantherLakeBoardPkg/BiosId.env

================================================================================ 
Commit: 8d21595c3413108a651294e65600510b48af4037 
Author: ClientSysFWGit <clientsysfwgit@intel.com> 
Date: Tue Jan 6 17:00:28 2026 +0530 
-------------------------------------------------------------------------------- 
"PTL PantherLake_pantherlake_family_Daily Daily Updating Version/ID: PantherLake_3510_00

Hsd-es-id: N/A"
Original commit date: Sun Dec 14 18:35:06 2025 +0000
Original commit hash: 44975661c400a3c93d8a2b3f943f3808052aba98

-------------------------------------------------------------------------------- 
[Changed Files]
OneSiliconPkg/Product/PantherLake/SiPkgPcdInit.dsc
PantherLakeBoardPkg/BiosId.env

================================================================================ 
Commit: 4a90880a770915d3136923a95a76f3ba0299bc69 
Author: ClientSysFWGit <clientsysfwgit@intel.com> 
Date: Tue Jan 6 17:00:24 2026 +0530 
-------------------------------------------------------------------------------- 
"WCL WildcatLake_wildcatlake_family_Daily Daily Updating Version/ID: WildcatLake_3506_01

Hsd-es-id: N/A"
Original commit date: Sat Dec 13 23:34:15 2025 +0000
Original commit hash: a8af8f72b4ba40e475fe6d0a7608c7715ed5bae8

-------------------------------------------------------------------------------- 
[Changed Files]
OneSiliconPkg/Product/PantherLake/SiPkgPcdInit.dsc
PantherLakeBoardPkg/BiosId.env

================================================================================ 
Commit: fd06ba15a05ba3d26d4c85811e73720640070e18 
Author: ClientSysFWGit <clientsysfwgit@intel.com> 
Date: Tue Jan 6 17:00:20 2026 +0530 
-------------------------------------------------------------------------------- 
"PTL PantherLake_pantherlake_family_Daily Daily Updating Version/ID: PantherLake_3506_00

Hsd-es-id: N/A"
Original commit date: Sat Dec 13 18:37:04 2025 +0000
Original commit hash: 85e0834d9dc8fb76da0bd5d7dd97ae35a9b31f58

-------------------------------------------------------------------------------- 
[Changed Files]
OneSiliconPkg/Product/PantherLake/SiPkgPcdInit.dsc
PantherLakeBoardPkg/BiosId.env

================================================================================ 
Commit: f0c7ba124a2c3538e9214b57e64199f6ee572d8a 
Author: ClientSysFWGit <clientsysfwgit@intel.com> 
Date: Tue Jan 6 17:00:16 2026 +0530 
-------------------------------------------------------------------------------- 
"WCL WildcatLake_wildcatlake_family_Daily Daily Updating Version/ID: WildcatLake_3505_01

Hsd-es-id: N/A"
Original commit date: Fri Dec 12 23:34:42 2025 +0000
Original commit hash: 2476d2817bf4d44dfcf309e146ecb12fbca1b7de

-------------------------------------------------------------------------------- 
[Changed Files]
OneSiliconPkg/Product/PantherLake/SiPkgPcdInit.dsc
PantherLakeBoardPkg/BiosId.env

================================================================================ 
Commit: a26c1794828711ce91b3693974072a42e1198a63 
Author: ClientSysFWGit <clientsysfwgit@intel.com> 
Date: Tue Jan 6 17:00:12 2026 +0530 
-------------------------------------------------------------------------------- 
"PTL PantherLake_pantherlake_family_Daily Daily Updating Version/ID: PantherLake_3505_00

Hsd-es-id: N/A"
Original commit date: Fri Dec 12 18:35:53 2025 +0000
Original commit hash: c23df98ee3e0de2574a529256d79f76ab99b0cc2

-------------------------------------------------------------------------------- 
[Changed Files]
OneSiliconPkg/Product/PantherLake/SiPkgPcdInit.dsc
PantherLakeBoardPkg/BiosId.env

================================================================================ 
Commit: 019c578f543dea4a3a41395be3e87fc8f6547517 
Author: ClientSysFWGit <clientsysfwgit@intel.com> 
Date: Tue Jan 6 17:00:08 2026 +0530 
-------------------------------------------------------------------------------- 
OneClickRecovery: Enable WiFi Profile Sync independent of OCR

[Feature Description]
Control the OCR code load from OcrEnable Pcd so if WPS is enabled
and OCR is not, WPS will still be loaded and utilized.
Enable the One Click Recovery WiFi Profile Sync capability bit in
ME SMBIOS OEM Capabilities 4 structure.

Package/Module: OneClickRecoveryFeaturePkg

[Impacted Platform]
ALL

Hsd-es-id: 14026457445
Original commit date: Mon Nov 17 11:41:32 2025 -0800
Change-Id: I04312d72db52d81ddd86909d866399d376f2af1f
Original commit hash: f6b0f5bd62782fb43ecabf3078ae54426dc67474

-------------------------------------------------------------------------------- 
[Changed Files]
Features/Manageability/OneClickRecoveryFeaturePkg/Include/Fdf/OneClickRecoveryFeature.fdf
Features/Manageability/OneClickRecoveryFeaturePkg/Include/Protocol/OneClickRecoveryProtocol.h
Features/Manageability/OneClickRecoveryFeaturePkg/OneClickRecovery/OneClickRecovery.c
Features/Manageability/OneClickRecoveryFeaturePkg/ReadMe.md
Features/Manageability/OneClickRecoveryFeaturePkg/WifiProfileSync/WifiProfileSync.c
OneSiliconPkg/Include/MeSmbios.h
PantherLakeBoardPkg/BoardPkg.fdf
PantherLakeBoardPkg/Features/Me/MeSmbiosUpdateConfigDxe/MeSmbiosUpdateConfig.c
PantherLakeBoardPkg/Features/Me/MeSmbiosUpdateConfigDxe/MeSmbiosUpdateConfigDxe.inf

================================================================================ 
Commit: 59d8d9633d5ce6a36e79198ab96bdaba8f2a600e 
Author: ClientSysFWGit <clientsysfwgit@intel.com> 
Date: Tue Jan 6 17:00:04 2026 +0530 
-------------------------------------------------------------------------------- 
"WCL WildcatLake_wildcatlake_family_Daily Daily Updating Version/ID: WildcatLake_3504_01

Hsd-es-id: N/A"
Original commit date: Thu Dec 11 23:34:56 2025 +0000
Original commit hash: 2311ed74d05c217eb1adc686b1cffeaf498779ac

-------------------------------------------------------------------------------- 
[Changed Files]
OneSiliconPkg/Product/PantherLake/SiPkgPcdInit.dsc
PantherLakeBoardPkg/BiosId.env

================================================================================ 
Commit: 0d8b592add78c6180daf1adbd4e35b6366176888 
Author: ClientSysFWGit <clientsysfwgit@intel.com> 
Date: Tue Jan 6 17:00:00 2026 +0530 
-------------------------------------------------------------------------------- 
"PTL PantherLake_pantherlake_family_Daily Daily Updating Version/ID: PantherLake_3504_00

Hsd-es-id: N/A"
Original commit date: Thu Dec 11 18:38:45 2025 +0000
Original commit hash: 6a392d017b71992f4200ba60676e4528a23c5ed1

-------------------------------------------------------------------------------- 
[Changed Files]
OneSiliconPkg/Product/PantherLake/SiPkgPcdInit.dsc
PantherLakeBoardPkg/BiosId.env

================================================================================ 
Commit: d4fd19e588baa0838825b7becaa8bd4400821faf 
Author: ClientSysFWGit <clientsysfwgit@intel.com> 
Date: Tue Jan 6 16:59:57 2026 +0530 
-------------------------------------------------------------------------------- 
Update MRC Release Notes and increment MRC build revision to 0.0.122.1

[Feature Description]
Updating MrcVersion.h and ReleaseNotes.

Package/Module:OneSiliconPkg/MemoryInit

[Impacted Platform]
All

Registers impacted: None

Hsd-es-id: 22018552565
Original commit date: Thu Dec 11 12:57:04 2025 +0000
Original commit hash: 233e0ed189f92457f80b0112b8fc2a98349b9345

-------------------------------------------------------------------------------- 
[Changed Files]
OneSiliconPkg/IpBlock/MemoryInit/src/IncludePrivate/Ptl/MrcVersion.h
OneSiliconPkg/IpBlock/MemoryInit/src/UcManagement/Ptl/MrcUcPayloadData.c

================================================================================ 
Commit: 4975c475436da6b07f17491d3453cef1a41328c9 
Author: ClientSysFWGit <clientsysfwgit@intel.com> 
Date: Tue Jan 6 16:59:49 2026 +0530 
-------------------------------------------------------------------------------- 
Audio based on Disco table update required for ALC1320-MP ALC1320-ES1

[Issue Description]
Audio is not working as expected.

[Resolution]
Updated existing Disco tables with new data provided by Audio team.

Package/Module: Features

[Impacted Platform]
GCS, ADK

Hsd-es-id: 16029285031
Original commit date: Wed Nov 19 14:18:33 2025 +0530
Change-Id: I926d582e361af9426579cf12d44cc38344f692a3
Original commit hash: 1126f504bf4f8f0aaa98b45987f51e88e6fbbc84

-------------------------------------------------------------------------------- 
[Changed Files]
Features/Audio/SndwDevTopologyFeaturePkg/AcpiTables/SndwDevTopologySt06Ssdt/AudioComposition_712VB_1320.asl
Features/Audio/SndwDevTopologyFeaturePkg/AcpiTables/SndwDevTopologySt06Ssdt/AudioFunction_1320_SPK.asl
Features/Audio/SndwDevTopologyFeaturePkg/AcpiTables/SndwDevTopologySt06Ssdt/AudioFunction_712VB_HID.asl
Features/Audio/SndwDevTopologyFeaturePkg/AcpiTables/SndwDevTopologySt06Ssdt/AudioFunction_712VB_MIC_4CH_VAD.asl
Features/Audio/SndwDevTopologyFeaturePkg/AcpiTables/SndwDevTopologySt06Ssdt/AudioFunction_712VB_UAJ.asl
Features/Audio/SndwDevTopologyFeaturePkg/AcpiTables/SndwDevTopologySt06Ssdt/Peripheral_1320.asl
Features/Audio/SndwDevTopologyFeaturePkg/AcpiTables/SndwDevTopologySt06Ssdt/Peripheral_712VB.asl
Features/Audio/SndwDevTopologyFeaturePkg/AcpiTables/SndwDevTopologySt06Ssdt/SndwDevTopologySt06Ssdt.asl

================================================================================ 
Commit: 15b732cd6249bfa5bae7baf102e1823faa854615 
Author: ClientSysFWGit <clientsysfwgit@intel.com> 
Date: Tue Jan 6 16:59:45 2026 +0530 
-------------------------------------------------------------------------------- 
"WCL WildcatLake_wildcatlake_family_Daily Daily Updating Version/ID: WildcatLake_3503_01

Hsd-es-id: N/A"
Original commit date: Wed Dec 10 23:36:29 2025 +0000
Original commit hash: 45804aedd8fc65e52e4f8bde16882a0f744bac5b

-------------------------------------------------------------------------------- 
[Changed Files]
OneSiliconPkg/Product/PantherLake/SiPkgPcdInit.dsc
PantherLakeBoardPkg/BiosId.env

================================================================================ 
Commit: d8e4190a8d5952d0ab0f3260fec9578deb56a98b 
Author: ClientSysFWGit <clientsysfwgit@intel.com> 
Date: Tue Jan 6 16:59:42 2026 +0530 
-------------------------------------------------------------------------------- 
SUT hangs at PC A700 with CAT error with debug BIOS

[Issue Description]
Hang is observed during TXT ACM launch.

[Resolution]
Avoid using PEI services after copying ACM to TEMPRAM

Package/Module:
OneSiliconPkg

[Impacted Platform]
All

Hsd-es-id: 14026589450
Original commit date: Mon Dec 8 15:12:24 2025 -0800
Change-Id: I51687ffdfba8464eaccb9226f56914a7150255ee
Original commit hash: 5f50dd198501dd6e2c551596f4057e596b204cb0

-------------------------------------------------------------------------------- 
[Changed Files]
OneSiliconPkg/IpBlock/Txt/LibraryPrivate/PeiTxtLib/TxtPeiLib.c

================================================================================ 
Commit: 3eea570cb7a1f5f3272ea182f079b0d583b3db0f 
Author: ClientSysFWGit <clientsysfwgit@intel.com> 
Date: Tue Jan 6 16:59:38 2026 +0530 
-------------------------------------------------------------------------------- 
"PTL PantherLake_pantherlake_family_Daily Daily Updating Version/ID: PantherLake_3503_00

Hsd-es-id: N/A"
Original commit date: Wed Dec 10 18:37:07 2025 +0000
Change-Id: I1a8c055be91809f0d125e6ba536724fb14d16d7b
Original commit hash: a87e64653245f60c5ddc9d10eaebdf70e2f6c600

-------------------------------------------------------------------------------- 
[Changed Files]
PantherLakeBoardPkg/BiosId.env

================================================================================ 
Commit: 552fb9da44a8e282101ad6e578128af84151bf89 
Author: ClientSysFWGit <clientsysfwgit@intel.com> 
Date: Tue Jan 6 16:59:34 2026 +0530 
-------------------------------------------------------------------------------- 
Update MRC Green Payload for MRC build revision 0.0.122.0

[Feature Description]
Updating MrcVersion.h and ReleaseNotes.

Package/Module:OneSiliconPkg/MemoryInit

[Impacted Platform]
All

Registers impacted: None

Hsd-es-id: 22018552565
Original commit date: Wed Dec 10 06:54:06 2025 -0800
Original commit hash: 93f0ebf520fcb06ba4bf08581ff8e89f5209a316

-------------------------------------------------------------------------------- 
[Changed Files]
OneSiliconPkg/IpBlock/MemoryInit/src/UcManagement/Ptl/MrcUcPayloadData.c

================================================================================ 
Commit: 78be5e8d8fc9a21bee8005f84a5768a60b1a3cb0 
Author: ClientSysFWGit <clientsysfwgit@intel.com> 
Date: Tue Jan 6 16:59:30 2026 +0530 
-------------------------------------------------------------------------------- 
PTL MRC increment 0.0.122.0

[Feature Description]
Update Program-P Platform BIOS with Program-P MRC drop 0.0.122.0.

Package/Module: OneSiliconPkg/IpBlock/MemoryInit

[Impacted Platform]
All

Hsd-es-id: 18044009468
Original commit date: Wed Dec 3 12:00:56 2025 +0100
Change-Id: I66fc89353bc073df43100a314c37383d19b618c1
Original commit hash: b23d2bcff27fed2930503105c5e99d0b0bb22bab

-------------------------------------------------------------------------------- 
[Changed Files]
OneSiliconPkg/IpBlock/MemoryInit/src/ApiLib/BlueMrcGeneral.c
OneSiliconPkg/IpBlock/MemoryInit/src/DdrIoLib/Ptl/MrcDdrIoPtl.h
OneSiliconPkg/IpBlock/MemoryInit/src/IncludePrivate/Ptl/MrcVersion.h
OneSiliconPkg/IpBlock/MemoryInit/src/ServicesLib/MrcCommon.h
OneSiliconPkg/IpBlock/MemoryInit/src/UcManagement/Ptl/MrcUcPayloadData.c

================================================================================ 
Commit: cbbc64bef39cc409ca07d7f46a28f6ce5be8710e 
Author: ClientSysFWGit <clientsysfwgit@intel.com> 
Date: Tue Jan 6 16:59:26 2026 +0530 
-------------------------------------------------------------------------------- 
Revert "Fix S4 wake failure when a additional reset occurs during S4 wake"

[Issue Description]
USB Ports are not working with RPMC BIOS v3502_02

[Resolution]
Reverted commit causing the failure

Package/Module: Features/Crashlog

[Impacted Platform]
ALL

Hsd-es-id: 16029433277
Original commit date: Sat Dec 20 11:05:56 2025 +0530
Change-Id: I81a346bdbcbf8e28702c54dee39832e3efdc3dce
Original commit hash: 676f48c453416592765361fed80439c9932e9eca

-------------------------------------------------------------------------------- 
[Changed Files]
PantherLakeBoardPkg/Features/CrashLog/Agent/CpuCrashLogAgent/CpuCrashLogPei.c
PantherLakeBoardPkg/Features/CrashLog/Agent/SocCrashLogAgent/SocCrashLogPei.c

================================================================================ 
Commit: 4a023a744338a178538970537b3b1527db2e74a4 
Author: ClientSysFWGit <clientsysfwgit@intel.com> 
Date: Tue Jan 6 16:59:22 2026 +0530 
-------------------------------------------------------------------------------- 
Reapply "[TXT] Don't Relocate SACM if no LLC"

This reverts commit ff834ca5eafd2753cf43c138a23e1a32099518e4.

Sat Dec 20 10:51:16 2025 +0530
Original commit date: Sat Dec 20 10:51:16 2025 +0530
Original commit hash: bbaa0339915230be455f3fe5ac812beaa93ec39b

-------------------------------------------------------------------------------- 
[Changed Files]
OneSiliconPkg/IpBlock/Txt/LibraryPrivate/PeiTxtLib/TxtPeiLib.c

================================================================================ 
Commit: da1cc8a62eac826e9da83af10195c3434891bd14 
Author: ClientSysFWGit <clientsysfwgit@intel.com> 
Date: Tue Jan 6 16:59:18 2026 +0530 
-------------------------------------------------------------------------------- 
"WCL WildcatLake_wildcatlake_program_platform_Daily Daily Updating Version/ID: WildcatLake_3502_02

Hsd-es-id: N/A"
Original commit date: Wed Dec 10 10:17:16 2025 +0000
Original commit hash: 4a2074b5ea57d723f82f9282a16e2b117df2ec43

-------------------------------------------------------------------------------- 
[Changed Files]
OneSiliconPkg/Product/PantherLake/SiPkgPcdInit.dsc
PantherLakeBoardPkg/BiosId.env

================================================================================ 
Commit: d5b4d5fe65ece553ff616bd69eb01a97df251189 
Author: ClientSysFWGit <clientsysfwgit@intel.com> 
Date: Tue Jan 6 16:59:14 2026 +0530 
-------------------------------------------------------------------------------- 
Revert "[TXT] Don't Relocate SACM if no LLC"

[Issue Description]
With debug BIOS + TXT enable : SUT hangs at PC A700 with CAT error.

[Resolution]
Reverted commit causing the failure

Package/Module: Intel/OneSiliconPkg/IpBlock/Txt/LibraryPrivate/PeiTxtLib

[Impacted Platform]
ALL

Hsd-es-id: 16029378297
Original commit date: Wed Dec 10 10:09:57 2025 +0530
Change-Id: I3b92e272bb7d5f6ff0c916df63ba1de515478e98
Original commit hash: ff834ca5eafd2753cf43c138a23e1a32099518e4

-------------------------------------------------------------------------------- 
[Changed Files]
OneSiliconPkg/IpBlock/Txt/LibraryPrivate/PeiTxtLib/TxtPeiLib.c

================================================================================ 
Commit: 08ccc7c52ef4a2e5bd777be0eec77b867d67a1d4 
Author: ClientSysFWGit <clientsysfwgit@intel.com> 
Date: Tue Jan 6 16:59:10 2026 +0530 
-------------------------------------------------------------------------------- 
"WCL WildcatLake_wildcatlake_family_Daily Daily Updating Version/ID: WildcatLake_3502_01

Hsd-es-id: N/A"
Original commit date: Tue Dec 9 23:36:07 2025 +0000
Original commit hash: 34a697ded950a99d308952e275ef3c97deda60df

-------------------------------------------------------------------------------- 
[Changed Files]
OneSiliconPkg/Product/PantherLake/SiPkgPcdInit.dsc
PantherLakeBoardPkg/BiosId.env

================================================================================ 
Commit: be7f4c1715ab6847b6daba1a97def6e246fa573d 
Author: ClientSysFWGit <clientsysfwgit@intel.com> 
Date: Tue Jan 6 16:59:07 2026 +0530 
-------------------------------------------------------------------------------- 
"PTL PantherLake_pantherlake_family_Daily Daily Updating Version/ID: PantherLake_3502_00

Hsd-es-id: N/A"
Original commit date: Tue Dec 9 18:36:33 2025 +0000
Original commit hash: 01dcd9f55ed2f933cfe1597d2bf6bbbc0cffd0b2

-------------------------------------------------------------------------------- 
[Changed Files]
OneSiliconPkg/Product/PantherLake/SiPkgPcdInit.dsc
PantherLakeBoardPkg/BiosId.env

================================================================================ 
Commit: 2b03b6610c6ad9dca7a6694e66218f9527e8f053 
Author: ClientSysFWGit <clientsysfwgit@intel.com> 
Date: Tue Jan 6 16:59:03 2026 +0530 
-------------------------------------------------------------------------------- 
"WCL WildcatLake_wildcatlake_family_Daily Daily Updating Version/ID: WildcatLake_3501_01

Hsd-es-id: N/A"
Original commit date: Mon Dec 8 23:36:14 2025 +0000
Original commit hash: 771617041dcbeaf3369c4ac892a509a59b93e23d

-------------------------------------------------------------------------------- 
[Changed Files]
OneSiliconPkg/Product/PantherLake/SiPkgPcdInit.dsc
PantherLakeBoardPkg/BiosId.env

================================================================================ 
Commit: 1a473e95bff82bafed490a57f5b3c68ca4256d53 
Author: ClientSysFWGit <clientsysfwgit@intel.com> 
Date: Tue Jan 6 16:58:55 2026 +0530 
-------------------------------------------------------------------------------- 
Update MRC Release Notes and increment MRC build revision to 0.0.120.1

[Feature Description]
Updating MrcVersion.h and ReleaseNotes.

Package/Module:OneSiliconPkg/MemoryInit

[Impacted Platform]
All

Registers impacted: None

Hsd-es-id: 22018552565
Original commit date: Mon Dec 8 19:11:52 2025 +0000
Original commit hash: becfd36a3af32cf0f44a58cb704b7b3376d48ebb

-------------------------------------------------------------------------------- 
[Changed Files]
OneSiliconPkg/IpBlock/MemoryInit/src/IncludePrivate/Ptl/MrcVersion.h
OneSiliconPkg/IpBlock/MemoryInit/src/UcManagement/Ptl/MrcUcPayloadData.c

================================================================================ 
Commit: 6268794960133b91ba35ade5b93f0148a11a5370 
Author: ClientSysFWGit <clientsysfwgit@intel.com> 
Date: Tue Jan 6 16:58:51 2026 +0530 
-------------------------------------------------------------------------------- 
"PTL PantherLake_pantherlake_family_Daily Daily Updating Version/ID: PantherLake_3501_00

Hsd-es-id: N/A"
Original commit date: Mon Dec 8 18:37:06 2025 +0000
Original commit hash: 85c0f70b695f2747690046b1c61701d1e3a6e6cb

-------------------------------------------------------------------------------- 
[Changed Files]
OneSiliconPkg/Product/PantherLake/SiPkgPcdInit.dsc
PantherLakeBoardPkg/BiosId.env

================================================================================ 
Commit: 424fd6e5469210faf515fab58aaf957b11960cd0 
Author: ClientSysFWGit <clientsysfwgit@intel.com> 
Date: Tue Jan 6 16:58:47 2026 +0530 
-------------------------------------------------------------------------------- 
LP5 DRAM Rx Offset Calibration flow update

[Feature Description]
1. Move DimmRxOffsetCalibration in the call table to be right before UMWRTC1D.
2. Observe tOSCal properly
3. Use Outputs->LpX instead of MR8 readout
4. Set DQ ODT to RZQ/6 during the training, per JEDEC spec.
5. Run Rx Offset Calibration Training on one rank at a time.
6. Properly restore MR15 on each device.
7. Keep WCK on if it was in always-on mode before this training.
8. Remove the recentering as it's not possible to do it in the early stage
 and also when this will run as part of JEDEC init on Fast flow (not part of this PR).
9. Rerun RxOCC on subsequent JEDEC Resets
10. Move the calibration routine from MrcCrosser.c to MrcLpddr5.c to share the code
 between Blue and Green.
11. Enable RxOCC by default, only on 9600 and above.

Package/Module: MemoryInit

[Impacted Platform]
All

Hsd-es-id: 18044017019
Original commit date: Mon Dec 8 14:19:42 2025 +0100
Change-Id: I2095804548d96679343968a35cd45a67a7c2e04d
Original commit hash: 9031957f54bac74f2de52a2abcb3458475029263

-------------------------------------------------------------------------------- 
[Changed Files]
OneSiliconPkg/IpBlock/MemoryInit/Include/CMrcInterface.h
OneSiliconPkg/IpBlock/MemoryInit/Library/PeiMemPolicyLib/InputBlock/Ptl/MrcInputBlock.c
OneSiliconPkg/IpBlock/MemoryInit/src/JedecLib/Lpddr5/BlueMrcLpddr5.c
OneSiliconPkg/IpBlock/MemoryInit/src/MemoryTypes/MrcLpddr5.c
OneSiliconPkg/IpBlock/MemoryInit/src/MemoryTypes/MrcLpddr5.h
OneSiliconPkg/IpBlock/MemoryInit/src/MemoryTypes/MrcLpddr5Registers.h
OneSiliconPkg/IpBlock/MemoryInit/src/ServicesLib/BlueMrcReset.c
OneSiliconPkg/IpBlock/MemoryInit/src/ServicesLib/MrcCrosser.h
PantherLakeBoardPkg/Include/Dsc/HiiStructurePcd.dsc
PantherLakeFspPkg/Library/PeiPolicyUpdatePreMemLib/PeiSaPolicyUpdatePreMem.c
PantherLakeFspPkg/Upd/FspmUpd.dsc
PantherLakeFspPkg/Upd/UpdList/FSPM.txt
PantherLakePlatSamplePkg/Include/SetupVariable.h
PantherLakePlatSamplePkg/Library/PeiPolicyUpdateLib/PeiSaPolicyUpdatePreMem.c
PantherLakePlatSamplePkg/Setup/SaSetup.hfr
PantherLakePlatSamplePkg/Setup/SaSetup.uni

================================================================================ 
Commit: cb46f485a6dc04e10f1711e21aff6f3ef9fb240e 
Author: ClientSysFWGit <clientsysfwgit@intel.com> 
Date: Tue Jan 6 16:58:41 2026 +0530 
-------------------------------------------------------------------------------- 
"WCL WildcatLake_wildcatlake_family_Daily Daily Updating Version/ID: WildcatLake_3500_01

Hsd-es-id: N/A"
Original commit date: Sun Dec 7 23:35:55 2025 +0000
Original commit hash: 0a5b037aea8cf431d3c4f855222dd151e766bb05

-------------------------------------------------------------------------------- 
[Changed Files]
OneSiliconPkg/Product/PantherLake/SiPkgPcdInit.dsc
PantherLakeBoardPkg/BiosId.env

================================================================================ 
Commit: ca356b7a026ffdddeda5948c05bff3de353876b6 
Author: ClientSysFWGit <clientsysfwgit@intel.com> 
Date: Tue Jan 6 16:58:38 2026 +0530 
-------------------------------------------------------------------------------- 
"PTL PantherLake_pantherlake_family_Daily Daily Updating Version/ID: PantherLake_3500_00

Hsd-es-id: N/A"
Original commit date: Sun Dec 7 18:35:40 2025 +0000
Original commit hash: 8cd5929a6c182bcce737933ce3fb4769378799fb

-------------------------------------------------------------------------------- 
[Changed Files]
OneSiliconPkg/Product/PantherLake/SiPkgPcdInit.dsc
PantherLakeBoardPkg/BiosId.env

================================================================================ 
Commit: 06548180651174cedcf981679241cbc4588ab1a3 
Author: ClientSysFWGit <clientsysfwgit@intel.com> 
Date: Tue Jan 6 16:58:34 2026 +0530 
-------------------------------------------------------------------------------- 
"WCL WildcatLake_wildcatlake_family_Daily Daily Updating Version/ID: WildcatLake_3496_01

Hsd-es-id: N/A"
Original commit date: Sat Dec 6 23:34:05 2025 +0000
Original commit hash: 2b7111f42ed23f66a7b91e80c38cac8de51c45d7

-------------------------------------------------------------------------------- 
[Changed Files]
OneSiliconPkg/Product/PantherLake/SiPkgPcdInit.dsc
PantherLakeBoardPkg/BiosId.env

================================================================================ 
Commit: db9bf43ac4c9642479c09ac8036e3f2c6efd2442 
Author: ClientSysFWGit <clientsysfwgit@intel.com> 
Date: Tue Jan 6 16:58:30 2026 +0530 
-------------------------------------------------------------------------------- 
"PTL PantherLake_pantherlake_family_Daily Daily Updating Version/ID: PantherLake_3496_00

Hsd-es-id: N/A"
Original commit date: Sat Dec 6 18:35:35 2025 +0000
Original commit hash: 1d40ea75db1b7ed738706e0605bc2d6e9c25d03e

-------------------------------------------------------------------------------- 
[Changed Files]
OneSiliconPkg/Product/PantherLake/SiPkgPcdInit.dsc
PantherLakeBoardPkg/BiosId.env

================================================================================ 
Commit: f46c26ad4e0676d5f5b7aa851838c8dd5954a0b0 
Author: ClientSysFWGit <clientsysfwgit@intel.com> 
Date: Tue Jan 6 16:58:26 2026 +0530 
-------------------------------------------------------------------------------- 
"WCL WildcatLake_wildcatlake_family_Daily Daily Updating Version/ID: WildcatLake_3495_01

Hsd-es-id: N/A"
Original commit date: Fri Dec 5 23:36:17 2025 +0000
Original commit hash: 313f22be3451a5a4a099cd08359f9b88cd63da5f

-------------------------------------------------------------------------------- 
[Changed Files]
OneSiliconPkg/Product/PantherLake/SiPkgPcdInit.dsc
PantherLakeBoardPkg/BiosId.env

================================================================================ 
Commit: aa26e8f0d64e63ddb92c1e27f9f08da3fbf2313c 
Author: ClientSysFWGit <clientsysfwgit@intel.com> 
Date: Tue Jan 6 16:58:18 2026 +0530 
-------------------------------------------------------------------------------- 
"PTL PantherLake_pantherlake_family_Daily Daily Updating Version/ID: PantherLake_3495_00

Hsd-es-id: N/A"
Original commit date: Fri Dec 5 18:38:22 2025 +0000
Original commit hash: 3e3eeea4bc35fe780e6ff256e6525494f7fa2116

-------------------------------------------------------------------------------- 
[Changed Files]
OneSiliconPkg/Product/PantherLake/SiPkgPcdInit.dsc
PantherLakeBoardPkg/BiosId.env

================================================================================ 
Commit: 558757645a21731f1d1ce8d19de6bd1eeea13466 
Author: ClientSysFWGit <clientsysfwgit@intel.com> 
Date: Tue Jan 6 16:58:14 2026 +0530 
-------------------------------------------------------------------------------- 
Unable to get GOP debug logs in API mode

[Issue Description]
In API mode, the GOP debug logs are not being captured or displayed as expected.

[Resolution]
In API mode, the GOP debug logs are not being captured or displayed as expected.

Package/Module: FspPkg

[Impacted Platform]
Default ALL

Hsd-es-id: 15018674214
Original commit date: Thu Dec 4 17:37:12 2025 +0530
Change-Id: If590c8207b0de627100a06fa66431836b497d1bd
Original commit hash: 8e4bf2bf3dad2e75189345069778b135de285004

-------------------------------------------------------------------------------- 
[Changed Files]
OneSiliconPkg/Fsp/FspInit/Pei/FspInit.c
OneSiliconPkg/Fsp/FspInit/Pei/FspInit.h
OneSiliconPkg/Fsp/FspInit/Pei/FspInit.inf
OneSiliconPkg/Fsp/FspInit/Pei/FspInitPreMem.c
OneSiliconPkg/Fsp/FspInit/Pei/FspInitPreMem.h
OneSiliconPkg/Fsp/FspInit/Pei/FspInitPreMem.inf
OneSiliconPkg/Fsp/Library/MonoStatusCode/MonoStatusCode.c
OneSiliconPkg/Fsp/Library/MonoStatusCode/MonoStatusCode.inf

================================================================================ 
Commit: 2ce2e06b6a9dff07ac1fb084ee71115ddcf47e4c 
Author: ClientSysFWGit <clientsysfwgit@intel.com> 
Date: Tue Jan 6 16:58:10 2026 +0530 
-------------------------------------------------------------------------------- 
"WCL WildcatLake_wildcatlake_family_Daily Daily Updating Version/ID: WildcatLake_3494_01

Hsd-es-id: N/A"
Original commit date: Thu Dec 4 23:36:03 2025 +0000
Original commit hash: ae5723e09a9183c23ab48f983cd09c82712dc08f

-------------------------------------------------------------------------------- 
[Changed Files]
OneSiliconPkg/Product/PantherLake/SiPkgPcdInit.dsc
PantherLakeBoardPkg/BiosId.env

================================================================================ 
Commit: 7240238e4e7182960c71e69a81a640858b64fb0f 
Author: ClientSysFWGit <clientsysfwgit@intel.com> 
Date: Tue Jan 6 16:58:06 2026 +0530 
-------------------------------------------------------------------------------- 
"PTL PantherLake_pantherlake_family_Daily Daily Updating Version/ID: PantherLake_3494_00

Hsd-es-id: N/A"
Original commit date: Thu Dec 4 18:37:15 2025 +0000
Original commit hash: a7e06d98c2c5b7f279dd5aa2dbf122cb3dcde61b

-------------------------------------------------------------------------------- 
[Changed Files]
OneSiliconPkg/Product/PantherLake/SiPkgPcdInit.dsc
PantherLakeBoardPkg/BiosId.env

================================================================================ 
Commit: c63a145d537359dfcc3a9122edeecf38bbff85db 
Author: ClientSysFWGit <clientsysfwgit@intel.com> 
Date: Tue Jan 6 16:58:02 2026 +0530 
-------------------------------------------------------------------------------- 
PCIe Public API Update for TSE library

[Feature Description]
Provide public API which will check standard PCIe register if given bus number NVMe
is connected to Hot plugable Root ports

Package/Module:
PCIe

[Impacted Platform]
ALL

Hsd-es-id: 16029360537
Original commit date: Thu Dec 4 13:23:07 2025 +0530
Change-Id: I20e1643b550f3ac4fdb2dced87472e1e437b25d6
Original commit hash: 11d8e1cb6e432a2090de05a4cc5f8e735bdb12fc

-------------------------------------------------------------------------------- 
[Changed Files]
OneSiliconPkg/Fru/PtlPcd/LibraryPrivate/PtlPcdPcieRpLib/PcieRpPcdLib.c

================================================================================ 
Commit: f05726b846277bab1fd30279319937a274f2972a 
Author: ClientSysFWGit <clientsysfwgit@intel.com> 
Date: Tue Jan 6 16:57:58 2026 +0530 
-------------------------------------------------------------------------------- 
BIOS shall not support programming TSE BDF of Hot-plugged NVMe device

[Feature Description]
BIOS shall not support programming TSE BDF of Hot-plugged NVMe device

Package/Module:

[Impacted Platform]
ALL

Hsd-es-id: 14026475995
Original commit date: Wed Dec 3 09:13:53 2025 -0800
Change-Id: I1b10c3e09fb6081386ee94fa4374ccb1e949c5d9
Original commit hash: f3092ae31132fe111b3befa06526de6ba5ddc6ec

-------------------------------------------------------------------------------- 
[Changed Files]
OneSiliconPkg/IpBlock/Tse/TseDxe/TseDxe.c

================================================================================ 
Commit: 4a0f8610f6739136c10d02621208751633dfa0d5 
Author: ClientSysFWGit <clientsysfwgit@intel.com> 
Date: Tue Jan 6 16:57:54 2026 +0530 
-------------------------------------------------------------------------------- 
1x2 lane reversal not detecting EP

[Issue Description]
On PXPC port with 1x2 lane reversal
configuration device is not getting detected

[Resolution]
Updated to FIA register for lane reversal
Corrected pcie clock usage

Package/Module:BoardPkg

[Impacted Platform]
ALL

Hsd-es-id: 16029330755
Original commit date: Mon Dec 1 20:36:44 2025 +0530
Change-Id: Ie4d39098b8a12af068b75a01d41a8e9f1447aa19
Original commit hash: 72d04246ed0745fc9733e8b08005524320549134

-------------------------------------------------------------------------------- 
[Changed Files]
OneSiliconPkg/Fru/PtlPcd/IncludePrivate/Library/PtlPcdFiaSocLib.h
OneSiliconPkg/Fru/PtlPcd/LibraryPrivate/PtlPcdFiaLib/FiaSocLibPtl.c
OneSiliconPkg/Fru/PtlPcd/LibraryPrivate/PtlPcdPeiInitLib/PtlPcdRootPorts.c
OneSiliconPkg/IpBlock/PcieRp/IncludePrivate/Library/PeiPcieSipInitLib.h
OneSiliconPkg/IpBlock/PcieRp/LibraryPrivate/PeiPcieSipInitLib/PeiPcieSipInitLib.c
PantherLakePlatSamplePkg/Setup/PchSetup.c

================================================================================ 
Commit: fe136036a1e638967e8e9e8fb9f9e5dde37fa304 
Author: ClientSysFWGit <clientsysfwgit@intel.com> 
Date: Tue Jan 6 16:57:50 2026 +0530 
-------------------------------------------------------------------------------- 
"WCL WildcatLake_wildcatlake_family_Daily Daily Updating Version/ID: WildcatLake_3493_01

Hsd-es-id: N/A"
Original commit date: Wed Dec 3 23:35:39 2025 +0000
Original commit hash: 7d4c53cdb9a93a9e9b00ff96c2f9208a37154ef7

-------------------------------------------------------------------------------- 
[Changed Files]
OneSiliconPkg/Product/PantherLake/SiPkgPcdInit.dsc
PantherLakeBoardPkg/BiosId.env

================================================================================ 
Commit: 2419292da0e77a4a9718cf1d5aa5975cc4d0ed07 
Author: ClientSysFWGit <clientsysfwgit@intel.com> 
Date: Tue Jan 6 16:57:46 2026 +0530 
-------------------------------------------------------------------------------- 
"PTL PantherLake_pantherlake_family_Daily Daily Updating Version/ID: PantherLake_3493_00

Hsd-es-id: N/A"
Original commit date: Wed Dec 3 18:36:15 2025 +0000
Original commit hash: 517e0621f92275c8166be4deca2cd24d6472b3b8

-------------------------------------------------------------------------------- 
[Changed Files]
OneSiliconPkg/Product/PantherLake/SiPkgPcdInit.dsc
PantherLakeBoardPkg/BiosId.env

================================================================================ 
Commit: 3ec5cec8204fc1e0b8d09ed909f8c82abfdcb0e0 
Author: ClientSysFWGit <clientsysfwgit@intel.com> 
Date: Tue Jan 6 16:57:42 2026 +0530 
-------------------------------------------------------------------------------- 
PCIe Public API for TSE library

[Feature Description]
Provide PCIe public API which will check if given bus number NVMe
is connected to Hot plugable Root ports

Package/Module:
TSE

[Impacted Platform]
ALL

Hsd-es-id: 14026475935
Original commit date: Fri Nov 21 11:18:23 2025 +0530
Change-Id: I12c9248c57fa95a125e4c773707b109aeca38644
Original commit hash: 32f8bc0e07031c5bde2474ebd65989cb10c331a2

-------------------------------------------------------------------------------- 
[Changed Files]
OneSiliconPkg/Fru/PtlPcd/LibraryPrivate/PtlPcdPcieRpLib/PcieRpPcdLib.c
OneSiliconPkg/Include/Library/PchPcieRpLib.h
OneSiliconPkg/IpBlock/PcieRp/IncludePrivate/Register/PcieSipRegs.h

================================================================================ 
Commit: c87f94a91b8bb6c3bb6d76bb2a2ebe46f41a14d1 
Author: ClientSysFWGit <clientsysfwgit@intel.com> 
Date: Tue Jan 6 16:57:35 2026 +0530 
-------------------------------------------------------------------------------- 
VCCSA_ShutDown BIOS Menu knob exposure

[Feature Description]
VCCSA_ShutDown BIOS Menu knob exposure

Package/Module: 1S, Platform, Fsp

[Impacted Platform]
P.

Hsd-es-id: 16029189113
Original commit date: Tue Nov 18 17:05:15 2025 +0530
Change-Id: I7b9b5b74907530a88fad9b0fccedaa26f08cae2c
Original commit hash: 9e430a8de401f7b4b27b3b6c098e1c52962118d4

-------------------------------------------------------------------------------- 
[Changed Files]
OneSiliconPkg/Include/ConfigBlock/VoltageRegulator/CpuPowerMgmtVrConfig.h
OneSiliconPkg/Include/Register/B2pMailbox.h
OneSiliconPkg/IpBlock/VoltageRegulator/LibraryPrivate/PeiVrLib/PeiVrLib.c
OneSiliconPkg/IpBlock/VoltageRegulator/LibraryPrivate/PeiVrPolicyLib/PeiVrPolicyLib.c
PantherLakeBoardPkg/Include/Dsc/HiiStructurePcd.dsc
PantherLakeFspPkg/Library/PeiPolicyUpdatePreMemLib/PeiCpuPolicyUpdatePreMem.c
PantherLakeFspPkg/Upd/FspmUpd.dsc
PantherLakePlatSamplePkg/Include/SetupVariable.h
PantherLakePlatSamplePkg/Library/PeiPolicyUpdateLib/PeiCpuPolicyUpdatePreMem.c
PantherLakePlatSamplePkg/Setup/CpuSetup.uni
PantherLakePlatSamplePkg/Setup/VoltageRegulatorSetup.hfr

================================================================================ 
Commit: 32a6dc94ddc56e5fa9c65765ca77cf9b893a1d1e 
Author: ClientSysFWGit <clientsysfwgit@intel.com> 
Date: Tue Jan 6 16:57:30 2026 +0530 
-------------------------------------------------------------------------------- 
Recovering vPro TBT Dock MAPT MAC Address after CSME FW Recovery

[Issue Description]
When ME region is re-flashed after MAPT MAC address is set,
CSME loses the MAPT MAC address and BIOS does not set it again.
This could be due to resiliency flow where CSME FW is recovered
or due to a special manufacturing flow.
As a result, the CSME loses the MAPT functionality.

[Resolution]
When "HW Asset" indication is set in MBP,
BIOS shall send the MAPT MAC address to CSME FW

Package/Module:
Features/Manageability/AmtMacPassThroughFeaturePkg/

[Impacted Platform]
ALL

Hsd-es-id: 18044005129
Original commit date: Mon Dec 1 16:45:40 2025 +0100
Change-Id: I1542dc39611285fb0d4d699d0bfa0c2db527680f
Original commit hash: 6c6f57cb2d279ce64e33ecfd78382b092652f6af

-------------------------------------------------------------------------------- 
[Changed Files]
Features/Manageability/AmtMacPassThroughFeaturePkg/AmtMacPassThrough/AmtMacPassThrough.c
Features/Manageability/AmtMacPassThroughFeaturePkg/Readme.md

================================================================================ 
Commit: 328289483f86104e2a536aa6435cd774cb0e1306 
Author: ClientSysFWGit <clientsysfwgit@intel.com> 
Date: Tue Jan 6 16:57:27 2026 +0530 
-------------------------------------------------------------------------------- 
"WCL WildcatLake_wildcatlake_family_Daily Daily Updating Version/ID: WildcatLake_3492_01

Hsd-es-id: N/A"
Original commit date: Tue Dec 2 23:36:19 2025 +0000
Original commit hash: de1a754f0cb6793e03ce2930240372ea6ecf309a

-------------------------------------------------------------------------------- 
[Changed Files]
OneSiliconPkg/Product/PantherLake/SiPkgPcdInit.dsc
PantherLakeBoardPkg/BiosId.env

================================================================================ 
Commit: f230452dd99047e5af9a7871660afac5ec5ba274 
Author: ClientSysFWGit <clientsysfwgit@intel.com> 
Date: Tue Jan 6 16:57:23 2026 +0530 
-------------------------------------------------------------------------------- 
"PTL PantherLake_pantherlake_family_Daily Daily Updating Version/ID: PantherLake_3492_00

Hsd-es-id: N/A"
Original commit date: Tue Dec 2 18:36:03 2025 +0000
Original commit hash: dff5105000a21946959b0e3857cdf2582f471709

-------------------------------------------------------------------------------- 
[Changed Files]
OneSiliconPkg/Product/PantherLake/SiPkgPcdInit.dsc
PantherLakeBoardPkg/BiosId.env

================================================================================ 
Commit: 3417cd5ac952de52535f9ca41ed37ee03b5e322d 
Author: ClientSysFWGit <clientsysfwgit@intel.com> 
Date: Tue Jan 6 16:57:19 2026 +0530 
-------------------------------------------------------------------------------- 
Enable SC Phase 2, new pair of keys is not getting generated

[Issue Description]
Currently Public key(x,y) is generated once and the same key reused for each pairing.
For each paring, a new set of public key should be generated.

[Resolution]
Call smp_generate_p256_keys at correct state and appropriate changes needed.

Package/Module:
Features/BluetoothPkg/BluetoothBusDxe

[Impacted Platform]
PTL

Hsd-es-id: 16029255489
Original commit date: Mon Nov 24 15:05:19 2025 +0530
Change-Id: Ibc3a30301dbbe14e800fa2017a503a3623bc0520
Original commit hash: 76ff404a2b99f10325b3b5a42ec79b72dc0ed5dd

-------------------------------------------------------------------------------- 
[Changed Files]
Features/BluetoothPkg/BluetoothBusDxe/iLE/core/inc/smp.h
Features/BluetoothPkg/BluetoothBusDxe/iLE/core/src/gap.c
Features/BluetoothPkg/BluetoothBusDxe/iLE/core/src/smp.c
Features/BluetoothPkg/BluetoothBusDxe/iLE/mgr/inc/smp_mgr.h
Features/BluetoothPkg/BluetoothBusDxe/iLE/mgr/src/smp_mgr.c

================================================================================ 
Commit: 0a91748890d12e7e9a22057010e13bed7fe9f86e 
Author: ClientSysFWGit <clientsysfwgit@intel.com> 
Date: Tue Jan 6 16:57:14 2026 +0530 
-------------------------------------------------------------------------------- 
Fix volume corrupt assert issue observed with extended image

[Issue Description]
Volume corrupt assert is observed while booting extended
image, this is because the FVuefiboot volume is getting
corrupted as BiosKnobsData.ffs was being added twice to this FV

[Resolution]
ParseSetup.py is already adding BiosKnobsData.ffs to FV and
generating FD using FMMT. So the removing the second time
generation of FFS and FD

Package/Module:
BoardPkg

[Impacted Platform]
Default ALL

Hsd-es-id: 16029217857
Original commit date: Fri Nov 28 12:38:05 2025 +0530
Change-Id: I3a702ceb01638c20266e7067ef7c4d4d93ac9599
Original commit hash: f9567813e1a7b51a3a79e1a8132578b683fc3ad6

-------------------------------------------------------------------------------- 
[Changed Files]
PantherLakeBoardPkg/PostBuild.sh

================================================================================ 
Commit: 365298b70d693e6248c5b14ccbf7081a55f946a9 
Author: ClientSysFWGit <clientsysfwgit@intel.com> 
Date: Tue Jan 6 16:57:10 2026 +0530 
-------------------------------------------------------------------------------- 
BIOS Cleanup for Unused Code

[Feature Description]
BIOS Cleanup for Unused Code

Package/Module:
SiliconPkg

[Impacted Platform]
All

Hsd-es-id: 16029332688
Original commit date: Sun Nov 30 14:38:12 2025 +0530
Change-Id: I9f81b4d1b268fe7a5432b8a4e34d5c5b0f1dbddf
Original commit hash: b63e80c751432c21223b36aa1aad3eab035c2e52

-------------------------------------------------------------------------------- 
[Changed Files]
OneSiliconPkg/Fru/PtlCDie/LibraryPrivate/BaseCpuInfoFruLib/BaseCpuInfoFruLib.c
OneSiliconPkg/Fru/PtlCDie/VoltageRegulator/LibraryPrivate/PeiVrFruLib/PeiVrFruLib.c
OneSiliconPkg/IncludePrivate/Register/Ptl/Cpu/CpuGenInfoFruLib.h

================================================================================ 
Commit: 86b47c7c051b8f032eb1bbe4eb4fea4efced51e4 
Author: ClientSysFWGit <clientsysfwgit@intel.com> 
Date: Tue Jan 6 16:57:06 2026 +0530 
-------------------------------------------------------------------------------- 
"WCL WildcatLake_wildcatlake_family_Daily Daily Updating Version/ID: WildcatLake_3491_01

Hsd-es-id: N/A"
Original commit date: Mon Dec 1 23:35:39 2025 +0000
Original commit hash: c9e2a04c6615e946b2211bd1d7f5d98fdab6b87f

-------------------------------------------------------------------------------- 
[Changed Files]
OneSiliconPkg/Product/PantherLake/SiPkgPcdInit.dsc
PantherLakeBoardPkg/BiosId.env

================================================================================ 
Commit: b175f29c75df923c5ea2d6d3ac27e63e4c1adc1a 
Author: ClientSysFWGit <clientsysfwgit@intel.com> 
Date: Tue Jan 6 16:57:02 2026 +0530 
-------------------------------------------------------------------------------- 
"PTL PantherLake_pantherlake_family_Daily Daily Updating Version/ID: PantherLake_3491_00

Hsd-es-id: N/A"
Original commit date: Mon Dec 1 18:35:55 2025 +0000
Original commit hash: de965c9e0e236d6d365067261d88aae769f02757

-------------------------------------------------------------------------------- 
[Changed Files]
OneSiliconPkg/Product/PantherLake/SiPkgPcdInit.dsc
PantherLakeBoardPkg/BiosId.env

================================================================================ 
Commit: 7f95caac083f4fec5db8f92931fce258d2c34ad9 
Author: ClientSysFWGit <clientsysfwgit@intel.com> 
Date: Tue Jan 6 16:56:59 2026 +0530 
-------------------------------------------------------------------------------- 
[TXT] Don't Relocate SACM if no LLC

[Issue Description]
ACHECK ACM launch was failing with UCODE error on 0+0+4 config.
Turns out that if no LLC, then relocating ACM from flash location is
not an option.
Before ACM launch, UCODE loads ACM to MLC from level higher in mem
(generally LLC).
In MLC-only case, there is no LLC. Level higher is SPI flash.
Since SPI flash at alternate location (ie TempRAM) does not contain ACM,
GETSEC[ENTERACCS] launch would fail with UCODE error

[Resolution]
If no LLC, then must use an MTRR to cover ACM at flash location.

Package/Module: Intel/OneSiliconPkg/IpBlock/Txt/LibraryPrivate/PeiTxtLib

[Impacted Platform]
ALL

Hsd-es-id: 14026076796
Original commit date: Thu Oct 16 15:18:55 2025 -0700
Change-Id: I5e03d934dccb8c42cafeb576f5e38dabea8c37f8
Original commit hash: dede74e8365bcc4af216699414746d7c1a7439cf

-------------------------------------------------------------------------------- 
[Changed Files]
OneSiliconPkg/IpBlock/Txt/LibraryPrivate/PeiTxtLib/TxtPeiLib.c

================================================================================ 
Commit: cc9bfaa9947b62ff5d59862423f45f53d816de61 
Author: ClientSysFWGit <clientsysfwgit@intel.com> 
Date: Tue Jan 6 16:56:55 2026 +0530 
-------------------------------------------------------------------------------- 
Fix S4 wake failure when a additional reset occurs during S4 wake

[Issue Description]
After a system crash immediate s4 wake is failing when
an additional reset occurs during S4 wake

[Resolution]
Once a crash occurred allocate the new crash record pages memory
every time in the bios flow

Package/Module:
Features/Crashlog

[Impacted Platform]
Default ALL

Hsd-es-id: 15018706685
Original commit date: Fri Nov 28 17:20:54 2025 +0530
Change-Id: I24bf40ac8de996b9e65247ea850480524a4e2e10
Original commit hash: 16f2e0677f9b0939454ba3eca94c8c59e0bbe933

-------------------------------------------------------------------------------- 
[Changed Files]
PantherLakeBoardPkg/Features/CrashLog/Agent/CpuCrashLogAgent/CpuCrashLogPei.c
PantherLakeBoardPkg/Features/CrashLog/Agent/SocCrashLogAgent/SocCrashLogPei.c

================================================================================ 
Commit: 1f9a7c2ca9d094d6e96c075daefcada19e399da2 
Author: ClientSysFWGit <clientsysfwgit@intel.com> 
Date: Tue Jan 6 16:56:51 2026 +0530 
-------------------------------------------------------------------------------- 
Maintain backward compatibility for public APIs

[Feature Description]
Maintain backward compatibility for both public APIs
i.e. IsSigningSupported() and VerifyAndLogEventFsps()

Package/Module:
xxxFspPkg

[Impacted Platform]
All

Hsd-es-id: 16029290108
Original commit date: Tue Nov 25 11:12:59 2025 +0530
Change-Id: I4a58a1b588e3682ce17c1219ef6b1456bf658ec1
Original commit hash: 4264d9b80a13d39327ea4c841a34d779f222b17b

-------------------------------------------------------------------------------- 
[Changed Files]
OneSiliconPkg/Fsp/Include/Ppi/FspLoaderPpi.h
PantherLakeFspPkg/FspLoaderPeim/FspLoaderPeim.c
PantherLakeFspPkg/Include/Library/FspVerificationLib.h
PantherLakeFspPkg/Library/BaseFspVerificationLib/BaseFspVerificationLib.c
PantherLakeFspPkg/Library/FspLoadComponentsLib/FspLoadComponents.c
PantherLakeFspPkg/Library/MeasurementLib/FspMeasurementLib.c

================================================================================ 
Commit: fcea6686454cd26a3adfabe17df81095b7b1ff36 
Author: ClientSysFWGit <clientsysfwgit@intel.com> 
Date: Tue Jan 6 16:56:47 2026 +0530 
-------------------------------------------------------------------------------- 
Fix for reset issue in WCL,PTL and junk character issue in PTL

[Issue Description]
After performing RESET -S while waking up from S5 state observing postcode:10B3 in WCL and PTL
Junk values in PTL debug logs

[Resolution]
Fixes reset issue in WCL and PTL
Fixes junk character issue in PTL debug logs

Package/Module:

[Impacted Platform]
WCL
PTL

Hsd-es-id: 16029211746,16029211804,15018696024
Original commit date: Mon Nov 24 11:57:22 2025 +0530
Change-Id: I9398dc7ca7b75d0b5ceb5d6e4f6eaf41395df1cb
Original commit hash: 5a7e8e89be62af112182978328a7be9d6f577387

-------------------------------------------------------------------------------- 
[Changed Files]
Features/Manageability/PlatformSanitizeFeaturePkg/PlatformSanitizeFeaturePkg.dsc
OneSiliconPkg/Fru/PtlPcd/Dxe.dsc
OneSiliconPkg/Fsp/FspDebugInit/Pei/FspDebugServicePei.c
OneSiliconPkg/Fsp/FspDebugInit/Pei/FspDebugServicePei.inf
OneSiliconPkg/Fsp/Library/DebugLibDebugPort/Pei/DebugLibDebugPort.c
OneSiliconPkg/Fsp/Library/DebugLibDebugPort/Pei/DebugLibDebugPort.inf
OneSiliconPkg/Product/PantherLake/SiPkgDxe.dsc
PantherLakeBoardPkg/BoardPkg.dsc
PantherLakeBoardPkg/Features/Setup/Include/Dsc/SetupDxe.dsc
PantherLakeBoardPkg/Include/Dsc/CoreDxeDrivers.dsc
PantherLakeBoardPkg/Include/Dsc/CoreDxeInclude.dsc
PantherLakePlatSamplePkg/Features/PlatformStatusCodeHandler/RuntimeDxe/PlatformStatusCodeHandlerRuntimeDxe.c
PantherLakePlatSamplePkg/Features/PlatformStatusCodeHandler/RuntimeDxe/PlatformStatusCodeHandlerRuntimeDxe.h
PantherLakePlatSamplePkg/Features/PlatformStatusCodeHandler/RuntimeDxe/PlatformStatusCodeHandlerRuntimeDxe.inf
PantherLakePlatSamplePkg/Library/BaseDebugLibAllDebugPort/BaseDebugLibAllDebugPort.inf
PantherLakePlatSamplePkg/Library/BaseDebugLibAllDebugPort/DebugLib.c
PantherLakePlatSamplePkg/Library/RuntimeDxePlatformStatusCodeHandlerLib/RuntimeDxePlatformStatusCodeHandlerLib.c
PantherLakePlatSamplePkg/Library/RuntimeDxePlatformStatusCodeHandlerLib/RuntimeDxePlatformStatusCodeHandlerLib.h
PantherLakePlatSamplePkg/Library/RuntimeDxePlatformStatusCodeHandlerLib/RuntimeDxePlatformStatusCodeHandlerLib.inf
PantherLakePlatSamplePkg/Library/RuntimeDxePlatformStatusCodeHandlerLib/SerialIoUartDxeStatusCodeWorker.c
PantherLakePlatSamplePkg/Library/RuntimeDxePlatformStatusCodeHandlerLib/Usb3StatusCodeWorker.c
PantherLakePlatSamplePkg/Library/SmmPlatformStatusCodeHandlerLib/SerialIoUartStatusCodeWorker.c
PantherLakePlatSamplePkg/Library/SmmPlatformStatusCodeHandlerLib/SmmPlatformStatusCodeHandlerLib.c
PantherLakePlatSamplePkg/Library/SmmPlatformStatusCodeHandlerLib/SmmPlatformStatusCodeHandlerLib.h
PantherLakePlatSamplePkg/Library/SmmPlatformStatusCodeHandlerLib/SmmPlatformStatusCodeHandlerLib.inf
PantherLakePlatSamplePkg/Library/SmmPlatformStatusCodeHandlerLib/Usb3StatusCodeWorker.c

================================================================================ 
Commit: ee81a1886ffcde59547e446833d6181e64a9ce08 
Author: ClientSysFWGit <clientsysfwgit@intel.com> 
Date: Tue Jan 6 16:56:42 2026 +0530 
-------------------------------------------------------------------------------- 
Revert "FSP will check the status of FSPS verification."

[Issue Description]
Reverting this change as this change is not needed.
Not satisifiying safe review conditions.

[Resolution]
Reverting this change.

Package/Module: OneSiliconPkg, FspPkg

[Impacted Platform]
All

Original commit date: Thu Nov 20 11:41:07 2025 +0530
Change-Id: I6f982107b19fd9d1bfc4a37997703c8edd7e67fb
Original commit hash: c5316ba5dcdf9c1d45620c4572cf6622bb348105

-------------------------------------------------------------------------------- 
[Changed Files]
OneSiliconPkg/Fsp/Include/Ppi/FspLoaderPpi.h
OneSiliconPkg/Product/PantherLake/SiInit/Pei/SiInit.c
OneSiliconPkg/Product/PantherLake/SiInit/Pei/SiInit.inf
PantherLakeFspPkg/FspLoaderPeim/FspLoaderPeim.c
PantherLakeFspPkg/FspLoaderPeim/FspLoaderPeim.inf

================================================================================ 
Commit: 04da8b9b4dd33b1af7448877074bf99828d6545d 
Author: ClientSysFWGit <clientsysfwgit@intel.com> 
Date: Tue Jan 6 16:56:35 2026 +0530 
-------------------------------------------------------------------------------- 
Open source full fsp headers to coreboot

[Feature Description]
Add all the remaining UPDs in the FSPM.txt and FSPS.txt

Package/Module:
FspPkg

[Impacted Platform]
Default ALL

Hsd-es-id: 16028535508
Original commit date: Thu Nov 20 12:40:42 2025 +0530
Change-Id: Ia5994026a123452349dd5055b9dc728523f61082
Original commit hash: daaa412869eb45ed69d87caf36c47122b9a4ed7d

-------------------------------------------------------------------------------- 
[Changed Files]
PantherLakeFspPkg/Upd/UpdList/FSPM.txt
PantherLakeFspPkg/Upd/UpdList/FSPS.txt

================================================================================ 
Commit: 103d4d42ec4d0aa450c2666d72602b48448d680a 
Author: ClientSysFWGit <clientsysfwgit@intel.com> 
Date: Tue Jan 6 16:56:31 2026 +0530 
-------------------------------------------------------------------------------- 
"WCL WildcatLake_wildcatlake_family_Daily Daily Updating Version/ID: WildcatLake_3490_01

Hsd-es-id: N/A"
Original commit date: Sun Nov 30 23:35:36 2025 +0000
Original commit hash: 63c552b87ae921c9ec8c66aed1575e28c16f92bd

-------------------------------------------------------------------------------- 
[Changed Files]
OneSiliconPkg/Product/PantherLake/SiPkgPcdInit.dsc
PantherLakeBoardPkg/BiosId.env

================================================================================ 
Commit: 65562d9616cb5c73c1975643c2a546c854b2b602 
Author: ClientSysFWGit <clientsysfwgit@intel.com> 
Date: Tue Jan 6 16:56:27 2026 +0530 
-------------------------------------------------------------------------------- 
"PTL PantherLake_pantherlake_family_Daily Daily Updating Version/ID: PantherLake_3490_00

Hsd-es-id: N/A"
Original commit date: Sun Nov 30 18:35:21 2025 +0000
Original commit hash: 344fc6f8825f0c925e3124c02498b7ecac230b4b

-------------------------------------------------------------------------------- 
[Changed Files]
OneSiliconPkg/Product/PantherLake/SiPkgPcdInit.dsc
PantherLakeBoardPkg/BiosId.env

================================================================================ 
Commit: 22e95725a13e8c71d8b7fd25dfdf237d19aefc97 
Author: ClientSysFWGit <clientsysfwgit@intel.com> 
Date: Tue Jan 6 16:56:23 2026 +0530 
-------------------------------------------------------------------------------- 
"WCL WildcatLake_wildcatlake_family_Daily Daily Updating Version/ID: WildcatLake_3486_01

Hsd-es-id: N/A"
Original commit date: Sat Nov 29 23:35:28 2025 +0000
Original commit hash: c1d050e1451786c6b33454b84171163d3e066c4e

-------------------------------------------------------------------------------- 
[Changed Files]
OneSiliconPkg/Product/PantherLake/SiPkgPcdInit.dsc
PantherLakeBoardPkg/BiosId.env

================================================================================ 
Commit: af28475537f42ec209b73ba34d63d7359a31da1d 
Author: ClientSysFWGit <clientsysfwgit@intel.com> 
Date: Tue Jan 6 16:56:19 2026 +0530 
-------------------------------------------------------------------------------- 
"PTL PantherLake_pantherlake_family_Daily Daily Updating Version/ID: PantherLake_3486_00

Hsd-es-id: N/A"
Original commit date: Sat Nov 29 18:35:26 2025 +0000
Original commit hash: adf669b044e433d71fdbc3a7e2e36d63cc78a2eb

-------------------------------------------------------------------------------- 
[Changed Files]
OneSiliconPkg/Product/PantherLake/SiPkgPcdInit.dsc
PantherLakeBoardPkg/BiosId.env

================================================================================ 
Commit: 72850d93284259b719b5fc3912aed989efb7820d 
Author: ClientSysFWGit <clientsysfwgit@intel.com> 
Date: Tue Jan 6 16:56:16 2026 +0530 
-------------------------------------------------------------------------------- 
"WCL WildcatLake_wildcatlake_family_Daily Daily Updating Version/ID: WildcatLake_3485_01

Hsd-es-id: N/A"
Original commit date: Fri Nov 28 23:35:49 2025 +0000
Original commit hash: a78feafd60063bb1f41f9be52b8fa93441c56737

-------------------------------------------------------------------------------- 
[Changed Files]
OneSiliconPkg/Product/PantherLake/SiPkgPcdInit.dsc
PantherLakeBoardPkg/BiosId.env

================================================================================ 
Commit: 920f0b1069ecc80b22e324b1b65f90fc7b5cf83c 
Author: ClientSysFWGit <clientsysfwgit@intel.com> 
Date: Tue Jan 6 16:56:12 2026 +0530 
-------------------------------------------------------------------------------- 
"PTL PantherLake_pantherlake_family_Daily Daily Updating Version/ID: PantherLake_3485_00

Hsd-es-id: N/A"
Original commit date: Fri Nov 28 18:35:51 2025 +0000
Original commit hash: 6f7a4dabfc5cfa7ee84862391003499543ec2537

-------------------------------------------------------------------------------- 
[Changed Files]
OneSiliconPkg/Product/PantherLake/SiPkgPcdInit.dsc
PantherLakeBoardPkg/BiosId.env

================================================================================ 
Commit: c386802e77da55342d2d04aeccd572f2120461d4 
Author: ClientSysFWGit <clientsysfwgit@intel.com> 
Date: Tue Jan 6 16:56:05 2026 +0530 
-------------------------------------------------------------------------------- 
"WCL WildcatLake_wildcatlake_family_Daily Daily Updating Version/ID: WildcatLake_3484_01

Hsd-es-id: N/A"
Original commit date: Thu Nov 27 23:35:50 2025 +0000
Original commit hash: 1efb39edcc5e771981047e48716d2885f06cddb2

-------------------------------------------------------------------------------- 
[Changed Files]
OneSiliconPkg/Product/PantherLake/SiPkgPcdInit.dsc
PantherLakeBoardPkg/BiosId.env

================================================================================ 
Commit: 5627dc28c760bf6ec1f10f6ee8dd34b42951d65d 
Author: ClientSysFWGit <clientsysfwgit@intel.com> 
Date: Tue Jan 6 16:56:01 2026 +0530 
-------------------------------------------------------------------------------- 
"PTL PantherLake_pantherlake_family_Daily Daily Updating Version/ID: PantherLake_3484_00

Hsd-es-id: N/A"
Original commit date: Thu Nov 27 18:35:56 2025 +0000
Original commit hash: b64f546cf4a33a2ffc5786d3b332187ed6ca591a

-------------------------------------------------------------------------------- 
[Changed Files]
OneSiliconPkg/Product/PantherLake/SiPkgPcdInit.dsc
PantherLakeBoardPkg/BiosId.env

================================================================================ 
Commit: e75cde72cc4d576390262e9019106a38b98662e6 
Author: ClientSysFWGit <clientsysfwgit@intel.com> 
Date: Tue Jan 6 16:55:56 2026 +0530 
-------------------------------------------------------------------------------- 
[SOC I/O] Limit BW check enabling to WCL

[Feature Description]
Enable USB BW check on WCL only

Package/Module:
OneSiliconPkg/Fru/PcdPeiInitLib

[Impacted Platform]
WCL

Hsd-es-id: 18043998484
Original commit date: Thu Nov 27 10:46:11 2025 +0100
Change-Id: Iea5714c5f293bc725824598298654210d7279b97
Original commit hash: 7c81b43f5706de07a3caa5aa51db1cfe595018f6

-------------------------------------------------------------------------------- 
[Changed Files]
OneSiliconPkg/Fru/PtlPcd/LibraryPrivate/PtlPcdPeiInitLib/PtlPcdUsb.c
OneSiliconPkg/Fru/PtlPcd/Tcss/LibraryPrivate/PtlPcdTcssInitLib/PtlPcdTcssInitPostMem.c

================================================================================ 
Commit: 3069714a8465e748d8e0c0c1a69558666a5a7071 
Author: ClientSysFWGit <clientsysfwgit@intel.com> 
Date: Tue Jan 6 16:55:48 2026 +0530 
-------------------------------------------------------------------------------- 
"WCL WildcatLake_wildcatlake_family_Daily Daily Updating Version/ID: WildcatLake_3483_01

Hsd-es-id: N/A"
Original commit date: Wed Nov 26 23:38:52 2025 +0000
Original commit hash: 6f21d3a75b2e1db063a53ff621a691ea94c59b80

-------------------------------------------------------------------------------- 
[Changed Files]
OneSiliconPkg/Product/PantherLake/SiPkgPcdInit.dsc
PantherLakeBoardPkg/BiosId.env

================================================================================ 
Commit: bd289d665d35444cee8794bd0dd93de4e6081d06 
Author: ClientSysFWGit <clientsysfwgit@intel.com> 
Date: Tue Jan 6 16:55:44 2026 +0530 
-------------------------------------------------------------------------------- 
"PTL PantherLake_pantherlake_family_Daily Daily Updating Version/ID: PantherLake_3483_00

Hsd-es-id: N/A"
Original commit date: Wed Nov 26 18:36:04 2025 +0000
Original commit hash: 807580e596777e4191500e909895d10b135b5c49

-------------------------------------------------------------------------------- 
[Changed Files]
OneSiliconPkg/Product/PantherLake/SiPkgPcdInit.dsc
PantherLakeBoardPkg/BiosId.env

================================================================================ 
Commit: c1a3c4cfefb6ed590ecc53da1ff0e772103527d4 
Author: ClientSysFWGit <clientsysfwgit@intel.com> 
Date: Tue Jan 6 16:55:41 2026 +0530 
-------------------------------------------------------------------------------- 
"WCL WildcatLake_wildcatlake_family_Daily Daily Updating Version/ID: WildcatLake_3482_01

Hsd-es-id: N/A"
Original commit date: Tue Nov 25 23:34:56 2025 +0000
Original commit hash: a8fb37902a457cbd956ed1b110fcfcacd5dbe4ec

-------------------------------------------------------------------------------- 
[Changed Files]
OneSiliconPkg/Product/PantherLake/SiPkgPcdInit.dsc
PantherLakeBoardPkg/BiosId.env

================================================================================ 
Commit: f034f20b9902710c54f19ab3188a958b9e144602 
Author: ClientSysFWGit <clientsysfwgit@intel.com> 
Date: Tue Jan 6 16:55:37 2026 +0530 
-------------------------------------------------------------------------------- 
"PTL PantherLake_pantherlake_family_Daily Daily Updating Version/ID: PantherLake_3482_00

Hsd-es-id: N/A"
Original commit date: Tue Nov 25 18:35:16 2025 +0000
Original commit hash: f4c19704514dabeec814e7ba012c897921d4e77f

-------------------------------------------------------------------------------- 
[Changed Files]
OneSiliconPkg/Product/PantherLake/SiPkgPcdInit.dsc
PantherLakeBoardPkg/BiosId.env

================================================================================ 
Commit: 8a90cb05af70fb670b6a3e168274a174c0bf5c4d 
Author: ClientSysFWGit <clientsysfwgit@intel.com> 
Date: Tue Jan 6 16:55:33 2026 +0530 
-------------------------------------------------------------------------------- 
[SOC I/O] ClkReq GPIO pads must be modified during PCIe init with override

[Issue Description]
Pcie initialization fails for devices connected to PCIe slots when
coreboot as bootloader

[Resolution]
Modified PCI clock functions to continue execution even when GPIO
override is enabled

Package/Module: OneSiliconPkg/Fru

[Impacted Platform]
ALL

Hsd-es-id: 16028995073
Original commit date: Thu Nov 20 17:48:35 2025 +0530
Change-Id: I17d6c3652e8da95eb609b854efb3fb710fb3579f
Original commit hash: 6d52f1cb94a93ef427c4922100c2fff408ebadca

-------------------------------------------------------------------------------- 
[Changed Files]
OneSiliconPkg/Fru/PtlPcd/Library/PtlPcdMinimalGpioNativeLib/PtlPcdMinimalGpio.h
OneSiliconPkg/Fru/PtlPcd/Library/PtlPcdMinimalGpioNativeLib/PtlPcdMinimalGpioNativeLib.c
OneSiliconPkg/Fru/PtlPcd/Library/PtlPcdMinimalGpioNativeLib/PtlPcdMinimalPadData.c
OneSiliconPkg/Fru/PtlPcd/LibraryPrivate/PtlPcdPeiPchPcieClocksLib/PeiPchPcieClocksLibPtl.c
OneSiliconPkg/Include/Library/Ptl/PcdMinimalGpioNativeLib/PtlPcdMinimalGpioNativeLib.h

================================================================================ 
Commit: 669aa9efa8104ad4266823aecc7aa342e12741a4 
Author: ClientSysFWGit <clientsysfwgit@intel.com> 
Date: Tue Jan 6 16:55:30 2026 +0530 
-------------------------------------------------------------------------------- 
[SOC I/O] Enable xHCI System USB2 BW check

[Feature Description]
Enable xHCI System BW check so USB2 periodic endpoints
are not incorrectly allowed with higher ESIT requirements.
Camera flickering is due to total ESIT beyond the USB2 HS BW limit.

Package/Module:
OneSiliconPkg/PtlPcdPeiInitLib
OneSiliconPkg/PtlPcdTcssInitLib
OneSiliconPkg/IpUsb3

[Impacted Platform]
PTL, WCL.

Hsd-es-id: 18043975168
Original commit date: Thu Nov 20 13:00:18 2025 +0100
Change-Id: I957b4c12c006e3119d2b1cae563d5a9225002274
Original commit hash: 7c0a93933d01f32ac1f2f34e001d8124602cc715

-------------------------------------------------------------------------------- 
[Changed Files]
OneSiliconPkg/Fru/PtlPcd/LibraryPrivate/PtlPcdPeiInitLib/PtlPcdUsb.c
OneSiliconPkg/Fru/PtlPcd/Tcss/LibraryPrivate/PtlPcdTcssInitLib/PtlPcdTcssInitPostMem.c
OneSiliconPkg/Include/Register/UsbHostRegs.h
OneSiliconPkg/IpBlock/Usb/IncludePrivate/IpUsb3.h
OneSiliconPkg/IpBlock/Usb/LibraryPrivate/IpUsb3/IpUsb3CsiSpecific.c

================================================================================ 
Commit: 963801275c14bcac13b7e0b35b4c1b22cb8f4c59 
Author: ClientSysFWGit <clientsysfwgit@intel.com> 
Date: Tue Jan 6 16:55:26 2026 +0530 
-------------------------------------------------------------------------------- 
"[TeamCity] WCL WildcatLake_wildcatlake_family_Daily Daily Updating Version/ID: WildcatLake_3481_01

Hsd-es-id: N/A"
Original commit date: Mon Nov 24 23:36:19 2025 +0000
Original commit hash: a7e1dcd3ad8c6ce5934b174180937e251b5c59c3

-------------------------------------------------------------------------------- 
[Changed Files]
OneSiliconPkg/Product/PantherLake/SiPkgPcdInit.dsc
PantherLakeBoardPkg/BiosId.env

================================================================================ 
Commit: 42e5a371e66431468599240a7917f7fbc972bedf 
Author: ClientSysFWGit <clientsysfwgit@intel.com> 
Date: Tue Jan 6 16:55:22 2026 +0530 
-------------------------------------------------------------------------------- 
"[TeamCity] PTL PantherLake_pantherlake_family_Daily Daily Updating Version/ID: PantherLake_3481_00

Hsd-es-id: N/A"
Original commit date: Mon Nov 24 18:36:00 2025 +0000
Original commit hash: 2666edc4f0f02ac91a7a3641e14fb82c74f8fb9f

-------------------------------------------------------------------------------- 
[Changed Files]
OneSiliconPkg/Product/PantherLake/SiPkgPcdInit.dsc
PantherLakeBoardPkg/BiosId.env

================================================================================ 
Commit: e342f2276ddfec80d694cfe86d0639482ac309fe 
Author: ClientSysFWGit <clientsysfwgit@intel.com> 
Date: Tue Jan 6 16:55:11 2026 +0530 
-------------------------------------------------------------------------------- 
Update MRC Green Payload for MRC build revision 0.0.120.0

[Feature Description]
Updating MrcVersion.h and ReleaseNotes.

Package/Module:OneSiliconPkg/MemoryInit

[Impacted Platform]
All

Registers impacted: None

Hsd-es-id: 22018552565
Original commit date: Mon Nov 24 06:12:54 2025 -0800
Original commit hash: 5259928a3d2c26ab9b59bf2017a15bca9128b40a

-------------------------------------------------------------------------------- 
[Changed Files]
OneSiliconPkg/IpBlock/MemoryInit/src/UcManagement/Ptl/MrcUcPayloadData.c

================================================================================ 
Commit: dcdc6582f3c4f6e813decb74c95b75ab471a47f1 
Author: ClientSysFWGit <clientsysfwgit@intel.com> 
Date: Tue Jan 6 16:55:01 2026 +0530 
-------------------------------------------------------------------------------- 
PTL MRC increment 0.0.120.0

[Feature Description]
Update Program-P Platform BIOS with Program-P MRC drop 0.0.120.0.

Package/Module: OneSiliconPkg/IpBlock/MemoryInit

[Impacted Platform]
All

Hsd-es-id: 18043965028
Original commit date: Wed Nov 19 17:20:10 2025 +0100
Change-Id: I8720e9bab430029fbc890e5294fe26b400fd4a6a
Original commit hash: 80cb4fea42bbf4712622db4f30193a329967d009

-------------------------------------------------------------------------------- 
[Changed Files]
OneSiliconPkg/IpBlock/MemoryInit/Include/CMrcInterface.h
OneSiliconPkg/IpBlock/MemoryInit/src/ApiLib/BlueMrcGeneral.c
OneSiliconPkg/IpBlock/MemoryInit/src/IncludePrivate/Ptl/MrcVersion.h
OneSiliconPkg/IpBlock/MemoryInit/src/MemoryTypes/MrcLpddr5.c
OneSiliconPkg/IpBlock/MemoryInit/src/MemoryTypes/MrcLpddr5.h
OneSiliconPkg/IpBlock/MemoryInit/src/SpdProcessing/MrcSpdProcessing.c

================================================================================ 
Commit: 4c65044e0eb52ec098a01543ad204b23989d8737 
Author: ClientSysFWGit <clientsysfwgit@intel.com> 
Date: Tue Jan 6 16:54:48 2026 +0530 
-------------------------------------------------------------------------------- 
"[TeamCity] WCL WildcatLake_wildcatlake_family_Daily Daily Updating Version/ID: WildcatLake_3480_01

Hsd-es-id: N/A"
Original commit date: Sun Nov 23 23:35:40 2025 +0000
Original commit hash: 51103e2a079739bb72751ddcba45522bd8827085

-------------------------------------------------------------------------------- 
[Changed Files]
OneSiliconPkg/Product/PantherLake/SiPkgPcdInit.dsc
PantherLakeBoardPkg/BiosId.env

================================================================================ 
Commit: 9ec095b558dde6eb10671a233bb1f8dcc000beef 
Author: ClientSysFWGit <clientsysfwgit@intel.com> 
Date: Tue Jan 6 16:54:38 2026 +0530 
-------------------------------------------------------------------------------- 
"[TeamCity] PTL PantherLake_pantherlake_family_Daily Daily Updating Version/ID: PantherLake_3480_00

Hsd-es-id: N/A"
Original commit date: Sun Nov 23 18:35:35 2025 +0000
Original commit hash: 66f78f39a232a448397b7b25617a1d4f10a729a6

-------------------------------------------------------------------------------- 
[Changed Files]
OneSiliconPkg/Product/PantherLake/SiPkgPcdInit.dsc
PantherLakeBoardPkg/BiosId.env

================================================================================ 
Commit: ab421d57e2fc859c7114498c57331aafd7214cd8 
Author: ClientSysFWGit <clientsysfwgit@intel.com> 
Date: Tue Jan 6 16:54:27 2026 +0530 
-------------------------------------------------------------------------------- 
"[TeamCity] WCL WildcatLake_wildcatlake_family_Daily Daily Updating Version/ID: WildcatLake_3476_01

Hsd-es-id: N/A"
Original commit date: Sat Nov 22 23:35:17 2025 +0000
Original commit hash: 79e0cec7f8c56714895d9ec1f4eb53733fe6299f

-------------------------------------------------------------------------------- 
[Changed Files]
OneSiliconPkg/Product/PantherLake/SiPkgPcdInit.dsc
PantherLakeBoardPkg/BiosId.env

================================================================================ 
Commit: f9bae28fc312947acbf6281877f7293683f6a70e 
Author: ClientSysFWGit <clientsysfwgit@intel.com> 
Date: Tue Jan 6 16:54:17 2026 +0530 
-------------------------------------------------------------------------------- 
"[TeamCity] PTL PantherLake_pantherlake_family_Daily Daily Updating Version/ID: PantherLake_3476_00

Hsd-es-id: N/A"
Original commit date: Sat Nov 22 18:35:43 2025 +0000
Original commit hash: c0f4f5cde0d445c3e612ad3bf294edb0a4ec76c6

-------------------------------------------------------------------------------- 
[Changed Files]
OneSiliconPkg/Product/PantherLake/SiPkgPcdInit.dsc
PantherLakeBoardPkg/BiosId.env

================================================================================ 
Commit: 6bdf3c60f3c039c84850b60826086ccf23ea71ab 
Author: ClientSysFWGit <clientsysfwgit@intel.com> 
Date: Tue Jan 6 16:54:06 2026 +0530 
-------------------------------------------------------------------------------- 
"[TeamCity] WCL WildcatLake_wildcatlake_family_Daily Daily Updating Version/ID: WildcatLake_3475_01

Hsd-es-id: N/A"
Original commit date: Fri Nov 21 23:35:39 2025 +0000
Original commit hash: 442530473e88cdd084a54e6899231e6263ab6267

-------------------------------------------------------------------------------- 
[Changed Files]
OneSiliconPkg/Product/PantherLake/SiPkgPcdInit.dsc
PantherLakeBoardPkg/BiosId.env

================================================================================ 
Commit: 41f55d01d64c92b6be3dcb19b216245abe55d76c 
Author: ClientSysFWGit <clientsysfwgit@intel.com> 
Date: Tue Jan 6 16:53:55 2026 +0530 
-------------------------------------------------------------------------------- 
"[TeamCity] PTL PantherLake_pantherlake_family_Daily Daily Updating Version/ID: PantherLake_3475_00

Hsd-es-id: N/A"
Original commit date: Fri Nov 21 18:37:14 2025 +0000
Original commit hash: f0e3102e6400ba619bc7ae93189bd3975f4c2c7e

-------------------------------------------------------------------------------- 
[Changed Files]
OneSiliconPkg/Product/PantherLake/SiPkgPcdInit.dsc
PantherLakeBoardPkg/BiosId.env

================================================================================ 
Commit: 3c430d7959c4da20e9e598d45dfc9490ce8c09f2 
Author: ClientSysFWGit <clientsysfwgit@intel.com> 
Date: Tue Jan 6 16:53:45 2026 +0530 
-------------------------------------------------------------------------------- 
[SOC I/O] RP HLOM Set is not required

[Feature Description]
RP HLOM(Header Log Overflow Mask) Set is not required

Package/Module:IpPcieSip17

[Impacted Platform]
ALL

Hsd-es-id: 16029221279
Original commit date: Fri Nov 21 14:54:48 2025 +0530
Change-Id: Ibb532a627ab5927aae12a0b195363f3a01f0ed3d
Original commit hash: 846ebc0ebe3924b1e4e2c625e88af875ef4bcba7

-------------------------------------------------------------------------------- 
[Changed Files]
Features/HestFeaturePkg/HestDxe/HestDxe.c
OneSiliconPkg/IpBlock/IpPcieSip17/IpPcieLib/IpPcieSipInitLib.c

================================================================================ 
Commit: 70035600432a688015667e23ab992e6bc5b97020 
Author: ClientSysFWGit <clientsysfwgit@intel.com> 
Date: Tue Jan 6 16:53:34 2026 +0530 
-------------------------------------------------------------------------------- 
[SOC I/O] ACPI HEST implement to mask Device HLOS

[Feature Description]
ACPI HEST implement to mask Device HLOS (Header Log Overflow Status)

Package/Module:FeaturePkg

[Impacted Platform]
ALL

Hsd-es-id: 16029163550
Original commit date: Mon Nov 10 15:16:59 2025 +0530
Change-Id: I217e23b886d7d608a018db4a7c7fb406c0e92351
Original commit hash: 2e31191d02503d000e4fd999c5b9f2fa00c01e0e

-------------------------------------------------------------------------------- 
[Changed Files]
Features/HestFeaturePkg/HestDxe/HestDxe.c
Features/HestFeaturePkg/HestDxe/HestDxe.inf
Features/HestFeaturePkg/HestFeaturePkg.dec
Features/HestFeaturePkg/HestFeaturePkg.dsc
Features/HestFeaturePkg/Include/HestFeature.dsc
Features/HestFeaturePkg/Readme.md
OneSiliconPkg/IpBlock/IpPcieSip17/IpPcieLib/IpPcieSipInitLib.c
PantherLakeBoardPkg/BoardPkg.dsc
PantherLakeBoardPkg/BoardPkg.fdf
PantherLakeBoardPkg/BoardPkgPcdInit.dsc

================================================================================ 
Commit: 7f6a2918468a63232a477f898aaa0def0947a076 
Author: ClientSysFWGit <clientsysfwgit@intel.com> 
Date: Tue Jan 6 16:53:22 2026 +0530 
-------------------------------------------------------------------------------- 
"[TeamCity] WCL WildcatLake_wildcatlake_family_Daily Daily Updating Version/ID: WildcatLake_3474_02

Hsd-es-id: N/A"
Original commit date: Fri Nov 21 05:44:18 2025 +0000
Original commit hash: 4ca0800b5f7d21f184399c2132087a5d17aaab3e

-------------------------------------------------------------------------------- 
[Changed Files]
OneSiliconPkg/Product/PantherLake/SiPkgPcdInit.dsc
PantherLakeBoardPkg/BiosId.env

================================================================================ 
Commit: 695f143a0f35e4d36e2dbda99a9ce81b2054b6c1 
Author: ClientSysFWGit <clientsysfwgit@intel.com> 
Date: Tue Jan 6 16:53:11 2026 +0530 
-------------------------------------------------------------------------------- 
"[TeamCity] WCL WildcatLake_wildcatlake_family_Daily Daily Updating Version/ID: WildcatLake_3474_01

Hsd-es-id: N/A"
Original commit date: Thu Nov 20 23:35:45 2025 +0000
Original commit hash: 047e5fc73c3ed0cb74aad9b22294d69fdabc0ee9

-------------------------------------------------------------------------------- 
[Changed Files]
OneSiliconPkg/Product/PantherLake/SiPkgPcdInit.dsc
PantherLakeBoardPkg/BiosId.env

================================================================================ 
Commit: 0fec4b3b00fa4a6b52632b4b5981308c81374172 
Author: ClientSysFWGit <clientsysfwgit@intel.com> 
Date: Tue Jan 6 16:53:01 2026 +0530 
-------------------------------------------------------------------------------- 
"[TeamCity] PTL PantherLake_pantherlake_family_Daily Daily Updating Version/ID: PantherLake_3474_00

Hsd-es-id: N/A"
Original commit date: Thu Nov 20 18:37:13 2025 +0000
Original commit hash: 3c228084a56b1b24a074db9256b23db4d71e44e3

-------------------------------------------------------------------------------- 
[Changed Files]
OneSiliconPkg/Product/PantherLake/SiPkgPcdInit.dsc
PantherLakeBoardPkg/BiosId.env

================================================================================ 
Commit: 21b67a66281456fd43f79c35c0de0fb48042350d 
Author: ClientSysFWGit <clientsysfwgit@intel.com> 
Date: Tue Jan 6 16:52:49 2026 +0530 
-------------------------------------------------------------------------------- 
BIOS to support HDMI/DP connectors over TCSS lane.

[Feature Description]
This feature enables HDMI and DP connectors over the TCSS lanes

Package/Module: OneSiliconPkg

[Impacted Platform]
Default ALL

Hsd-es-id: 16028813117
Original commit date: Fri Sep 26 06:38:41 2025 +0530
Change-Id: Ic303be24ded3515893059381b42eb291e0b6b4bc
Original commit hash: 970f059f30c0395a3f088606edc5a145bbf9c745

-------------------------------------------------------------------------------- 
[Changed Files]
OneSiliconPkg/Fru/PtlPcd/Tcss/LibraryPrivate/PtlPcdTcssInitLib/PtlPcdTcssInitCommon.c
OneSiliconPkg/IpBlock/Iom/Include/IpIom.h
OneSiliconPkg/IpBlock/Iom/Include/Registers/IomRegs.h
OneSiliconPkg/IpBlock/Iom/IpIomLib/IpIomLib.c
OneSiliconPkg/IpBlock/Usb4/IncludePrivate/IpUsb4.h
OneSiliconPkg/Subsystem/Tcss/TcssLib/TcssInit.c

================================================================================ 
Commit: 5f56a3a6d1d30bf5b0365d468f2fd4108849892c 
Author: ClientSysFWGit <clientsysfwgit@intel.com> 
Date: Tue Jan 6 16:52:38 2026 +0530 
-------------------------------------------------------------------------------- 
Add support for DP/HDMI connector over TypeC ports

[Feature Description]
Add support for DP/HDMI native connector over TCP0 and TCP1 ports

Package/Module: BoardPkg

[Impacted Platform]
Default ALL

Hsd-es-id: 16028183840
Original commit date: Tue Aug 12 21:09:58 2025 +0530
Change-Id: If23b223c528efd99c4504198cfa5272c4c9450b3
Original commit hash: 192599d721c442173f79c41efe81b619ede915ec

-------------------------------------------------------------------------------- 
[Changed Files]
PantherLakeBoardPkg/BoardSupport/Library/PeiPolicyBoardConfigLib/PeiSaPolicyBoardConfigPreMem.c
PantherLakeBoardPkg/Features/ModularUsbCIo/ModularUsbCIo.h
PantherLakeBoardPkg/Features/ModularUsbCIo/ModularUsbCIoPei.c

================================================================================ 
Commit: b94ed0bf137bd4508b29b823e5316532da9be7f3 
Author: ClientSysFWGit <clientsysfwgit@intel.com> 
Date: Tue Jan 6 16:52:28 2026 +0530 
-------------------------------------------------------------------------------- 
Bluetooth - Timeout does not work as UEFI spec in Intel UEFI BLE Driver

[Issue Description]
Bluetooth - Timeout does not work as UEFI spec in Intel UEFI BLE Driver

[Resolution]
Input: 10000ms to LeConfigProtocol->Scan as per UEFI Spec
Remove Multi of 1000 from iLE_start_scan_ex timeout variable

Package/Module: Intel\Features\BluetoothPkg\BluetoothBusDxe and Intel\Features\BluetoothPkg\BluetoothConnectionManagerDxe

[Impacted Platform]
PTL

Hsd-es-id: 16029135016
Original commit date: Thu Nov 13 19:43:08 2025 +0530
Change-Id: I779c1b9425d39c934885fc0600d521b77a0937d1
Original commit hash: 9afd2b37039335822636784ea4e9cd1326219351

-------------------------------------------------------------------------------- 
[Changed Files]
Features/BluetoothPkg/BluetoothBusDxe/iLE/apps/src/uefi_app.c
Features/BluetoothPkg/BluetoothConnectionManagerDxe/BluetoothConnectionManagerDxe.c

================================================================================ 
Commit: 2ff0e44d551ace2eb05c3e6d2d5d2a7d18523fa4 
Author: ClientSysFWGit <clientsysfwgit@intel.com> 
Date: Tue Jan 6 16:52:17 2026 +0530 
-------------------------------------------------------------------------------- 
"[TeamCity] WCL WildcatLake_wildcatlake_family_Daily Daily Updating Version/ID: WildcatLake_3473_01

Hsd-es-id: N/A"
Original commit date: Wed Nov 19 23:43:03 2025 +0000
Original commit hash: 5d58a1291141b82a13a88f509b6d21083bb50942

-------------------------------------------------------------------------------- 
[Changed Files]
OneSiliconPkg/Product/PantherLake/SiPkgPcdInit.dsc
PantherLakeBoardPkg/BiosId.env

================================================================================ 
Commit: 310030feb04900d3eaa200458a420f3b61ffceb0 
Author: ClientSysFWGit <clientsysfwgit@intel.com> 
Date: Tue Jan 6 16:52:06 2026 +0530 
-------------------------------------------------------------------------------- 
"[TeamCity] PTL PantherLake_pantherlake_family_Daily Daily Updating Version/ID: PantherLake_3473_00

Hsd-es-id: N/A"
Original commit date: Wed Nov 19 18:35:55 2025 +0000
Original commit hash: c679faca41240416545ceb7edfa58e62c3d18b1f

-------------------------------------------------------------------------------- 
[Changed Files]
OneSiliconPkg/Product/PantherLake/SiPkgPcdInit.dsc
PantherLakeBoardPkg/BiosId.env

================================================================================ 
Commit: 97b74b14b0afa4423df9cd9b7110ff6075b2a2ab 
Author: ClientSysFWGit <clientsysfwgit@intel.com> 
Date: Tue Jan 6 16:51:45 2026 +0530 
-------------------------------------------------------------------------------- 
Update MRC Green Payload for MRC build revision 0.0.118.0

[Feature Description]
Updating MrcVersion.h and ReleaseNotes.

Package/Module:OneSiliconPkg/MemoryInit

[Impacted Platform]
All

Registers impacted: None

Hsd-es-id: 22018552565
Original commit date: Wed Nov 19 06:38:47 2025 -0800
Original commit hash: 9655d93e29c4d00eadb320aace8ca788ce4b4759

-------------------------------------------------------------------------------- 
[Changed Files]
OneSiliconPkg/IpBlock/MemoryInit/src/UcManagement/Ptl/MrcUcPayloadData.c

================================================================================ 
Commit: aaebafebc41dd0a10d881be74a430cbe3c6f8a87 
Author: ClientSysFWGit <clientsysfwgit@intel.com> 
Date: Tue Jan 6 16:51:34 2026 +0530 
-------------------------------------------------------------------------------- 
PTL MRC increment 0.0.118.0

[Feature Description]
Update Program-P Platform BIOS with Program-P MRC drop 0.0.118.0.

Package/Module: OneSiliconPkg/IpBlock/MemoryInit

[Impacted Platform]
All

Hsd-es-id: 18043921136
Original commit date: Fri Nov 14 21:16:25 2025 +0100
Change-Id: I50eaa69dcc10b22c769534c11dcba9b7591034a7
Original commit hash: 30008c79f5d201537325d74b2617211da0f75d70

-------------------------------------------------------------------------------- 
[Changed Files]
OneSiliconPkg/IpBlock/MemoryInit/Library/PeiMemPolicyLib/InputBlock/Ptl/MrcInputBlock.c
OneSiliconPkg/IpBlock/MemoryInit/src/ApiLib/BlueMrcGeneral.c
OneSiliconPkg/IpBlock/MemoryInit/src/IncludePrivate/Ptl/MrcVersion.h
OneSiliconPkg/IpBlock/MemoryInit/src/IncludePublic/Ptl/CMrcExtInputs.h
PantherLakeBoardPkg/Include/Dsc/HiiStructurePcd.dsc
PantherLakeFspPkg/Library/PeiPolicyUpdatePreMemLib/PeiSaPolicyUpdatePreMem.c
PantherLakeFspPkg/Upd/FspmUpd.dsc
PantherLakeFspPkg/Upd/UpdList/FSPM.txt
PantherLakePlatSamplePkg/Include/SetupVariable.h
PantherLakePlatSamplePkg/Library/PeiPolicyUpdateLib/PeiSaPolicyUpdatePreMem.c
PantherLakePlatSamplePkg/Setup/SaSetup.hfr
PantherLakePlatSamplePkg/Setup/SaSetup.uni

================================================================================ 
Commit: 2ba4829477939ac93cc179004e4fb28205a433b8 
Author: ClientSysFWGit <clientsysfwgit@intel.com> 
Date: Tue Jan 6 16:51:20 2026 +0530 
-------------------------------------------------------------------------------- 
Cannot set correct TDC Settings in BIOS Setup menu

[Issue Description]
TDC Settings incremented in multiples of 125 only.

[Resolution]
Set the TDC current limit to be incremented by 1.

Package/Module: PlatSamplePkg

[Impacted Platform]
P.

Hsd-es-id: 16029177524
Original commit date: Mon Nov 17 14:13:30 2025 +0530
Change-Id: Ief30c695f324c48a1ae4c7f5bc0bceb3069817e9
Original commit hash: 0b5fdaee6395cc3def279f3d23e1fd4b88a729e7

-------------------------------------------------------------------------------- 
[Changed Files]
PantherLakePlatSamplePkg/Setup/VoltageRegulatorSetup.hfr

================================================================================ 
Commit: 55f6fe25d07a494e552558d1528e335adbf3c0e6 
Author: ClientSysFWGit <clientsysfwgit@intel.com> 
Date: Tue Jan 6 16:51:09 2026 +0530 
-------------------------------------------------------------------------------- 
"[TeamCity] WCL WildcatLake_wildcatlake_family_Daily Daily Updating Version/ID: WildcatLake_3472_01

Hsd-es-id: N/A"
Original commit date: Tue Nov 18 23:36:08 2025 +0000
Original commit hash: d0a5e3554809b8f9a98797f0a5e5232fa281a828

-------------------------------------------------------------------------------- 
[Changed Files]
OneSiliconPkg/Product/PantherLake/SiPkgPcdInit.dsc
PantherLakeBoardPkg/BiosId.env

================================================================================ 
Commit: 3499acce963a427a956bd49a62f2956d530b9de0 
Author: ClientSysFWGit <clientsysfwgit@intel.com> 
Date: Tue Jan 6 16:50:49 2026 +0530 
-------------------------------------------------------------------------------- 
"[TeamCity] PTL PantherLake_pantherlake_family_Daily Daily Updating Version/ID: PantherLake_3472_00

Hsd-es-id: N/A"
Original commit date: Tue Nov 18 18:35:44 2025 +0000
Original commit hash: 83d164c8e373dce2194727f3165736008d9dcdf0

-------------------------------------------------------------------------------- 
[Changed Files]
OneSiliconPkg/Product/PantherLake/SiPkgPcdInit.dsc
PantherLakeBoardPkg/BiosId.env

================================================================================ 
Commit: 881dff6c78f36a8647f258e3c555f7bbf9c56263 
Author: ClientSysFWGit <clientsysfwgit@intel.com> 
Date: Tue Jan 6 16:50:39 2026 +0530 
-------------------------------------------------------------------------------- 
"[TeamCity] WCL WildcatLake_wildcatlake_family_Daily Daily Updating Version/ID: WildcatLake_3471_01

Hsd-es-id: N/A"
Original commit date: Mon Nov 17 23:36:15 2025 +0000
Original commit hash: 46e1fc6a4b132d8be56647ad3a98d6f8ed2d8f54

-------------------------------------------------------------------------------- 
[Changed Files]
OneSiliconPkg/Product/PantherLake/SiPkgPcdInit.dsc
PantherLakeBoardPkg/BiosId.env

================================================================================ 
Commit: 7ac563c27d9b5d4207da5bf12ba8a4676614bdcd 
Author: ClientSysFWGit <clientsysfwgit@intel.com> 
Date: Tue Jan 6 16:50:29 2026 +0530 
-------------------------------------------------------------------------------- 
"[TeamCity] PTL PantherLake_pantherlake_family_Daily Daily Updating Version/ID: PantherLake_3471_00

Hsd-es-id: N/A"
Original commit date: Mon Nov 17 18:36:26 2025 +0000
Original commit hash: 26c36c6f11ae3d170d4152952d3da0c87d9c2f12

-------------------------------------------------------------------------------- 
[Changed Files]
OneSiliconPkg/Product/PantherLake/SiPkgPcdInit.dsc
PantherLakeBoardPkg/BiosId.env

================================================================================ 
Commit: 600d77348678ad8c8d46ebda8555bd264671f8f9 
Author: ClientSysFWGit <clientsysfwgit@intel.com> 
Date: Tue Jan 6 16:50:18 2026 +0530 
-------------------------------------------------------------------------------- 
[SOC I/O] Add Port arbiter programming to Grant count programming

[Feature Description]
Add Port Arbiter programming to PCIe Root Ports in PSF according to BWG

Package/Module:
OneSiliconPkg/Fru

[Impacted Platform]
All

Hsd-es-id: 18043822321
Original commit date: Fri Oct 10 16:30:18 2025 +0200
Change-Id: I7dfcedeaae4650c3e3850f3aebbaca0e6cad8a6e
Original commit hash: d72080926c74620b4fc13485a373992bdf3facff

-------------------------------------------------------------------------------- 
[Changed Files]
OneSiliconPkg/Fru/PtlPcd/IncludePrivate/Library/PtlPcdFiaSocLib.h
OneSiliconPkg/Fru/PtlPcd/IncludePrivate/Register/PsfRegsWclPcd.h
OneSiliconPkg/Fru/PtlPcd/LibraryPrivate/PtlPcdFiaLib/FiaSocLibPtl.c
OneSiliconPkg/Fru/PtlPcd/LibraryPrivate/PtlPcdPeiDxeSmmPsfLib/WclPcdPsfLib.c
OneSiliconPkg/Fru/PtlPcd/LibraryPrivate/PtlPcdPeiInitLib/PtlPcdRootPorts.c

================================================================================ 
Commit: 4b217f0166eda53b4fcc0ae3702f038b515f2546 
Author: ClientSysFWGit <clientsysfwgit@intel.com> 
Date: Tue Jan 6 16:50:06 2026 +0530 
-------------------------------------------------------------------------------- 
"[TeamCity] PTL PantherLake_pantherlake_family_Daily Daily Updating Version/ID: PantherLake_3470_01

Hsd-es-id: N/A"
Original commit date: Mon Nov 17 03:10:49 2025 +0000
Original commit hash: 52d0a9a857ae4d0b07008f41cc96eb89ede9f7ad

-------------------------------------------------------------------------------- 
[Changed Files]
OneSiliconPkg/Product/PantherLake/SiPkgPcdInit.dsc
PantherLakeBoardPkg/BiosId.env

================================================================================ 
Commit: c3ee193d884f50fc4560f9bbdd58f8735020e6cc 
Author: ClientSysFWGit <clientsysfwgit@intel.com> 
Date: Tue Jan 6 16:49:55 2026 +0530 
-------------------------------------------------------------------------------- 
"[TeamCity] WCL WildcatLake_wildcatlake_family_Daily Daily Updating Version/ID: WildcatLake_3470_00

Hsd-es-id: N/A"
Original commit date: Sun Nov 16 23:35:24 2025 +0000
Original commit hash: 62cb53438377e6ae2878d9a8c7deaf35ca75abc9

-------------------------------------------------------------------------------- 
[Changed Files]
OneSiliconPkg/Product/PantherLake/SiPkgPcdInit.dsc
PantherLakeBoardPkg/BiosId.env

================================================================================ 
Commit: 2b56a279cf1dea22871f533e9b358627bb941215 
Author: ClientSysFWGit <clientsysfwgit@intel.com> 
Date: Tue Jan 6 16:49:48 2026 +0530 
-------------------------------------------------------------------------------- 
"[TeamCity] WCL WildcatLake_wildcatlake_family_Daily Daily Updating Version/ID: WildcatLake_3466_00

Hsd-es-id: N/A"
Original commit date: Sat Nov 15 23:33:49 2025 +0000
Original commit hash: 1cd94dc55e287618b823ed332b4bfa8e8c3ae646

-------------------------------------------------------------------------------- 
[Changed Files]
OneSiliconPkg/Product/PantherLake/SiPkgPcdInit.dsc
PantherLakeBoardPkg/BiosId.env

================================================================================ 
Commit: 998cf4ea98f2eaeeb1ba08e5f8daaba9d8d60c5b 
Author: ClientSysFWGit <clientsysfwgit@intel.com> 
Date: Tue Jan 6 16:49:38 2026 +0530 
-------------------------------------------------------------------------------- 
"[TeamCity] WCL WildcatLake_wildcatlake_family_Daily Daily Updating Version/ID: WildcatLake_3465_00

Hsd-es-id: N/A"
Original commit date: Fri Nov 14 23:37:41 2025 +0000
Original commit hash: fe00c9b3316e5a6de89b7c59cae87b53db676e36

-------------------------------------------------------------------------------- 
[Changed Files]
OneSiliconPkg/Product/PantherLake/SiPkgPcdInit.dsc
PantherLakeBoardPkg/BiosId.env

================================================================================ 
Commit: b14cbd3b2b5bfc469f232ae3d75208cbc0388fea 
Author: ClientSysFWGit <clientsysfwgit@intel.com> 
Date: Tue Jan 6 16:49:27 2026 +0530 
-------------------------------------------------------------------------------- 
"[TeamCity] PTL PantherLake_pantherlake_family_Daily Daily Updating Version/ID: PantherLake_3464_01

Hsd-es-id: N/A"
Original commit date: Fri Nov 14 06:34:22 2025 +0000
Original commit hash: 0ffdea2e6e2ecb636156dc6d503cf0f80b3eab3c

-------------------------------------------------------------------------------- 
[Changed Files]
OneSiliconPkg/Product/PantherLake/SiPkgPcdInit.dsc
PantherLakeBoardPkg/BiosId.env

================================================================================ 
Commit: 7b5587c1941e3e64fc423fdc7880b5fee24533f2 
Author: ClientSysFWGit <clientsysfwgit@intel.com> 
Date: Tue Jan 6 16:49:17 2026 +0530 
-------------------------------------------------------------------------------- 
"[TeamCity] WCL WildcatLake_wildcatlake_family_Daily Daily Updating Version/ID: WildcatLake_3464_00

Hsd-es-id: N/A"
Original commit date: Thu Nov 13 23:35:41 2025 +0000
Change-Id: Idf5cce5c1bb038cb85eabea0977f75a91199c89d
Original commit hash: ae41f49e41675ca6be42a8bd3fc0f16b182a7cf3

-------------------------------------------------------------------------------- 
[Changed Files]
OneSiliconPkg/Product/PantherLake/SiPkgPcdInit.dsc
PantherLakeBoardPkg/BiosId.env

================================================================================ 
Commit: 9c65454a6b65b9b25c21f3cf71eea966ee1e196c 
Author: ClientSysFWGit <clientsysfwgit@intel.com> 
Date: Tue Jan 6 16:49:06 2026 +0530 
-------------------------------------------------------------------------------- 
Reapply "LPSS UART missing debug prints fix"

This reverts commit 9cf6c6390306e6d19b3969c291746d7e3a9b0a01.

Wed Dec 3 12:45:19 2025 +0530
Original commit date: Wed Dec 3 12:45:19 2025 +0530
Original commit hash: aa298a17f912c7ab5cf0433600df1a3dec18e6b7

-------------------------------------------------------------------------------- 
[Changed Files]
Features/Manageability/PlatformSanitizeFeaturePkg/PlatformSanitizeFeaturePkg.dsc
OneSiliconPkg/Fru/PtlPcd/Dxe.dsc
OneSiliconPkg/Fsp/FspDebugInit/Pei/FspDebugServicePei.c
OneSiliconPkg/Fsp/Library/DebugLibDebugPort/Pei/DebugLibDebugPort.c
OneSiliconPkg/Product/PantherLake/SiPkgDxe.dsc
PantherLakeBoardPkg/BoardPkg.dsc
PantherLakeBoardPkg/Features/Setup/Include/Dsc/SetupDxe.dsc
PantherLakeBoardPkg/Include/Dsc/CoreDxeDrivers.dsc
PantherLakeBoardPkg/Include/Dsc/CoreDxeInclude.dsc
PantherLakePlatSamplePkg/Features/PlatformStatusCodeHandler/RuntimeDxe/PlatformStatusCodeHandlerRuntimeDxe.c
PantherLakePlatSamplePkg/Features/PlatformStatusCodeHandler/RuntimeDxe/PlatformStatusCodeHandlerRuntimeDxe.h
PantherLakePlatSamplePkg/Features/PlatformStatusCodeHandler/RuntimeDxe/PlatformStatusCodeHandlerRuntimeDxe.inf
PantherLakePlatSamplePkg/Features/PlatformStatusCodeHandler/RuntimeDxe/SerialIoUartDxeStatusCodeWorker.c
PantherLakePlatSamplePkg/Library/BaseDebugLibAllDebugPort/DebugLib.c

================================================================================ 
Commit: 8227a5fff0f162ad043c256bea3f727405f2126b 
Author: ClientSysFWGit <clientsysfwgit@intel.com> 
Date: Tue Jan 6 16:47:42 2026 +0530 
-------------------------------------------------------------------------------- 
"[TeamCity] WCL WildcatLake_wildcatlake_program_platform_Daily Daily Updating Version/ID: WildcatLake_3463_04

Hsd-es-id: N/A"
Original commit date: Fri Nov 21 06:48:41 2025 +0000
Original commit hash: 99e3dd9eeeb8db87fd9980f759dd16c2926c8b8e

-------------------------------------------------------------------------------- 
[Changed Files]
Doxygen/BoardApi.chm
Doxygen/FspApi.chm
Doxygen/PantherLake_FSP_Integration_Guide.chm
Doxygen/PantherLake_FSP_Integration_Guide.pdf
Doxygen/PlatApi.chm
Doxygen/SiPkgApi.chm
Features/Camera/MipiCamFeaturePkg/MipiCamInstallTableDxe/UnitTest/CleanUp/InitializeMipiCam/CleanUpInitializeMipiCam.c
Features/Camera/MipiCamFeaturePkg/MipiCamInstallTableDxe/UnitTest/CleanUp/InitializeMipiCam/CleanUpInitializeMipiCam.h
Features/Camera/MipiCamFeaturePkg/MipiCamInstallTableDxe/UnitTest/MipiCamInstallTableDxeHost.inf
Features/Camera/MipiCamFeaturePkg/MipiCamInstallTableDxe/UnitTest/PreRequisite/InitializeMipiCam/PreInitializeMipiCam.c
Features/Camera/MipiCamFeaturePkg/MipiCamInstallTableDxe/UnitTest/PreRequisite/InitializeMipiCam/PreInitializeMipiCam.h
Features/Camera/MipiCamFeaturePkg/MipiCamInstallTableDxe/UnitTest/PrivateMock/PrivateMock.c
Features/Camera/MipiCamFeaturePkg/MipiCamInstallTableDxe/UnitTest/PrivateMock/PrivateMock.h
Features/Camera/MipiCamFeaturePkg/MipiCamInstallTableDxe/UnitTest/TestCase/InitializeMipiCam/TestCaseInitializeMipiCam.c
Features/Camera/MipiCamFeaturePkg/MipiCamInstallTableDxe/UnitTest/TestCase/InitializeMipiCam/TestCaseInitializeMipiCam.h
Features/Camera/MipiCamFeaturePkg/MipiCamInstallTableDxe/UnitTest/UnitTestMain.c
Features/Camera/MipiCamFeaturePkg/MipiCamInstallTableDxe/UnitTest/UnitTestMain.h
Features/Camera/MipiCamFeaturePkg/Test/MipiCamFeaturePkgHostTest.dsc
Features/ClientSmbiosFeaturePkg/SmbiosMiscDxe/UnitTest/CleanUp/AddSmbiosRecord/CleanUpAddSmbiosRecord.c
Features/ClientSmbiosFeaturePkg/SmbiosMiscDxe/UnitTest/CleanUp/AddSmbiosRecord/CleanUpAddSmbiosRecord.h
Features/ClientSmbiosFeaturePkg/SmbiosMiscDxe/UnitTest/CleanUp/AddSmbiosT14Callback/CleanUpAddSmbiosT14Callback.c
Features/ClientSmbiosFeaturePkg/SmbiosMiscDxe/UnitTest/CleanUp/AddSmbiosT14Callback/CleanUpAddSmbiosT14Callback.h
Features/ClientSmbiosFeaturePkg/SmbiosMiscDxe/UnitTest/CleanUp/AddSmbiosT24Callback/CleanUpAddSmbiosT24Callback.c
Features/ClientSmbiosFeaturePkg/SmbiosMiscDxe/UnitTest/CleanUp/AddSmbiosT24Callback/CleanUpAddSmbiosT24Callback.h
Features/ClientSmbiosFeaturePkg/SmbiosMiscDxe/UnitTest/CleanUp/MiscCommonSmbiosFunction/CleanUpMiscCommonSmbiosFunction.c
Features/ClientSmbiosFeaturePkg/SmbiosMiscDxe/UnitTest/CleanUp/MiscCommonSmbiosFunction/CleanUpMiscCommonSmbiosFunction.h
Features/ClientSmbiosFeaturePkg/SmbiosMiscDxe/UnitTest/CleanUp/SmbiosMiscEntryPoint/CleanUpSmbiosMiscEntryPoint.c
Features/ClientSmbiosFeaturePkg/SmbiosMiscDxe/UnitTest/CleanUp/SmbiosMiscEntryPoint/CleanUpSmbiosMiscEntryPoint.h
Features/ClientSmbiosFeaturePkg/SmbiosMiscDxe/UnitTest/CleanUp/UpdateMiscSmbios/CleanUpUpdateMiscSmbios.c
Features/ClientSmbiosFeaturePkg/SmbiosMiscDxe/UnitTest/CleanUp/UpdateMiscSmbios/CleanUpUpdateMiscSmbios.h
Features/ClientSmbiosFeaturePkg/SmbiosMiscDxe/UnitTest/CleanUp/UpdateMiscSmbiosCallback/CleanUpUpdateMiscSmbiosCallback.c
Features/ClientSmbiosFeaturePkg/SmbiosMiscDxe/UnitTest/CleanUp/UpdateMiscSmbiosCallback/CleanUpUpdateMiscSmbiosCallback.h
Features/ClientSmbiosFeaturePkg/SmbiosMiscDxe/UnitTest/PreRequisite/AddSmbiosRecord/PreAddSmbiosRecord.c
Features/ClientSmbiosFeaturePkg/SmbiosMiscDxe/UnitTest/PreRequisite/AddSmbiosRecord/PreAddSmbiosRecord.h
Features/ClientSmbiosFeaturePkg/SmbiosMiscDxe/UnitTest/PreRequisite/AddSmbiosT14Callback/PreAddSmbiosT14Callback.c
Features/ClientSmbiosFeaturePkg/SmbiosMiscDxe/UnitTest/PreRequisite/AddSmbiosT14Callback/PreAddSmbiosT14Callback.h
Features/ClientSmbiosFeaturePkg/SmbiosMiscDxe/UnitTest/PreRequisite/AddSmbiosT24Callback/PreAddSmbiosT24Callback.c
Features/ClientSmbiosFeaturePkg/SmbiosMiscDxe/UnitTest/PreRequisite/AddSmbiosT24Callback/PreAddSmbiosT24Callback.h
Features/ClientSmbiosFeaturePkg/SmbiosMiscDxe/UnitTest/PreRequisite/MiscCommonSmbiosFunction/PreMiscCommonSmbiosFunction.c
Features/ClientSmbiosFeaturePkg/SmbiosMiscDxe/UnitTest/PreRequisite/MiscCommonSmbiosFunction/PreMiscCommonSmbiosFunction.h
Features/ClientSmbiosFeaturePkg/SmbiosMiscDxe/UnitTest/PreRequisite/SmbiosMiscEntryPoint/PreSmbiosMiscEntryPoint.c
Features/ClientSmbiosFeaturePkg/SmbiosMiscDxe/UnitTest/PreRequisite/SmbiosMiscEntryPoint/PreSmbiosMiscEntryPoint.h
Features/ClientSmbiosFeaturePkg/SmbiosMiscDxe/UnitTest/PreRequisite/UpdateMiscSmbios/PreUpdateMiscSmbios.c
Features/ClientSmbiosFeaturePkg/SmbiosMiscDxe/UnitTest/PreRequisite/UpdateMiscSmbios/PreUpdateMiscSmbios.h
Features/ClientSmbiosFeaturePkg/SmbiosMiscDxe/UnitTest/PreRequisite/UpdateMiscSmbiosCallback/PreUpdateMiscSmbiosCallback.c
Features/ClientSmbiosFeaturePkg/SmbiosMiscDxe/UnitTest/PreRequisite/UpdateMiscSmbiosCallback/PreUpdateMiscSmbiosCallback.h
Features/ClientSmbiosFeaturePkg/SmbiosMiscDxe/UnitTest/PrivateMock/PrivateMock.c
Features/ClientSmbiosFeaturePkg/SmbiosMiscDxe/UnitTest/PrivateMock/PrivateMock.h
Features/ClientSmbiosFeaturePkg/SmbiosMiscDxe/UnitTest/PrivateMock/SmbiosMiscDxeDefault.c
Features/ClientSmbiosFeaturePkg/SmbiosMiscDxe/UnitTest/PrivateMock/SmbiosMiscDxeDefault.h
Features/ClientSmbiosFeaturePkg/SmbiosMiscDxe/UnitTest/PrivateMock/SmbiosMiscDxeDefinition.h
Features/ClientSmbiosFeaturePkg/SmbiosMiscDxe/UnitTest/PrivateMock/SmbiosMiscDxeStrings.h
Features/ClientSmbiosFeaturePkg/SmbiosMiscDxe/UnitTest/SmbiosMiscDxeHost.inf
Features/ClientSmbiosFeaturePkg/SmbiosMiscDxe/UnitTest/TestCase/AddSmbiosRecord/TestCaseAddSmbiosRecord.c
Features/ClientSmbiosFeaturePkg/SmbiosMiscDxe/UnitTest/TestCase/AddSmbiosRecord/TestCaseAddSmbiosRecord.h
Features/ClientSmbiosFeaturePkg/SmbiosMiscDxe/UnitTest/TestCase/AddSmbiosT14Callback/TestCaseAddSmbiosT14Callback.c
Features/ClientSmbiosFeaturePkg/SmbiosMiscDxe/UnitTest/TestCase/AddSmbiosT14Callback/TestCaseAddSmbiosT14Callback.h
Features/ClientSmbiosFeaturePkg/SmbiosMiscDxe/UnitTest/TestCase/AddSmbiosT24Callback/TestCaseAddSmbiosT24Callback.c
Features/ClientSmbiosFeaturePkg/SmbiosMiscDxe/UnitTest/TestCase/AddSmbiosT24Callback/TestCaseAddSmbiosT24Callback.h
Features/ClientSmbiosFeaturePkg/SmbiosMiscDxe/UnitTest/TestCase/MiscCommonSmbiosFunction/TestCaseMiscCommonSmbiosFunction.c
Features/ClientSmbiosFeaturePkg/SmbiosMiscDxe/UnitTest/TestCase/MiscCommonSmbiosFunction/TestCaseMiscCommonSmbiosFunction.h
Features/ClientSmbiosFeaturePkg/SmbiosMiscDxe/UnitTest/TestCase/SmbiosMiscEntryPoint/TestCaseSmbiosMiscEntryPoint.c
Features/ClientSmbiosFeaturePkg/SmbiosMiscDxe/UnitTest/TestCase/SmbiosMiscEntryPoint/TestCaseSmbiosMiscEntryPoint.h
Features/ClientSmbiosFeaturePkg/SmbiosMiscDxe/UnitTest/TestCase/SmbiosStrInit/TestCaseSmbiosStrInit.c
Features/ClientSmbiosFeaturePkg/SmbiosMiscDxe/UnitTest/TestCase/SmbiosStrInit/TestCaseSmbiosStrInit.h
Features/ClientSmbiosFeaturePkg/SmbiosMiscDxe/UnitTest/TestCase/SmbiosStringsUpdate/TestCaseSmbiosStringsUpdate.c
Features/ClientSmbiosFeaturePkg/SmbiosMiscDxe/UnitTest/TestCase/SmbiosStringsUpdate/TestCaseSmbiosStringsUpdate.h
Features/ClientSmbiosFeaturePkg/SmbiosMiscDxe/UnitTest/TestCase/UpdateMiscSmbios/TestCaseUpdateMiscSmbios.c
Features/ClientSmbiosFeaturePkg/SmbiosMiscDxe/UnitTest/TestCase/UpdateMiscSmbios/TestCaseUpdateMiscSmbios.h
Features/ClientSmbiosFeaturePkg/SmbiosMiscDxe/UnitTest/TestCase/UpdateMiscSmbiosCallback/TestCaseUpdateMiscSmbiosCallback.c
Features/ClientSmbiosFeaturePkg/SmbiosMiscDxe/UnitTest/TestCase/UpdateMiscSmbiosCallback/TestCaseUpdateMiscSmbiosCallback.h
Features/ClientSmbiosFeaturePkg/SmbiosMiscDxe/UnitTest/UnitTestMain.c
Features/ClientSmbiosFeaturePkg/SmbiosMiscDxe/UnitTest/UnitTestMain.h
Features/ClientSmbiosFeaturePkg/SmbiosTpmDeviceInfo/UnitTest/SmbiosTpmDeviceInfoHost.inf
Features/ClientSmbiosFeaturePkg/SmbiosTpmDeviceInfo/UnitTest/TestCase/SmbiosTpmDeviceInfoTestCase.c
Features/ClientSmbiosFeaturePkg/SmbiosTpmDeviceInfo/UnitTest/TestCase/SmbiosTpmDeviceInfoTestCase.h
Features/ClientSmbiosFeaturePkg/SmbiosTpmDeviceInfo/UnitTest/UnitTestMain.c
Features/ClientSmbiosFeaturePkg/SmbiosTpmDeviceInfo/UnitTest/UnitTestMain.h
Features/ClientSmbiosFeaturePkg/Test/ClientSmbiosFeaturePkgHostTest.dsc
Features/ClientSmbiosFeaturePkg/Test/CommonMock/BasePcdLibMock.inf
Features/ClientSmbiosFeaturePkg/Test/CommonMock/BootServicesMock.c
Features/ClientSmbiosFeaturePkg/Test/CommonMock/BootServicesMock.h
Features/ClientSmbiosFeaturePkg/Test/CommonMock/PcdLibMock.c
Features/ClientSmbiosFeaturePkg/Test/CommonMock/UefiLibMock.c
Features/CmosFeaturePkg/Test/CmosFeaturePkgHostTest.dsc
Features/Connectivity/CnvFeaturePkg/CnvDxe/UnitTest/CnvDxeHost.inf
Features/Connectivity/CnvFeaturePkg/CnvDxe/UnitTest/PrivateMock/Library/LibMock/LibMock.c
Features/Connectivity/CnvFeaturePkg/CnvDxe/UnitTest/PrivateMock/Library/LibMock/LibMock.inf
Features/Connectivity/CnvFeaturePkg/CnvDxe/UnitTest/TestCase/CnvNvsAreaInit/TestCaseCnvNvsAreaInit.c
Features/Connectivity/CnvFeaturePkg/CnvDxe/UnitTest/TestCase/CnvNvsAreaInit/TestCaseCnvNvsAreaInit.h
Features/Connectivity/CnvFeaturePkg/CnvDxe/UnitTest/TestCase/CnvNvsAreaUpdate/TestCaseCnvNvsAreaUpdate.c
Features/Connectivity/CnvFeaturePkg/CnvDxe/UnitTest/TestCase/CnvNvsAreaUpdate/TestCaseCnvNvsAreaUpdate.h
Features/Connectivity/CnvFeaturePkg/CnvDxe/UnitTest/UnitTestMain.c
Features/Connectivity/CnvFeaturePkg/CnvDxe/UnitTest/UnitTestMain.h
Features/Connectivity/CnvFeaturePkg/CnvUefiConfigVariables/UnitTest/CnvUefiConfigVariables2Host.inf
Features/Connectivity/CnvFeaturePkg/CnvUefiConfigVariables/UnitTest/PrivateMock/PrivateMock.c
Features/Connectivity/CnvFeaturePkg/CnvUefiConfigVariables/UnitTest/PrivateMock/PrivateMock.h
Features/Connectivity/CnvFeaturePkg/CnvUefiConfigVariables/UnitTest/TestCase/CnvUefiConfigVarVer2/InstallBbfb/TestCaseInstallBbfbVer2.c
Features/Connectivity/CnvFeaturePkg/CnvUefiConfigVariables/UnitTest/TestCase/CnvUefiConfigVarVer2/InstallBbfb/TestCaseInstallBbfbVer2.h
Features/Connectivity/CnvFeaturePkg/CnvUefiConfigVariables/UnitTest/TestCase/CnvUefiConfigVarVer2/InstallBrdsRev2/TestCaseInstallBrdsRev2.c
Features/Connectivity/CnvFeaturePkg/CnvUefiConfigVariables/UnitTest/TestCase/CnvUefiConfigVarVer2/InstallBrdsRev2/TestCaseInstallBrdsRev2.h
Features/Connectivity/CnvFeaturePkg/CnvUefiConfigVariables/UnitTest/TestCase/CnvUefiConfigVarVer2/InstallBtDualChainMode/TestCaseInstallBtDualChainMode.c
Features/Connectivity/CnvFeaturePkg/CnvUefiConfigVariables/UnitTest/TestCase/CnvUefiConfigVarVer2/InstallBtDualChainMode/TestCaseInstallBtDualChainMode.h
Features/Connectivity/CnvFeaturePkg/CnvUefiConfigVariables/UnitTest/TestCase/CnvUefiConfigVarVer2/InstallBtDualMacMode/TestCaseInstallBtDualMacMode.c
Features/Connectivity/CnvFeaturePkg/CnvUefiConfigVariables/UnitTest/TestCase/CnvUefiConfigVarVer2/InstallBtDualMacMode/TestCaseInstallBtDualMacMode.h
Features/Connectivity/CnvFeaturePkg/CnvUefiConfigVariables/UnitTest/TestCase/CnvUefiConfigVarVer2/InstallBtPpag/TestCaseInstallBtPpagVer2.c
Features/Connectivity/CnvFeaturePkg/CnvUefiConfigVariables/UnitTest/TestCase/CnvUefiConfigVarVer2/InstallBtPpag/TestCaseInstallBtPpagVer2.h
Features/Connectivity/CnvFeaturePkg/CnvUefiConfigVariables/UnitTest/TestCase/CnvUefiConfigVarVer2/InstallBtlc/TestCaseInstallBtlcVer2.c
Features/Connectivity/CnvFeaturePkg/CnvUefiConfigVariables/UnitTest/TestCase/CnvUefiConfigVarVer2/InstallBtlc/TestCaseInstallBtlcVer2.h
Features/Connectivity/CnvFeaturePkg/CnvUefiConfigVariables/UnitTest/TestCase/CnvUefiConfigVarVer2/InstallCnvUefiVariables/TestCaseInstallCnvUefiVariablesVer2.c
Features/Connectivity/CnvFeaturePkg/CnvUefiConfigVariables/UnitTest/TestCase/CnvUefiConfigVarVer2/InstallCnvUefiVariables/TestCaseInstallCnvUefiVariablesVer2.h
Features/Connectivity/CnvFeaturePkg/CnvUefiConfigVariables/UnitTest/TestCase/CnvUefiConfigVarVer2/InstallEckv/TestCaseInstallEckvVer2.c
Features/Connectivity/CnvFeaturePkg/CnvUefiConfigVariables/UnitTest/TestCase/CnvUefiConfigVarVer2/InstallEckv/TestCaseInstallEckvVer2.h
Features/Connectivity/CnvFeaturePkg/CnvUefiConfigVariables/UnitTest/TestCase/CnvUefiConfigVarVer2/InstallEwrd/TestCaseInstallEwrdVer2.c
Features/Connectivity/CnvFeaturePkg/CnvUefiConfigVariables/UnitTest/TestCase/CnvUefiConfigVarVer2/InstallEwrd/TestCaseInstallEwrdVer2.h
Features/Connectivity/CnvFeaturePkg/CnvUefiConfigVariables/UnitTest/TestCase/CnvUefiConfigVarVer2/InstallMpcc/TestCaseInstallMpccVer2.c
Features/Connectivity/CnvFeaturePkg/CnvUefiConfigVariables/UnitTest/TestCase/CnvUefiConfigVarVer2/InstallMpcc/TestCaseInstallMpccVer2.h
Features/Connectivity/CnvFeaturePkg/CnvUefiConfigVariables/UnitTest/TestCase/CnvUefiConfigVarVer2/InstallPpag/TestCaseInstallPpagVer2.c
Features/Connectivity/CnvFeaturePkg/CnvUefiConfigVariables/UnitTest/TestCase/CnvUefiConfigVarVer2/InstallPpag/TestCaseInstallPpagVer2.h
Features/Connectivity/CnvFeaturePkg/CnvUefiConfigVariables/UnitTest/TestCase/CnvUefiConfigVarVer2/InstallSads/TestCaseInstallSadsVer2.c
Features/Connectivity/CnvFeaturePkg/CnvUefiConfigVariables/UnitTest/TestCase/CnvUefiConfigVarVer2/InstallSads/TestCaseInstallSadsVer2.h
Features/Connectivity/CnvFeaturePkg/CnvUefiConfigVariables/UnitTest/TestCase/CnvUefiConfigVarVer2/InstallSgom/TestCaseInstallSgomVer2.c
Features/Connectivity/CnvFeaturePkg/CnvUefiConfigVariables/UnitTest/TestCase/CnvUefiConfigVarVer2/InstallSgom/TestCaseInstallSgomVer2.h
Features/Connectivity/CnvFeaturePkg/CnvUefiConfigVariables/UnitTest/TestCase/CnvUefiConfigVarVer2/InstallSplc/TestCaseInstallSplcVer2.c
Features/Connectivity/CnvFeaturePkg/CnvUefiConfigVariables/UnitTest/TestCase/CnvUefiConfigVarVer2/InstallSplc/TestCaseInstallSplcVer2.h
Features/Connectivity/CnvFeaturePkg/CnvUefiConfigVariables/UnitTest/TestCase/CnvUefiConfigVarVer2/InstallWcsc/TestCaseInstallWcscVer2.c
Features/Connectivity/CnvFeaturePkg/CnvUefiConfigVariables/UnitTest/TestCase/CnvUefiConfigVarVer2/InstallWcsc/TestCaseInstallWcscVer2.h
Features/Connectivity/CnvFeaturePkg/CnvUefiConfigVariables/UnitTest/TestCase/CnvUefiConfigVarVer2/InstallWgds/TestCaseInstallWgdsVer2.c
Features/Connectivity/CnvFeaturePkg/CnvUefiConfigVariables/UnitTest/TestCase/CnvUefiConfigVarVer2/InstallWgds/TestCaseInstallWgdsVer2.h
Features/Connectivity/CnvFeaturePkg/CnvUefiConfigVariables/UnitTest/TestCase/CnvUefiConfigVarVer2/InstallWlanGeneralCfg/TestCaseInstallWlanGeneralCfg.c
Features/Connectivity/CnvFeaturePkg/CnvUefiConfigVariables/UnitTest/TestCase/CnvUefiConfigVarVer2/InstallWlanGeneralCfg/TestCaseInstallWlanGeneralCfg.h
Features/Connectivity/CnvFeaturePkg/CnvUefiConfigVariables/UnitTest/TestCase/CnvUefiConfigVarVer2/InstallWlanOemPnvm/TestCaseInstallWlanOemPnvm.c
Features/Connectivity/CnvFeaturePkg/CnvUefiConfigVariables/UnitTest/TestCase/CnvUefiConfigVarVer2/InstallWlanOemPnvm/TestCaseInstallWlanOemPnvm.h
Features/Connectivity/CnvFeaturePkg/CnvUefiConfigVariables/UnitTest/TestCase/CnvUefiConfigVarVer2/InstallWpfc/TestCaseInstallWpfcVer2.c
Features/Connectivity/CnvFeaturePkg/CnvUefiConfigVariables/UnitTest/TestCase/CnvUefiConfigVarVer2/InstallWpfc/TestCaseInstallWpfcVer2.h
Features/Connectivity/CnvFeaturePkg/CnvUefiConfigVariables/UnitTest/TestCase/CnvUefiConfigVarVer2/InstallWrdd/TestCaseInstallWrddVer2.c
Features/Connectivity/CnvFeaturePkg/CnvUefiConfigVariables/UnitTest/TestCase/CnvUefiConfigVarVer2/InstallWrdd/TestCaseInstallWrddVer2.h
Features/Connectivity/CnvFeaturePkg/CnvUefiConfigVariables/UnitTest/TestCase/CnvUefiConfigVarVer2/InstallWrds/TestCaseInstallWrdsVer2.c
Features/Connectivity/CnvFeaturePkg/CnvUefiConfigVariables/UnitTest/TestCase/CnvUefiConfigVarVer2/InstallWrds/TestCaseInstallWrdsVer2.h
Features/Connectivity/CnvFeaturePkg/CnvUefiConfigVariables/UnitTest/TestCase/CnvUefiConfigVarVer2/InstallWtas/TestCaseInstallWtasVer2.c
Features/Connectivity/CnvFeaturePkg/CnvUefiConfigVariables/UnitTest/TestCase/CnvUefiConfigVarVer2/InstallWtas/TestCaseInstallWtasVer2.h
Features/Connectivity/CnvFeaturePkg/CnvUefiConfigVariables/UnitTest/TestCase/CnvUefiConfigVarVer2/InstallWwanCoEx/TestCaseInstallWwanCoExVer2.c
Features/Connectivity/CnvFeaturePkg/CnvUefiConfigVariables/UnitTest/TestCase/CnvUefiConfigVarVer2/InstallWwanCoEx/TestCaseInstallWwanCoExVer2.h
Features/Connectivity/CnvFeaturePkg/CnvUefiConfigVariables/UnitTest/UnitTestMainVer2.c
Features/Connectivity/CnvFeaturePkg/CnvUefiConfigVariables/UnitTest/UnitTestMainVer2.h
Features/Connectivity/CnvFeaturePkg/CnvVfrSetupMenu/UnitTest/CnvVfrSetupMenuHost.inf
Features/Connectivity/CnvFeaturePkg/CnvVfrSetupMenu/UnitTest/TestCase/CnvVfrSetupMenuTestCase.c
Features/Connectivity/CnvFeaturePkg/CnvVfrSetupMenu/UnitTest/TestCase/CnvVfrSetupMenuTestCase.h
Features/Connectivity/CnvFeaturePkg/CnvVfrSetupMenu/UnitTest/UnitTestMain.c
Features/Connectivity/CnvFeaturePkg/CnvVfrSetupMenu/UnitTest/UnitTestMain.h
Features/Connectivity/CnvFeaturePkg/Test/CnvFeaturePkgHostTest.dsc
Features/Connectivity/CnvFeaturePkg/Test/CommonMock/BootServicesMock.c
Features/Connectivity/CnvFeaturePkg/Test/CommonMock/BootServicesMock.h
Features/Connectivity/CnvFeaturePkg/Test/CommonMock/Library/BasePcdLibMock/BasePcdLibMock.c
Features/Connectivity/CnvFeaturePkg/Test/CommonMock/Library/BasePcdLibMock/BasePcdLibMock.inf
Features/Connectivity/CnvFeaturePkg/Test/CommonMock/Library/BasePciLibMock/BasePciLibMock.c
Features/Connectivity/CnvFeaturePkg/Test/CommonMock/Library/BasePciLibMock/BasePciLibMock.inf
Features/Connectivity/CnvFeaturePkg/Test/CommonMock/RunTimeServicesMock.c
Features/Connectivity/CnvFeaturePkg/Test/CommonMock/RunTimeServicesMock.h
Features/Debug/CrashLogFeaturePkg/CrashLogDxe/UnitTest/CrashLogDxeHost.inf
Features/Debug/CrashLogFeaturePkg/CrashLogDxe/UnitTest/PrivateMock/HobLibMock.c
Features/Debug/CrashLogFeaturePkg/CrashLogDxe/UnitTest/TestCase/AddFirmwareErrorEntry/AddFirmwareErrorEntryMock.h
Features/Debug/CrashLogFeaturePkg/CrashLogDxe/UnitTest/TestCase/AddFirmwareErrorEntry/TestCase.c
Features/Debug/CrashLogFeaturePkg/CrashLogDxe/UnitTest/TestCase/CrashLogDxeEntry/CleanUp.c
Features/Debug/CrashLogFeaturePkg/CrashLogDxe/UnitTest/TestCase/CrashLogDxeEntry/CrashLogDxeEntryMock.h
Features/Debug/CrashLogFeaturePkg/CrashLogDxe/UnitTest/TestCase/CrashLogDxeEntry/PreRequisite.c
Features/Debug/CrashLogFeaturePkg/CrashLogDxe/UnitTest/TestCase/CrashLogDxeEntry/TestCase.c
Features/Debug/CrashLogFeaturePkg/CrashLogDxe/UnitTest/TestCase/GetPayloadInfoFromHob/GetPayloadInfoFromHobMock.h
Features/Debug/CrashLogFeaturePkg/CrashLogDxe/UnitTest/TestCase/GetPayloadInfoFromHob/TestCase.c
Features/Debug/CrashLogFeaturePkg/CrashLogDxe/UnitTest/TestCase/InitBertTbl/InitBertTblMock.h
Features/Debug/CrashLogFeaturePkg/CrashLogDxe/UnitTest/TestCase/InitBertTbl/TestCase.c
Features/Debug/CrashLogFeaturePkg/CrashLogDxe/UnitTest/TestCase/InitBertTblHeader/InitBertTblHeaderMock.h
Features/Debug/CrashLogFeaturePkg/CrashLogDxe/UnitTest/TestCase/InitBertTblHeader/TestCase.c
Features/Debug/CrashLogFeaturePkg/CrashLogDxe/UnitTest/TestCase/InitializePrivateData/InitializePrivateDataMock.h
Features/Debug/CrashLogFeaturePkg/CrashLogDxe/UnitTest/TestCase/InitializePrivateData/TestCase.c
Features/Debug/CrashLogFeaturePkg/CrashLogDxe/UnitTest/TestCase/InsertGenericErrorData/InsertGenericErrorDataMock.h
Features/Debug/CrashLogFeaturePkg/CrashLogDxe/UnitTest/TestCase/InsertGenericErrorData/TestCase.c
Features/Debug/CrashLogFeaturePkg/CrashLogDxe/UnitTest/TestCase/InsertRecordToBert/InsertRecordToBertMock.h
Features/Debug/CrashLogFeaturePkg/CrashLogDxe/UnitTest/TestCase/InsertRecordToBert/TestCase.c
Features/Debug/CrashLogFeaturePkg/CrashLogDxe/UnitTest/TestCase/InstallApeiBertTables/CleanUp.c
Features/Debug/CrashLogFeaturePkg/CrashLogDxe/UnitTest/TestCase/InstallApeiBertTables/InstallApeiBertTablesMock.h
Features/Debug/CrashLogFeaturePkg/CrashLogDxe/UnitTest/TestCase/InstallApeiBertTables/PreRequisite.c
Features/Debug/CrashLogFeaturePkg/CrashLogDxe/UnitTest/TestCase/InstallApeiBertTables/TestCase.c
Features/Debug/CrashLogFeaturePkg/CrashLogDxe/UnitTest/TestCase/UpdateAcpiTableIds/TestCase.c
Features/Debug/CrashLogFeaturePkg/CrashLogDxe/UnitTest/TestCase/UpdateAcpiTableIds/UpdateAcpiTableIdsMock.h
Features/Debug/CrashLogFeaturePkg/CrashLogDxe/UnitTest/UnitTestMain.c
Features/Debug/CrashLogFeaturePkg/CrashLogDxe/UnitTest/UnitTestMain.h
Features/Debug/CrashLogFeaturePkg/Test/CrashLogFeaturePkgHostTest.dsc
Features/Ec/EcFeaturePkg/BatteryDxe/UnitTest/BatteryDxeHost.inf
Features/Ec/EcFeaturePkg/BatteryDxe/UnitTest/TestCase/BatteryEnableCharging/TestCaseBatteryEnableCharging.c
Features/Ec/EcFeaturePkg/BatteryDxe/UnitTest/TestCase/BatteryEnableCharging/TestCaseBatteryEnableCharging.h
Features/Ec/EcFeaturePkg/BatteryDxe/UnitTest/TestCase/GetBatteryInformation/TestCaseGetBatteryInformation.c
Features/Ec/EcFeaturePkg/BatteryDxe/UnitTest/TestCase/GetBatteryInformation/TestCaseGetBatteryInformation.h
Features/Ec/EcFeaturePkg/BatteryDxe/UnitTest/TestCase/GetBatteryStatus/TestCaseGetBatteryStatus.c
Features/Ec/EcFeaturePkg/BatteryDxe/UnitTest/TestCase/GetBatteryStatus/TestCaseGetBatteryStatus.h
Features/Ec/EcFeaturePkg/BatteryDxe/UnitTest/TestCase/InstallBatteryProtocol/TestCaseInstallBatteryProtocol.c
Features/Ec/EcFeaturePkg/BatteryDxe/UnitTest/TestCase/InstallBatteryProtocol/TestCaseInstallBatteryProtocol.h
Features/Ec/EcFeaturePkg/BatteryDxe/UnitTest/UnitTestMain.c
Features/Ec/EcFeaturePkg/BatteryDxe/UnitTest/UnitTestMain.h
Features/Ec/EcFeaturePkg/EcDxe/UnitTest/EcDxeHost.inf
Features/Ec/EcFeaturePkg/EcDxe/UnitTest/PrivateMock/PrivateMock.c
Features/Ec/EcFeaturePkg/EcDxe/UnitTest/PrivateMock/PrivateMock.h
Features/Ec/EcFeaturePkg/EcDxe/UnitTest/TestCase/EcDxeInitialize/TestCaseEcDxeInitialize.c
Features/Ec/EcFeaturePkg/EcDxe/UnitTest/TestCase/EcDxeInitialize/TestCaseEcDxeInitialize.h
Features/Ec/EcFeaturePkg/EcDxe/UnitTest/TestCase/InstallEcSsdt/TestCaseInstallEcSsdt.c
Features/Ec/EcFeaturePkg/EcDxe/UnitTest/TestCase/InstallEcSsdt/TestCaseInstallEcSsdt.h
Features/Ec/EcFeaturePkg/EcDxe/UnitTest/TestCase/InstallSsdtAcpiTable/TestCaseInstallSsdtAcpiTable.c
Features/Ec/EcFeaturePkg/EcDxe/UnitTest/TestCase/InstallSsdtAcpiTable/TestCaseInstallSsdtAcpiTable.h
Features/Ec/EcFeaturePkg/EcDxe/UnitTest/TestCase/UpdateAcpiDataTable/TestCaseUpdateAcpiDataTable.c
Features/Ec/EcFeaturePkg/EcDxe/UnitTest/TestCase/UpdateAcpiDataTable/TestCaseUpdateAcpiDataTable.h
Features/Ec/EcFeaturePkg/EcDxe/UnitTest/UnitTestMain.c
Features/Ec/EcFeaturePkg/EcDxe/UnitTest/UnitTestMain.h
Features/Ec/EcFeaturePkg/Test/CommonMock/BootServicesMock.c
Features/Ec/EcFeaturePkg/Test/CommonMock/BootServicesMock.h
Features/Ec/EcFeaturePkg/Test/CommonMock/Library/BaseIoLibMock/BaseIoLibMock.c
Features/Ec/EcFeaturePkg/Test/CommonMock/Library/BaseIoLibMock/BaseIoLibMock.inf
Features/Ec/EcFeaturePkg/Test/CommonMock/Library/BasePcdLibMock/BasePcdLibMock.c
Features/Ec/EcFeaturePkg/Test/CommonMock/Library/BasePcdLibMock/BasePcdLibMock.inf
Features/Ec/EcFeaturePkg/Test/CommonMock/Library/BaseTimerLibMock/BaseTimerLibMock.c
Features/Ec/EcFeaturePkg/Test/CommonMock/Library/BaseTimerLibMock/BaseTimerLibMock.inf
Features/Ec/EcFeaturePkg/Test/EcFeaturePkgHostTest.dsc
Features/FirmwareGuard/CapsuleFeaturePkg/BiosResiliencyDxe/UnitTest/BiosResiliencyDxeHost.inf
Features/FirmwareGuard/CapsuleFeaturePkg/BiosResiliencyDxe/UnitTest/TestCase/BiosResiliencyDxeTestCase.c
Features/FirmwareGuard/CapsuleFeaturePkg/BiosResiliencyDxe/UnitTest/TestCase/BiosResiliencyDxeTestCase.h
Features/FirmwareGuard/CapsuleFeaturePkg/BiosResiliencyDxe/UnitTest/UnitTestMain.c
Features/FirmwareGuard/CapsuleFeaturePkg/BiosResiliencyDxe/UnitTest/UnitTestMain.h
Features/FirmwareGuard/CapsuleFeaturePkg/MeResiliencyDxe/UnitTest/MeResiliencyDxeHost.inf
Features/FirmwareGuard/CapsuleFeaturePkg/MeResiliencyDxe/UnitTest/TestCase/MeResiliencyDxeTestCase.c
Features/FirmwareGuard/CapsuleFeaturePkg/MeResiliencyDxe/UnitTest/TestCase/MeResiliencyDxeTestCase.h
Features/FirmwareGuard/CapsuleFeaturePkg/MeResiliencyDxe/UnitTest/UnitTestMain.c
Features/FirmwareGuard/CapsuleFeaturePkg/MeResiliencyDxe/UnitTest/UnitTestMain.h
Features/FirmwareGuard/CapsuleFeaturePkg/PlatformInitRecoveryPei/UnitTest/PlatformInitRecoveryPeiHost.inf
Features/FirmwareGuard/CapsuleFeaturePkg/PlatformInitRecoveryPei/UnitTest/TestCase/PlatformInitRecoveryPeiTestCase.c
Features/FirmwareGuard/CapsuleFeaturePkg/PlatformInitRecoveryPei/UnitTest/TestCase/PlatformInitRecoveryPeiTestCase.h
Features/FirmwareGuard/CapsuleFeaturePkg/PlatformInitRecoveryPei/UnitTest/UnitTestMain.c
Features/FirmwareGuard/CapsuleFeaturePkg/PlatformInitRecoveryPei/UnitTest/UnitTestMain.h
Features/FirmwareGuard/CapsuleFeaturePkg/Test/CapsuleFeaturePkgHostTest.dsc
Features/FirmwareGuard/TelemetryFeaturePkg/FirmwareVersion/PlatformFirmwareVersionDxe/UnitTest/PlatformFirmwareVersionDxeHost.inf
Features/FirmwareGuard/TelemetryFeaturePkg/FirmwareVersion/PlatformFirmwareVersionDxe/UnitTest/TestCase/PlatformFirmwareVersionDxeTestCase.c
Features/FirmwareGuard/TelemetryFeaturePkg/FirmwareVersion/PlatformFirmwareVersionDxe/UnitTest/TestCase/PlatformFirmwareVersionDxeTestCase.h
Features/FirmwareGuard/TelemetryFeaturePkg/FirmwareVersion/PlatformFirmwareVersionDxe/UnitTest/UnitTestMain.c
Features/FirmwareGuard/TelemetryFeaturePkg/FirmwareVersion/PlatformFirmwareVersionDxe/UnitTest/UnitTestMain.h
Features/FirmwareGuard/TelemetryFeaturePkg/FirmwareVersion/SiFirmwareVersionDxe/UnitTest/SiFirmwareVersionDxeHost.inf
Features/FirmwareGuard/TelemetryFeaturePkg/FirmwareVersion/SiFirmwareVersionDxe/UnitTest/TestCase/SiFirmwareVersionDxeTestCase.c
Features/FirmwareGuard/TelemetryFeaturePkg/FirmwareVersion/SiFirmwareVersionDxe/UnitTest/TestCase/SiFirmwareVersionDxeTestCase.h
Features/FirmwareGuard/TelemetryFeaturePkg/FirmwareVersion/SiFirmwareVersionDxe/UnitTest/UnitTestMain.c
Features/FirmwareGuard/TelemetryFeaturePkg/FirmwareVersion/SiFirmwareVersionDxe/UnitTest/UnitTestMain.h
Features/FirmwareGuard/TelemetryFeaturePkg/HealthDriver/CsmeHealthDxe/UnitTest/CsmeHealthDxeHost.inf
Features/FirmwareGuard/TelemetryFeaturePkg/HealthDriver/CsmeHealthDxe/UnitTest/TestCase/CsmeHealthDxeTestCase.c
Features/FirmwareGuard/TelemetryFeaturePkg/HealthDriver/CsmeHealthDxe/UnitTest/TestCase/CsmeHealthDxeTestCase.h
Features/FirmwareGuard/TelemetryFeaturePkg/HealthDriver/CsmeHealthDxe/UnitTest/UnitTestMain.c
Features/FirmwareGuard/TelemetryFeaturePkg/HealthDriver/CsmeHealthDxe/UnitTest/UnitTestMain.h
Features/FirmwareGuard/TelemetryFeaturePkg/HealthDriver/MotherBoardHealthDxe/UnitTest/MotherBoardHealthDxeHost.inf
Features/FirmwareGuard/TelemetryFeaturePkg/HealthDriver/MotherBoardHealthDxe/UnitTest/TestCase/MotherBoardHealthDxeTestCase.c
Features/FirmwareGuard/TelemetryFeaturePkg/HealthDriver/MotherBoardHealthDxe/UnitTest/TestCase/MotherBoardHealthDxeTestCase.h
Features/FirmwareGuard/TelemetryFeaturePkg/HealthDriver/MotherBoardHealthDxe/UnitTest/UnitTestMain.c
Features/FirmwareGuard/TelemetryFeaturePkg/HealthDriver/MotherBoardHealthDxe/UnitTest/UnitTestMain.h
Features/FirmwareGuard/TelemetryFeaturePkg/HealthDriver/MrcHealthDxe/UnitTest/MrcHealthDxeHost.inf
Features/FirmwareGuard/TelemetryFeaturePkg/HealthDriver/MrcHealthDxe/UnitTest/TestCase/MrcHealthDxeTestCase.c
Features/FirmwareGuard/TelemetryFeaturePkg/HealthDriver/MrcHealthDxe/UnitTest/TestCase/MrcHealthDxeTestCase.h
Features/FirmwareGuard/TelemetryFeaturePkg/HealthDriver/MrcHealthDxe/UnitTest/UnitTestMain.c
Features/FirmwareGuard/TelemetryFeaturePkg/HealthDriver/MrcHealthDxe/UnitTest/UnitTestMain.h
Features/FirmwareGuard/TelemetryFeaturePkg/HealthDriver/NvmeHealthDxe/UnitTest/NvmeHealthDxeHost.inf
Features/FirmwareGuard/TelemetryFeaturePkg/HealthDriver/NvmeHealthDxe/UnitTest/TestCase/NvmeHealthDxeTestCase.c
Features/FirmwareGuard/TelemetryFeaturePkg/HealthDriver/NvmeHealthDxe/UnitTest/TestCase/NvmeHealthDxeTestCase.h
Features/FirmwareGuard/TelemetryFeaturePkg/HealthDriver/NvmeHealthDxe/UnitTest/UnitTestMain.c
Features/FirmwareGuard/TelemetryFeaturePkg/HealthDriver/NvmeHealthDxe/UnitTest/UnitTestMain.h
Features/FirmwareGuard/TelemetryFeaturePkg/Test/TelemetryFeaturePkgHostTest.dsc
Features/FspWrapperFeaturePkg/CheckFspErrorInfoHob/UnitTest/CheckFspErrorInfoHobHost.inf
Features/FspWrapperFeaturePkg/CheckFspErrorInfoHob/UnitTest/TestCase/CheckFspErrorInfoHobTestCase.c
Features/FspWrapperFeaturePkg/CheckFspErrorInfoHob/UnitTest/TestCase/CheckFspErrorInfoHobTestCase.h
Features/FspWrapperFeaturePkg/CheckFspErrorInfoHob/UnitTest/UnitTestMain.c
Features/FspWrapperFeaturePkg/CheckFspErrorInfoHob/UnitTest/UnitTestMain.h
Features/FspWrapperFeaturePkg/DebugEventHandler/UnitTest/DebugEventHandlerHost.inf
Features/FspWrapperFeaturePkg/DebugEventHandler/UnitTest/TestCase/DebugEventHandlerTestCase.c
Features/FspWrapperFeaturePkg/DebugEventHandler/UnitTest/TestCase/DebugEventHandlerTestCase.h
Features/FspWrapperFeaturePkg/DebugEventHandler/UnitTest/UnitTestMain.c
Features/FspWrapperFeaturePkg/DebugEventHandler/UnitTest/UnitTestMain.h
Features/FspWrapperFeaturePkg/FspWrapperPeim/UnitTest/FspWrapperPeimHost.inf
Features/FspWrapperFeaturePkg/FspWrapperPeim/UnitTest/TestCase/FspWrapperPeimTestCase.c
Features/FspWrapperFeaturePkg/FspWrapperPeim/UnitTest/TestCase/FspWrapperPeimTestCase.h
Features/FspWrapperFeaturePkg/FspWrapperPeim/UnitTest/UnitTestMain.c
Features/FspWrapperFeaturePkg/FspWrapperPeim/UnitTest/UnitTestMain.h
Features/FspWrapperFeaturePkg/Test/FspWrapperFeaturePkgHostTest.dsc
Features/FvCopyFeaturePkg/FreeSpaceSkipFvCopyPei/UnitTest/FreeSpaceSkipFvCopyHostTest.dsc
Features/FvCopyFeaturePkg/FreeSpaceSkipFvCopyPei/UnitTest/FreeSpaceSkipFvCopyHostTest.inf
Features/FvCopyFeaturePkg/FreeSpaceSkipFvCopyPei/UnitTest/PrivateMock/PrivateMock.c
Features/FvCopyFeaturePkg/FreeSpaceSkipFvCopyPei/UnitTest/PrivateMock/PrivateMock.h
Features/FvCopyFeaturePkg/FreeSpaceSkipFvCopyPei/UnitTest/TestCase/TestCaseFirmwareVolumeCopy.h
Features/FvCopyFeaturePkg/FreeSpaceSkipFvCopyPei/UnitTest/TestCase/TestCaseFirmwareVolumeCopyWithSpiDma.c
Features/FvCopyFeaturePkg/FreeSpaceSkipFvCopyPei/UnitTest/TestCase/TestCaseFirmwareVolumeCopyWithoutSpiDma.c
Features/FvCopyFeaturePkg/FreeSpaceSkipFvCopyPei/UnitTest/TestCase/TestCaseFreeSpaceSkipEntryPoint.c
Features/FvCopyFeaturePkg/FreeSpaceSkipFvCopyPei/UnitTest/UnitTestMain.c
Features/FvCopyFeaturePkg/FreeSpaceSkipFvCopyPei/UnitTest/UnitTestMain.h
Features/I2cFeaturePkg/I2cPlatformDxe/UnitTest/I2cPlatformDxeHost.inf
Features/I2cFeaturePkg/I2cPlatformDxe/UnitTest/PrivateMock/PrivateMock.c
Features/I2cFeaturePkg/I2cPlatformDxe/UnitTest/PrivateMock/PrivateMock.h
Features/I2cFeaturePkg/I2cPlatformDxe/UnitTest/TestCase/Enumerate/TestCaseEnumerate.c
Features/I2cFeaturePkg/I2cPlatformDxe/UnitTest/TestCase/Enumerate/TestCaseEnumerate.h
Features/I2cFeaturePkg/I2cPlatformDxe/UnitTest/TestCase/GetBusFrequency/TestCaseGetBusFrequency.c
Features/I2cFeaturePkg/I2cPlatformDxe/UnitTest/TestCase/GetBusFrequency/TestCaseGetBusFrequency.h
Features/I2cFeaturePkg/I2cPlatformDxe/UnitTest/TestCase/GetPciDevId/TestCaseGetPciDevId.c
Features/I2cFeaturePkg/I2cPlatformDxe/UnitTest/TestCase/GetPciDevId/TestCaseGetPciDevId.h
Features/I2cFeaturePkg/I2cPlatformDxe/UnitTest/TestCase/GetSocSeries/TestCaseGetSocSeries.c
Features/I2cFeaturePkg/I2cPlatformDxe/UnitTest/TestCase/GetSocSeries/TestCaseGetSocSeries.h
Features/I2cFeaturePkg/I2cPlatformDxe/UnitTest/TestCase/I2cPlatformDriverBindingStart/TestCaseI2cPlatformDriverBindingStart.c
Features/I2cFeaturePkg/I2cPlatformDxe/UnitTest/TestCase/I2cPlatformDriverBindingStart/TestCaseI2cPlatformDriverBindingStart.h
Features/I2cFeaturePkg/I2cPlatformDxe/UnitTest/TestCase/I2cPlatformDriverBindingStop/TestCaseI2cPlatformDriverBindingStop.c
Features/I2cFeaturePkg/I2cPlatformDxe/UnitTest/TestCase/I2cPlatformDriverBindingStop/TestCaseI2cPlatformDriverBindingStop.h
Features/I2cFeaturePkg/I2cPlatformDxe/UnitTest/TestCase/I2cPlatformDriverBindingSupported/TestCaseI2cPlatformDriverBindingSupported.c
Features/I2cFeaturePkg/I2cPlatformDxe/UnitTest/TestCase/I2cPlatformDriverBindingSupported/TestCaseI2cPlatformDriverBindingSupported.h
Features/I2cFeaturePkg/I2cPlatformDxe/UnitTest/TestCase/I2cPlatformDxeTestCase.c
Features/I2cFeaturePkg/I2cPlatformDxe/UnitTest/TestCase/I2cPlatformDxeTestCase.h
Features/I2cFeaturePkg/I2cPlatformDxe/UnitTest/TestCase/I2cPlatformEntryPoint/TestCaseI2cPlatformEntryPoint.c
Features/I2cFeaturePkg/I2cPlatformDxe/UnitTest/TestCase/I2cPlatformEntryPoint/TestCaseI2cPlatformEntryPoint.h
Features/I2cFeaturePkg/I2cPlatformDxe/UnitTest/TestCase/IsSerialIoI2cDeviceIdCp/TestCaseIsSerialIoI2cDeviceIdCp.c
Features/I2cFeaturePkg/I2cPlatformDxe/UnitTest/TestCase/IsSerialIoI2cDeviceIdCp/TestCaseIsSerialIoI2cDeviceIdCp.h
Features/I2cFeaturePkg/I2cPlatformDxe/UnitTest/TestCase/SetConfiguration/TestCaseSetConfiguration.c
Features/I2cFeaturePkg/I2cPlatformDxe/UnitTest/TestCase/SetConfiguration/TestCaseSetConfiguration.h
Features/I2cFeaturePkg/I2cPlatformDxe/UnitTest/UnitTestMain.c
Features/I2cFeaturePkg/I2cPlatformDxe/UnitTest/UnitTestMain.h
Features/I2cFeaturePkg/I2cPowerMeter/UnitTest/CleanUp/I2cPmData/CleanUpI2cPmData.c
Features/I2cFeaturePkg/I2cPowerMeter/UnitTest/CleanUp/I2cPmData/CleanUpI2cPmData.h
Features/I2cFeaturePkg/I2cPowerMeter/UnitTest/I2cPowerMeterHost.inf
Features/I2cFeaturePkg/I2cPowerMeter/UnitTest/PreRequisite/I2cPmData/PreI2cPmData.c
Features/I2cFeaturePkg/I2cPowerMeter/UnitTest/PreRequisite/I2cPmData/PreI2cPmData.h
Features/I2cFeaturePkg/I2cPowerMeter/UnitTest/PrivateMock/PrivateMock.c
Features/I2cFeaturePkg/I2cPowerMeter/UnitTest/PrivateMock/PrivateMock.h
Features/I2cFeaturePkg/I2cPowerMeter/UnitTest/TestCase/I2cPmData/TestCaseI2cPmData.c
Features/I2cFeaturePkg/I2cPowerMeter/UnitTest/TestCase/I2cPmData/TestCaseI2cPmData.h
Features/I2cFeaturePkg/I2cPowerMeter/UnitTest/UnitTestMain.c
Features/I2cFeaturePkg/I2cPowerMeter/UnitTest/UnitTestMain.h
Features/I2cFeaturePkg/I2cPssMonzaDxe/UnitTest/I2cMonzaDxeHost.inf
Features/I2cFeaturePkg/I2cPssMonzaDxe/UnitTest/PrivateMock/PrivateMock.c
Features/I2cFeaturePkg/I2cPssMonzaDxe/UnitTest/PrivateMock/PrivateMock.h
Features/I2cFeaturePkg/I2cPssMonzaDxe/UnitTest/TestCase/IsPssMonzaExist/TestCaseIsPssMonzaExist.c
Features/I2cFeaturePkg/I2cPssMonzaDxe/UnitTest/TestCase/IsPssMonzaExist/TestCaseIsPssMonzaExist.h
Features/I2cFeaturePkg/I2cPssMonzaDxe/UnitTest/TestCase/PssMonzaDeleteRequestPacket/TestCasePssMonzaDeleteRequestPacket.c
Features/I2cFeaturePkg/I2cPssMonzaDxe/UnitTest/TestCase/PssMonzaDeleteRequestPacket/TestCasePssMonzaDeleteRequestPacket.h
Features/I2cFeaturePkg/I2cPssMonzaDxe/UnitTest/TestCase/PssMonzaDriverBindingStart/TestCasePssMonzaDriverBindingStart.c
Features/I2cFeaturePkg/I2cPssMonzaDxe/UnitTest/TestCase/PssMonzaDriverBindingStart/TestCasePssMonzaDriverBindingStart.h
Features/I2cFeaturePkg/I2cPssMonzaDxe/UnitTest/TestCase/PssMonzaDriverBindingStop/TestCasePssMonzaDriverBindingStop.c
Features/I2cFeaturePkg/I2cPssMonzaDxe/UnitTest/TestCase/PssMonzaDriverBindingStop/TestCasePssMonzaDriverBindingStop.h
Features/I2cFeaturePkg/I2cPssMonzaDxe/UnitTest/TestCase/PssMonzaDriverBindingSupported/TestCasePssMonzaDriverBindingSupported.c
Features/I2cFeaturePkg/I2cPssMonzaDxe/UnitTest/TestCase/PssMonzaDriverBindingSupported/TestCasePssMonzaDriverBindingSupported.h
Features/I2cFeaturePkg/I2cPssMonzaDxe/UnitTest/TestCase/PssMonzaDriverComponentNameGetControllerName/TestCasePssMonzaDriverComponentNameGetControllerName.c
Features/I2cFeaturePkg/I2cPssMonzaDxe/UnitTest/TestCase/PssMonzaDriverComponentNameGetControllerName/TestCasePssMonzaDriverComponentNameGetControllerName.h
Features/I2cFeaturePkg/I2cPssMonzaDxe/UnitTest/TestCase/PssMonzaDriverComponentNameGetDriverName/TestCasePssMonzaDriverComponentNameGetDriverName.c
Features/I2cFeaturePkg/I2cPssMonzaDxe/UnitTest/TestCase/PssMonzaDriverComponentNameGetDriverName/TestCasePssMonzaDriverComponentNameGetDriverName.h
Features/I2cFeaturePkg/I2cPssMonzaDxe/UnitTest/TestCase/PssMonzaDriverEntryPoint/TestCasePssMonzaDriverEntryPoint.c
Features/I2cFeaturePkg/I2cPssMonzaDxe/UnitTest/TestCase/PssMonzaDriverEntryPoint/TestCasePssMonzaDriverEntryPoint.h
Features/I2cFeaturePkg/I2cPssMonzaDxe/UnitTest/TestCase/PssMonzaGetMacAddress/TestCasePssMonzaGetMacAddress.c
Features/I2cFeaturePkg/I2cPssMonzaDxe/UnitTest/TestCase/PssMonzaGetMacAddress/TestCasePssMonzaGetMacAddress.h
Features/I2cFeaturePkg/I2cPssMonzaDxe/UnitTest/TestCase/PssMonzaGetSerialNumber/TestCasePssMonzaGetSerialNumber.c
Features/I2cFeaturePkg/I2cPssMonzaDxe/UnitTest/TestCase/PssMonzaGetSerialNumber/TestCasePssMonzaGetSerialNumber.h
Features/I2cFeaturePkg/I2cPssMonzaDxe/UnitTest/TestCase/PssMonzaNewRequestPacket/TestCasePssMonzaNewRequestPacket.c
Features/I2cFeaturePkg/I2cPssMonzaDxe/UnitTest/TestCase/PssMonzaNewRequestPacket/TestCasePssMonzaNewRequestPacket.h
Features/I2cFeaturePkg/I2cPssMonzaDxe/UnitTest/TestCase/PssMonzaReadData/TestCasePssMonzaReadData.c
Features/I2cFeaturePkg/I2cPssMonzaDxe/UnitTest/TestCase/PssMonzaReadData/TestCasePssMonzaReadData.h
Features/I2cFeaturePkg/I2cPssMonzaDxe/UnitTest/UnitTestMain.c
Features/I2cFeaturePkg/I2cPssMonzaDxe/UnitTest/UnitTestMain.h
Features/I2cFeaturePkg/I2cSensorPei/UnitTest/I2cSensorPeiHost.inf
Features/I2cFeaturePkg/I2cSensorPei/UnitTest/PrivateMock/PrivateMock.c
Features/I2cFeaturePkg/I2cSensorPei/UnitTest/PrivateMock/PrivateMock.h
Features/I2cFeaturePkg/I2cSensorPei/UnitTest/TestCase/I2cSensorPeiEntry/TestCaseI2cSensorPeiEntry.c
Features/I2cFeaturePkg/I2cSensorPei/UnitTest/TestCase/I2cSensorPeiEntry/TestCaseI2cSensorPeiEntry.h
Features/I2cFeaturePkg/I2cSensorPei/UnitTest/TestCase/ReadBmi323Orientation/TestCaseReadBmi323Orientation.c
Features/I2cFeaturePkg/I2cSensorPei/UnitTest/TestCase/ReadBmi323Orientation/TestCaseReadBmi323Orientation.h
Features/I2cFeaturePkg/I2cSensorPei/UnitTest/TestCase/ReadLsm6dsoxOrientation/TestCaseReadLsm6dsoxOrientation.c
Features/I2cFeaturePkg/I2cSensorPei/UnitTest/TestCase/ReadLsm6dsoxOrientation/TestCaseReadLsm6dsoxOrientation.h
Features/I2cFeaturePkg/I2cSensorPei/UnitTest/TestCase/ReadSensorData/TestCaseReadSensorData.c
Features/I2cFeaturePkg/I2cSensorPei/UnitTest/TestCase/ReadSensorData/TestCaseReadSensorData.h
Features/I2cFeaturePkg/I2cSensorPei/UnitTest/TestCase/WriteSensor16/TestCaseWriteSensor16.c
Features/I2cFeaturePkg/I2cSensorPei/UnitTest/TestCase/WriteSensor16/TestCaseWriteSensor16.h
Features/I2cFeaturePkg/I2cSensorPei/UnitTest/TestCase/WriteSensorByte/TestCaseWriteSensorByte.c
Features/I2cFeaturePkg/I2cSensorPei/UnitTest/TestCase/WriteSensorByte/TestCaseWriteSensorByte.h
Features/I2cFeaturePkg/I2cSensorPei/UnitTest/UnitTestMain.c
Features/I2cFeaturePkg/I2cSensorPei/UnitTest/UnitTestMain.h
Features/I2cFeaturePkg/I2cTouchAcpiDxe/I2cTouchCommon/UnitTest/CleanUp/GetDevTablePointer/CleanUpGetDevTablePointer.c
Features/I2cFeaturePkg/I2cTouchAcpiDxe/I2cTouchCommon/UnitTest/CleanUp/GetDevTablePointer/CleanUpGetDevTablePointer.h
Features/I2cFeaturePkg/I2cTouchAcpiDxe/I2cTouchCommon/UnitTest/CleanUp/I2CTouchDevEntry/CleanUpI2CTouchDevEntry.c
Features/I2cFeaturePkg/I2cTouchAcpiDxe/I2cTouchCommon/UnitTest/CleanUp/I2CTouchDevEntry/CleanUpI2CTouchDevEntry.h
Features/I2cFeaturePkg/I2cTouchAcpiDxe/I2cTouchCommon/UnitTest/CleanUp/InstallI2cTable/CleanUpInstallI2cTable.c
Features/I2cFeaturePkg/I2cTouchAcpiDxe/I2cTouchCommon/UnitTest/CleanUp/InstallI2cTable/CleanUpInstallI2cTable.h
Features/I2cFeaturePkg/I2cTouchAcpiDxe/I2cTouchCommon/UnitTest/I2cCommonHost.inf
Features/I2cFeaturePkg/I2cTouchAcpiDxe/I2cTouchCommon/UnitTest/PreRequisite/GetDevTablePointer/PreGetDevTablePointer.c
Features/I2cFeaturePkg/I2cTouchAcpiDxe/I2cTouchCommon/UnitTest/PreRequisite/GetDevTablePointer/PreGetDevTablePointer.h
Features/I2cFeaturePkg/I2cTouchAcpiDxe/I2cTouchCommon/UnitTest/PreRequisite/I2CTouchDevEntry/PreI2CTouchDevEntry.c
Features/I2cFeaturePkg/I2cTouchAcpiDxe/I2cTouchCommon/UnitTest/PreRequisite/I2CTouchDevEntry/PreI2CTouchDevEntry.h
Features/I2cFeaturePkg/I2cTouchAcpiDxe/I2cTouchCommon/UnitTest/PreRequisite/InstallI2cTable/PreInstallI2cTable.c
Features/I2cFeaturePkg/I2cTouchAcpiDxe/I2cTouchCommon/UnitTest/PreRequisite/InstallI2cTable/PreInstallI2cTable.h
Features/I2cFeaturePkg/I2cTouchAcpiDxe/I2cTouchCommon/UnitTest/PrivateMock/PrivateMock.c
Features/I2cFeaturePkg/I2cTouchAcpiDxe/I2cTouchCommon/UnitTest/PrivateMock/PrivateMock.h
Features/I2cFeaturePkg/I2cTouchAcpiDxe/I2cTouchCommon/UnitTest/TestCase/GetDevTablePointer/TestCaseGetDevTablePointer.c
Features/I2cFeaturePkg/I2cTouchAcpiDxe/I2cTouchCommon/UnitTest/TestCase/GetDevTablePointer/TestCaseGetDevTablePointer.h
Features/I2cFeaturePkg/I2cTouchAcpiDxe/I2cTouchCommon/UnitTest/TestCase/I2CTouchDevEntry/TestCaseI2CTouchDevEntry.c
Features/I2cFeaturePkg/I2cTouchAcpiDxe/I2cTouchCommon/UnitTest/TestCase/I2CTouchDevEntry/TestCaseI2CTouchDevEntry.h
Features/I2cFeaturePkg/I2cTouchAcpiDxe/I2cTouchCommon/UnitTest/TestCase/InstallI2cTable/TestCaseInstallI2cTable.c
Features/I2cFeaturePkg/I2cTouchAcpiDxe/I2cTouchCommon/UnitTest/TestCase/InstallI2cTable/TestCaseInstallI2cTable.h
Features/I2cFeaturePkg/I2cTouchAcpiDxe/I2cTouchCommon/UnitTest/UnitTestMain.c
Features/I2cFeaturePkg/I2cTouchAcpiDxe/I2cTouchCommon/UnitTest/UnitTestMain.h
Features/I2cFeaturePkg/I2cTouchAcpiDxe/I2cTouchDevAcpi/UnitTest/CleanUp/I2CBoardData/CleanUpI2CBoardData.c
Features/I2cFeaturePkg/I2cTouchAcpiDxe/I2cTouchDevAcpi/UnitTest/CleanUp/I2CBoardData/CleanUpI2CBoardData.h
Features/I2cFeaturePkg/I2cTouchAcpiDxe/I2cTouchDevAcpi/UnitTest/CleanUp/I2cDevPatchEntry/CleanUpI2cDevPatchEntry.c
Features/I2cFeaturePkg/I2cTouchAcpiDxe/I2cTouchDevAcpi/UnitTest/CleanUp/I2cDevPatchEntry/CleanUpI2cDevPatchEntry.h
Features/I2cFeaturePkg/I2cTouchAcpiDxe/I2cTouchDevAcpi/UnitTest/CleanUp/PatchI2cDevicesBuffer/CleanUpPatchI2cDevicesBuffer.c
Features/I2cFeaturePkg/I2cTouchAcpiDxe/I2cTouchDevAcpi/UnitTest/CleanUp/PatchI2cDevicesBuffer/CleanUpPatchI2cDevicesBuffer.h
Features/I2cFeaturePkg/I2cTouchAcpiDxe/I2cTouchDevAcpi/UnitTest/CleanUp/PatchRtd3Buffer/CleanUpPatchRtd3Buffer.c
Features/I2cFeaturePkg/I2cTouchAcpiDxe/I2cTouchDevAcpi/UnitTest/CleanUp/PatchRtd3Buffer/CleanUpPatchRtd3Buffer.h
Features/I2cFeaturePkg/I2cTouchAcpiDxe/I2cTouchDevAcpi/UnitTest/I2cTouchDevHost.inf
Features/I2cFeaturePkg/I2cTouchAcpiDxe/I2cTouchDevAcpi/UnitTest/PreRequisite/I2CBoardData/PreI2CBoardData.c
Features/I2cFeaturePkg/I2cTouchAcpiDxe/I2cTouchDevAcpi/UnitTest/PreRequisite/I2CBoardData/PreI2CBoardData.h
Features/I2cFeaturePkg/I2cTouchAcpiDxe/I2cTouchDevAcpi/UnitTest/PreRequisite/I2cDevPatchEntry/PreI2cDevPatchEntry.c
Features/I2cFeaturePkg/I2cTouchAcpiDxe/I2cTouchDevAcpi/UnitTest/PreRequisite/I2cDevPatchEntry/PreI2cDevPatchEntry.h
Features/I2cFeaturePkg/I2cTouchAcpiDxe/I2cTouchDevAcpi/UnitTest/PreRequisite/PatchI2cDevicesBuffer/PrePatchI2cDevicesBuffer.c
Features/I2cFeaturePkg/I2cTouchAcpiDxe/I2cTouchDevAcpi/UnitTest/PreRequisite/PatchI2cDevicesBuffer/PrePatchI2cDevicesBuffer.h
Features/I2cFeaturePkg/I2cTouchAcpiDxe/I2cTouchDevAcpi/UnitTest/PreRequisite/PatchRtd3Buffer/PrePatchRtd3Buffer.c
Features/I2cFeaturePkg/I2cTouchAcpiDxe/I2cTouchDevAcpi/UnitTest/PreRequisite/PatchRtd3Buffer/PrePatchRtd3Buffer.h
Features/I2cFeaturePkg/I2cTouchAcpiDxe/I2cTouchDevAcpi/UnitTest/PrivateMock/PrivateMock.c
Features/I2cFeaturePkg/I2cTouchAcpiDxe/I2cTouchDevAcpi/UnitTest/PrivateMock/PrivateMock.h
Features/I2cFeaturePkg/I2cTouchAcpiDxe/I2cTouchDevAcpi/UnitTest/TestCase/I2CBoardData/TestCaseI2CBoardData.c
Features/I2cFeaturePkg/I2cTouchAcpiDxe/I2cTouchDevAcpi/UnitTest/TestCase/I2CBoardData/TestCaseI2CBoardData.h
Features/I2cFeaturePkg/I2cTouchAcpiDxe/I2cTouchDevAcpi/UnitTest/TestCase/I2cDevPatchEntry/TestCaseI2cDevPatchEntry.c
Features/I2cFeaturePkg/I2cTouchAcpiDxe/I2cTouchDevAcpi/UnitTest/TestCase/I2cDevPatchEntry/TestCaseI2cDevPatchEntry.h
Features/I2cFeaturePkg/I2cTouchAcpiDxe/I2cTouchDevAcpi/UnitTest/TestCase/PatchI2cDevicesBuffer/TestCasePatchI2cDevicesBuffer.c
Features/I2cFeaturePkg/I2cTouchAcpiDxe/I2cTouchDevAcpi/UnitTest/TestCase/PatchI2cDevicesBuffer/TestCasePatchI2cDevicesBuffer.h
Features/I2cFeaturePkg/I2cTouchAcpiDxe/I2cTouchDevAcpi/UnitTest/TestCase/PatchRtd3Buffer/TestCasePatchRtd3Buffer.c
Features/I2cFeaturePkg/I2cTouchAcpiDxe/I2cTouchDevAcpi/UnitTest/TestCase/PatchRtd3Buffer/TestCasePatchRtd3Buffer.h
Features/I2cFeaturePkg/I2cTouchAcpiDxe/I2cTouchDevAcpi/UnitTest/UnitTestMain.c
Features/I2cFeaturePkg/I2cTouchAcpiDxe/I2cTouchDevAcpi/UnitTest/UnitTestMain.h
Features/I2cFeaturePkg/I2cTouchPanelDxe/UnitTest/I2cTouchPanelDxeHost.inf
Features/I2cFeaturePkg/I2cTouchPanelDxe/UnitTest/PrivateMock/PrivateMock.c
Features/I2cFeaturePkg/I2cTouchPanelDxe/UnitTest/PrivateMock/PrivateMock.h
Features/I2cFeaturePkg/I2cTouchPanelDxe/UnitTest/TestCase/AccessBit/TestCaseAccessBit.c
Features/I2cFeaturePkg/I2cTouchPanelDxe/UnitTest/TestCase/AccessBit/TestCaseAccessBit.h
Features/I2cFeaturePkg/I2cTouchPanelDxe/UnitTest/TestCase/CheckDataAvailableCallback/TestCaseCheckDataAvailableCallback.c
Features/I2cFeaturePkg/I2cTouchPanelDxe/UnitTest/TestCase/CheckDataAvailableCallback/TestCaseCheckDataAvailableCallback.h
Features/I2cFeaturePkg/I2cTouchPanelDxe/UnitTest/TestCase/DeleteRequestPacket/TestCaseDeleteRequestPacket.c
Features/I2cFeaturePkg/I2cTouchPanelDxe/UnitTest/TestCase/DeleteRequestPacket/TestCaseDeleteRequestPacket.h
Features/I2cFeaturePkg/I2cTouchPanelDxe/UnitTest/TestCase/ExportReport/TestCaseExportReport.c
Features/I2cFeaturePkg/I2cTouchPanelDxe/UnitTest/TestCase/ExportReport/TestCaseExportReport.h
Features/I2cFeaturePkg/I2cTouchPanelDxe/UnitTest/TestCase/GetHidDescriptor/TestCaseGetHidDescriptor.c
Features/I2cFeaturePkg/I2cTouchPanelDxe/UnitTest/TestCase/GetHidDescriptor/TestCaseGetHidDescriptor.h
Features/I2cFeaturePkg/I2cTouchPanelDxe/UnitTest/TestCase/GetLength/TestCaseGetLength.c
Features/I2cFeaturePkg/I2cTouchPanelDxe/UnitTest/TestCase/GetLength/TestCaseGetLength.h
Features/I2cFeaturePkg/I2cTouchPanelDxe/UnitTest/TestCase/GetToken/TestCaseGetToken.c
Features/I2cFeaturePkg/I2cTouchPanelDxe/UnitTest/TestCase/GetToken/TestCaseGetToken.h
Features/I2cFeaturePkg/I2cTouchPanelDxe/UnitTest/TestCase/GetTouchCoordinates/TestCaseGetTouchCoordinates.c
Features/I2cFeaturePkg/I2cTouchPanelDxe/UnitTest/TestCase/GetTouchCoordinates/TestCaseGetTouchCoordinates.h
Features/I2cFeaturePkg/I2cTouchPanelDxe/UnitTest/TestCase/HidDescriptorReceivedEvent/TestCaseHidDescriptorReceivedEvent.c
Features/I2cFeaturePkg/I2cTouchPanelDxe/UnitTest/TestCase/HidDescriptorReceivedEvent/TestCaseHidDescriptorReceivedEvent.h
Features/I2cFeaturePkg/I2cTouchPanelDxe/UnitTest/TestCase/NewRequestPacket/TestCaseNewRequestPacket.c
Features/I2cFeaturePkg/I2cTouchPanelDxe/UnitTest/TestCase/NewRequestPacket/TestCaseNewRequestPacket.h
Features/I2cFeaturePkg/I2cTouchPanelDxe/UnitTest/TestCase/ParseInput/TestCaseParseInput.c
Features/I2cFeaturePkg/I2cTouchPanelDxe/UnitTest/TestCase/ParseInput/TestCaseParseInput.h
Features/I2cFeaturePkg/I2cTouchPanelDxe/UnitTest/TestCase/ReadInputReportDescriptor/TestCaseReadInputReportDescriptor.c
Features/I2cFeaturePkg/I2cTouchPanelDxe/UnitTest/TestCase/ReadInputReportDescriptor/TestCaseReadInputReportDescriptor.h
Features/I2cFeaturePkg/I2cTouchPanelDxe/UnitTest/TestCase/SetHidPower/TestCaseSetHidPower.c
Features/I2cFeaturePkg/I2cTouchPanelDxe/UnitTest/TestCase/SetHidPower/TestCaseSetHidPower.h
Features/I2cFeaturePkg/I2cTouchPanelDxe/UnitTest/TestCase/SetHidReset/TestCaseSetHidReset.c
Features/I2cFeaturePkg/I2cTouchPanelDxe/UnitTest/TestCase/SetHidReset/TestCaseSetHidReset.h
Features/I2cFeaturePkg/I2cTouchPanelDxe/UnitTest/TestCase/SetInterruptFrequency/TestCaseSetInterruptFrequency.c
Features/I2cFeaturePkg/I2cTouchPanelDxe/UnitTest/TestCase/SetInterruptFrequency/TestCaseSetInterruptFrequency.h
Features/I2cFeaturePkg/I2cTouchPanelDxe/UnitTest/TestCase/ShowReportTable/TestCaseShowReportTable.c
Features/I2cFeaturePkg/I2cTouchPanelDxe/UnitTest/TestCase/ShowReportTable/TestCaseShowReportTable.h
Features/I2cFeaturePkg/I2cTouchPanelDxe/UnitTest/TestCase/TPLDriverComponentNameGetControllerName/TestCaseTouchPanelDriverComponentNameGetControllerName.c
Features/I2cFeaturePkg/I2cTouchPanelDxe/UnitTest/TestCase/TPLDriverComponentNameGetControllerName/TestCaseTouchPanelDriverComponentNameGetControllerName.h
Features/I2cFeaturePkg/I2cTouchPanelDxe/UnitTest/TestCase/TouchDevInit/TestCaseTouchDevInit.c
Features/I2cFeaturePkg/I2cTouchPanelDxe/UnitTest/TestCase/TouchDevInit/TestCaseTouchDevInit.h
Features/I2cFeaturePkg/I2cTouchPanelDxe/UnitTest/TestCase/TouchPanelDriverAbsolutePointerGetState/TestCaseTouchPanelDriverAbsolutePointerGetState.c
Features/I2cFeaturePkg/I2cTouchPanelDxe/UnitTest/TestCase/TouchPanelDriverAbsolutePointerGetState/TestCaseTouchPanelDriverAbsolutePointerGetState.h
Features/I2cFeaturePkg/I2cTouchPanelDxe/UnitTest/TestCase/TouchPanelDriverAbsolutePointerReset/TestCaseTouchPanelDriverAbsolutePointerReset.c
Features/I2cFeaturePkg/I2cTouchPanelDxe/UnitTest/TestCase/TouchPanelDriverAbsolutePointerReset/TestCaseTouchPanelDriverAbsolutePointerReset.h
Features/I2cFeaturePkg/I2cTouchPanelDxe/UnitTest/TestCase/TouchPanelDriverComponentNameGetDriverName/TestCaseTouchPanelDriverComponentNameGetDriverName.c
Features/I2cFeaturePkg/I2cTouchPanelDxe/UnitTest/TestCase/TouchPanelDriverComponentNameGetDriverName/TestCaseTouchPanelDriverComponentNameGetDriverName.h
Features/I2cFeaturePkg/I2cTouchPanelDxe/UnitTest/TestCase/TouchPanelDriverDriverBindingStart/TestCaseTouchPanelDriverDriverBindingStart.c
Features/I2cFeaturePkg/I2cTouchPanelDxe/UnitTest/TestCase/TouchPanelDriverDriverBindingStart/TestCaseTouchPanelDriverDriverBindingStart.h
Features/I2cFeaturePkg/I2cTouchPanelDxe/UnitTest/TestCase/TouchPanelDriverDriverBindingStop/TestCaseTouchPanelDriverDriverBindingStop.c
Features/I2cFeaturePkg/I2cTouchPanelDxe/UnitTest/TestCase/TouchPanelDriverDriverBindingStop/TestCaseTouchPanelDriverDriverBindingStop.h
Features/I2cFeaturePkg/I2cTouchPanelDxe/UnitTest/TestCase/TouchPanelDriverDriverBindingSupported/TestCaseTouchPanelDriverDriverBindingSupported.c
Features/I2cFeaturePkg/I2cTouchPanelDxe/UnitTest/TestCase/TouchPanelDriverDriverBindingSupported/TestCaseTouchPanelDriverDriverBindingSupported.h
Features/I2cFeaturePkg/I2cTouchPanelDxe/UnitTest/TestCase/TouchPanelDriverEntryPoint/TestCaseTouchPanelDriverEntryPoint.c
Features/I2cFeaturePkg/I2cTouchPanelDxe/UnitTest/TestCase/TouchPanelDriverEntryPoint/TestCaseTouchPanelDriverEntryPoint.h
Features/I2cFeaturePkg/I2cTouchPanelDxe/UnitTest/TestCase/TouchPanelDriverUnload/TestCaseTouchPanelDriverUnload.c
Features/I2cFeaturePkg/I2cTouchPanelDxe/UnitTest/TestCase/TouchPanelDriverUnload/TestCaseTouchPanelDriverUnload.h
Features/I2cFeaturePkg/I2cTouchPanelDxe/UnitTest/TestCase/UpdateStack/TestCaseUpdateStack.c
Features/I2cFeaturePkg/I2cTouchPanelDxe/UnitTest/TestCase/UpdateStack/TestCaseUpdateStack.h
Features/I2cFeaturePkg/I2cTouchPanelDxe/UnitTest/UnitTestMain.c
Features/I2cFeaturePkg/I2cTouchPanelDxe/UnitTest/UnitTestMain.h
Features/I2cFeaturePkg/Test/CommonMock/BootServicesMock.c
Features/I2cFeaturePkg/Test/CommonMock/BootServicesMock.h
Features/I2cFeaturePkg/Test/CommonMock/PcdLibMock.c
Features/I2cFeaturePkg/Test/CommonMock/PcdLibMock.inf
Features/I2cFeaturePkg/Test/CommonMock/UefiLibMock.c
Features/I2cFeaturePkg/Test/I2cFeaturePkgHostTest.dsc
Features/Manageability/MemoryTelemetryFeaturePkg/UnitTest/MemoryTelemetryFeaturePkgHostTest.dsc
Features/Manageability/MemoryTelemetryFeaturePkg/UnitTest/MemoryTelemetryUnitTest.inf
Features/Manageability/MemoryTelemetryFeaturePkg/UnitTest/TestCase/Include/Library/DxePhatAcpiLibNull/DxePhatAcpiLibNull.c
Features/Manageability/MemoryTelemetryFeaturePkg/UnitTest/TestCase/Include/Library/DxePhatAcpiLibNull/DxePhatAcpiLibNull.inf
Features/Manageability/MemoryTelemetryFeaturePkg/UnitTest/TestCase/Include/Library/PhatAcpiLib.h
Features/Manageability/MemoryTelemetryFeaturePkg/UnitTest/TestCase/MemoryTelemetryTestCase/MemInfoHob.h
Features/Manageability/MemoryTelemetryFeaturePkg/UnitTest/TestCase/MemoryTelemetryTestCase/MemoryTelemetryTestCase.c
Features/Manageability/MemoryTelemetryFeaturePkg/UnitTest/TestCase/MemoryTelemetryTestCase/MemoryTelemetryTestCase.h
Features/Manageability/MemoryTelemetryFeaturePkg/UnitTest/TestCase/PeiMemoryTelemetryTestCase/PeiMemoryTelemetryTestCase.c
Features/Manageability/MemoryTelemetryFeaturePkg/UnitTest/TestCase/PeiMemoryTelemetryTestCase/PeiMemoryTelemetryTestCase.h
Features/Manageability/MemoryTelemetryFeaturePkg/UnitTest/UnitTestMain.c
Features/Manageability/MemoryTelemetryFeaturePkg/UnitTest/UnitTestMain.h
Features/Manageability/OneClickRecoveryFeaturePkg/UnitTest/Library/DxeAmtHeciLibMock/DxeAmtHeciLibMock.c
Features/Manageability/OneClickRecoveryFeaturePkg/UnitTest/Library/DxeAmtHeciLibMock/DxeAmtHeciLibMock.inf
Features/Manageability/OneClickRecoveryFeaturePkg/UnitTest/Library/GenerateRandomDataLib/GenerateRandomDataLib.c
Features/Manageability/OneClickRecoveryFeaturePkg/UnitTest/Library/GenerateRandomDataLib/GenerateRandomDataLib.h
Features/Manageability/OneClickRecoveryFeaturePkg/UnitTest/OneClickRecoveryFeaturePkgHostTest.dsc
Features/Manageability/OneClickRecoveryFeaturePkg/UnitTest/OneClickRecoveryUnitTest.inf
Features/Manageability/OneClickRecoveryFeaturePkg/UnitTest/TestCase/WpsGetProfile/WpsGetProfile.c
Features/Manageability/OneClickRecoveryFeaturePkg/UnitTest/TestCase/WpsGetProfile/WpsGetProfile.h
Features/Manageability/OneClickRecoveryFeaturePkg/UnitTest/UnitTestMain.c
Features/Manageability/OneClickRecoveryFeaturePkg/UnitTest/UnitTestMain.h
Features/Manageability/PlatformSanitizeFeaturePkg/PlatformSanitizeDxe/UnitTest/Library/PsServiceMockLib/PsServiceMockLib.c
Features/Manageability/PlatformSanitizeFeaturePkg/PlatformSanitizeDxe/UnitTest/Library/PsServiceMockLib/PsServiceMockLib.inf
Features/Manageability/PlatformSanitizeFeaturePkg/PlatformSanitizeDxe/UnitTest/PlatformSanitizeUnitTest.inf
Features/Manageability/PlatformSanitizeFeaturePkg/PlatformSanitizeDxe/UnitTest/TestCase/PlatformSanitizeSimulation/PlatformSanitizeSimulationMock.h
Features/Manageability/PlatformSanitizeFeaturePkg/PlatformSanitizeDxe/UnitTest/TestCase/PlatformSanitizeSimulation/PlatformSanitizeSimulationUnitTest.c
Features/Manageability/PlatformSanitizeFeaturePkg/PlatformSanitizeDxe/UnitTest/TestCase/PlatformSanitizeUnitTest/PlatformSanitizeMock.h
Features/Manageability/PlatformSanitizeFeaturePkg/PlatformSanitizeDxe/UnitTest/TestCase/PlatformSanitizeUnitTest/PlatformSanitizeUnitTest.c
Features/Manageability/PlatformSanitizeFeaturePkg/PlatformSanitizeDxe/UnitTest/UnitTestMain.c
Features/Manageability/PlatformSanitizeFeaturePkg/PlatformSanitizeDxe/UnitTest/UnitTestMain.h
Features/Manageability/PlatformSanitizeFeaturePkg/StorageSanitize/PlatformOpalDxe/UnitTest/PlatformOpalDxeHost.inf
Features/Manageability/PlatformSanitizeFeaturePkg/StorageSanitize/PlatformOpalDxe/UnitTest/TestCase/AddDeviceToTail/AddDeviceToTailMock.h
Features/Manageability/PlatformSanitizeFeaturePkg/StorageSanitize/PlatformOpalDxe/UnitTest/TestCase/AddDeviceToTail/AddDeviceToTailTestCase.c
Features/Manageability/PlatformSanitizeFeaturePkg/StorageSanitize/PlatformOpalDxe/UnitTest/TestCase/DriverBindingStop/DriverBindingStopMock.h
Features/Manageability/PlatformSanitizeFeaturePkg/StorageSanitize/PlatformOpalDxe/UnitTest/TestCase/DriverBindingStop/DriverBindingStopTestCase.c
Features/Manageability/PlatformSanitizeFeaturePkg/StorageSanitize/PlatformOpalDxe/UnitTest/TestCase/DriverBindingSupported/DriverBindingSupportedMock.h
Features/Manageability/PlatformSanitizeFeaturePkg/StorageSanitize/PlatformOpalDxe/UnitTest/TestCase/DriverBindingSupported/DriverBindingSupportedTestCase.c
Features/Manageability/PlatformSanitizeFeaturePkg/StorageSanitize/PlatformOpalDxe/UnitTest/TestCase/DriverEntryPoint/DriverEntryPointMock.h
Features/Manageability/PlatformSanitizeFeaturePkg/StorageSanitize/PlatformOpalDxe/UnitTest/TestCase/DriverEntryPoint/DriverEntryPointTestCase.c
Features/Manageability/PlatformSanitizeFeaturePkg/StorageSanitize/PlatformOpalDxe/UnitTest/TestCase/DriverUnload/DriverUnloadMock.h
Features/Manageability/PlatformSanitizeFeaturePkg/StorageSanitize/PlatformOpalDxe/UnitTest/TestCase/DriverUnload/DriverUnloadTestCase.c
Features/Manageability/PlatformSanitizeFeaturePkg/StorageSanitize/PlatformOpalDxe/UnitTest/TestCase/GetBlockSidState/GetBlockSidStateMock.h
Features/Manageability/PlatformSanitizeFeaturePkg/StorageSanitize/PlatformOpalDxe/UnitTest/TestCase/GetBlockSidState/GetBlockSidStateTestCase.c
Features/Manageability/PlatformSanitizeFeaturePkg/StorageSanitize/PlatformOpalDxe/UnitTest/TestCase/GetOpalState/GetOpalStateMock.h
Features/Manageability/PlatformSanitizeFeaturePkg/StorageSanitize/PlatformOpalDxe/UnitTest/TestCase/GetOpalState/GetOpalStateTestCase.c
Features/Manageability/PlatformSanitizeFeaturePkg/StorageSanitize/PlatformOpalDxe/UnitTest/TestCase/OpalDiskUpdateOwnerShip/OpalDiskUpdateOwnerShipMock.h
Features/Manageability/PlatformSanitizeFeaturePkg/StorageSanitize/PlatformOpalDxe/UnitTest/TestCase/OpalDiskUpdateOwnerShip/OpalDiskUpdateOwnerShipTestCase.c
Features/Manageability/PlatformSanitizeFeaturePkg/StorageSanitize/PlatformOpalDxe/UnitTest/TestCase/OpalDriverPopUpPasswordInput/PopUpPasswordInputMock.h
Features/Manageability/PlatformSanitizeFeaturePkg/StorageSanitize/PlatformOpalDxe/UnitTest/TestCase/OpalDriverPopUpPasswordInput/PopUpPasswordInputTestCase.c
Features/Manageability/PlatformSanitizeFeaturePkg/StorageSanitize/PlatformOpalDxe/UnitTest/TestCase/OpalDriverStopDevice/OpalDriverStopDeviceMock.h
Features/Manageability/PlatformSanitizeFeaturePkg/StorageSanitize/PlatformOpalDxe/UnitTest/TestCase/OpalDriverStopDevice/OpalDriverStopDeviceTestCase.c
Features/Manageability/PlatformSanitizeFeaturePkg/StorageSanitize/PlatformOpalDxe/UnitTest/TestCase/RemoveDevice/RemoveDeviceMock.h
Features/Manageability/PlatformSanitizeFeaturePkg/StorageSanitize/PlatformOpalDxe/UnitTest/TestCase/RemoveDevice/RemoveDeviceTestCase.c
Features/Manageability/PlatformSanitizeFeaturePkg/StorageSanitize/PlatformOpalDxe/UnitTest/UnitTestMain.c
Features/Manageability/PlatformSanitizeFeaturePkg/StorageSanitize/PlatformOpalDxe/UnitTest/UnitTestMain.h
Features/Manageability/PlatformSanitizeFeaturePkg/Test/CommonMock/MockBootServices/MockBootServices.c
Features/Manageability/PlatformSanitizeFeaturePkg/Test/CommonMock/MockBootServices/MockBootServices.inf
Features/Manageability/PlatformSanitizeFeaturePkg/Test/CommonMock/MockPcdLib/PcdLibMock.c
Features/Manageability/PlatformSanitizeFeaturePkg/Test/CommonMock/MockPcdLib/PcdLibMock.inf
Features/Manageability/PlatformSanitizeFeaturePkg/Test/CommonMock/StorageSecurityProtocolMock.c
Features/Manageability/PlatformSanitizeFeaturePkg/Test/CommonMock/StorageSecurityProtocolMock.h
Features/Manageability/PlatformSanitizeFeaturePkg/Test/CommonMock/UefiLibMock.c
Features/Manageability/PlatformSanitizeFeaturePkg/Test/Include/Library/MockBootServices.h
Features/Manageability/PlatformSanitizeFeaturePkg/Test/PlatformSanitizeFeaturePkgHostTest.dsc
Features/Manageability/PsrFeaturePkg/PsrDxe/UnitTest/CleanUp/GetPsrData/CleanUpGetPsrData.c
Features/Manageability/PsrFeaturePkg/PsrDxe/UnitTest/CleanUp/GetPsrData/CleanUpGetPsrData.h
Features/Manageability/PsrFeaturePkg/PsrDxe/UnitTest/PreRequisite/GetPsrData/PreGetPsrData.c
Features/Manageability/PsrFeaturePkg/PsrDxe/UnitTest/PreRequisite/GetPsrData/PreGetPsrData.h
Features/Manageability/PsrFeaturePkg/PsrDxe/UnitTest/PrivateMock/Library/MeLibMock/MeLibMock.c
Features/Manageability/PsrFeaturePkg/PsrDxe/UnitTest/PrivateMock/Library/MeLibMock/MeLibMock.inf
Features/Manageability/PsrFeaturePkg/PsrDxe/UnitTest/PrivateMock/Library/MeUtilsLibMock/MeUtilsLibMock.c
Features/Manageability/PsrFeaturePkg/PsrDxe/UnitTest/PrivateMock/Library/MeUtilsLibMock/MeUtilsLibMock.inf
Features/Manageability/PsrFeaturePkg/PsrDxe/UnitTest/PrivateMock/PrivateMock.c
Features/Manageability/PsrFeaturePkg/PsrDxe/UnitTest/PrivateMock/PrivateMock.h
Features/Manageability/PsrFeaturePkg/PsrDxe/UnitTest/PsrDxeHost.inf
Features/Manageability/PsrFeaturePkg/PsrDxe/UnitTest/TestCase/ExportPsrToUsbStorage/TestCaseExportPsrToUsbStorage.c
Features/Manageability/PsrFeaturePkg/PsrDxe/UnitTest/TestCase/ExportPsrToUsbStorage/TestCaseExportPsrToUsbStorage.h
Features/Manageability/PsrFeaturePkg/PsrDxe/UnitTest/TestCase/GetPsrData/TestCaseGetPsrData.c
Features/Manageability/PsrFeaturePkg/PsrDxe/UnitTest/TestCase/GetPsrData/TestCaseGetPsrData.h
Features/Manageability/PsrFeaturePkg/PsrDxe/UnitTest/TestCase/IsPsrSupported/TestCaseIsPsrSupported.c
Features/Manageability/PsrFeaturePkg/PsrDxe/UnitTest/TestCase/IsPsrSupported/TestCaseIsPsrSupported.h
Features/Manageability/PsrFeaturePkg/PsrDxe/UnitTest/TestCase/NotifyChassisIntrusionDetection/TestCaseNotifyChassisIntrusionDetection.c
Features/Manageability/PsrFeaturePkg/PsrDxe/UnitTest/TestCase/NotifyChassisIntrusionDetection/TestCaseNotifyChassisIntrusionDetection.h
Features/Manageability/PsrFeaturePkg/PsrDxe/UnitTest/TestCase/NotifyCriticalTempShutdown/TestCaseNotifyCriticalTempShutdown.c
Features/Manageability/PsrFeaturePkg/PsrDxe/UnitTest/TestCase/NotifyCriticalTempShutdown/TestCaseNotifyCriticalTempShutdown.h
Features/Manageability/PsrFeaturePkg/PsrDxe/UnitTest/TestCase/NotifyEventReport/TestCaseNotifyEventReport.c
Features/Manageability/PsrFeaturePkg/PsrDxe/UnitTest/TestCase/NotifyEventReport/TestCaseNotifyEventReport.h
Features/Manageability/PsrFeaturePkg/PsrDxe/UnitTest/TestCase/NotifyPsrCapabilitySet/TestCaseNotifyPsrCapabilitySet.c
Features/Manageability/PsrFeaturePkg/PsrDxe/UnitTest/TestCase/NotifyPsrCapabilitySet/TestCaseNotifyPsrCapabilitySet.h
Features/Manageability/PsrFeaturePkg/PsrDxe/UnitTest/UnitTestMain.c
Features/Manageability/PsrFeaturePkg/PsrDxe/UnitTest/UnitTestMain.h
Features/Manageability/PsrFeaturePkg/PsrSetup/UnitTest/CleanUp/ConvertToString/CleanUpConvertToString.c
Features/Manageability/PsrFeaturePkg/PsrSetup/UnitTest/CleanUp/ConvertToString/CleanUpConvertToString.h
Features/Manageability/PsrFeaturePkg/PsrSetup/UnitTest/CleanUp/CountOfLeapYearsInRange/CleanUpCountOfLeapYearsInRange.c
Features/Manageability/PsrFeaturePkg/PsrSetup/UnitTest/CleanUp/CountOfLeapYearsInRange/CleanUpCountOfLeapYearsInRange.h
Features/Manageability/PsrFeaturePkg/PsrSetup/UnitTest/CleanUp/GetPsrEventAction/CleanUpGetPsrEventAction.c
Features/Manageability/PsrFeaturePkg/PsrSetup/UnitTest/CleanUp/GetPsrEventAction/CleanUpGetPsrEventAction.h
Features/Manageability/PsrFeaturePkg/PsrSetup/UnitTest/CleanUp/GetPsrEventName/CleanUpGetPsrEventName.c
Features/Manageability/PsrFeaturePkg/PsrSetup/UnitTest/CleanUp/GetPsrEventName/CleanUpGetPsrEventName.h
Features/Manageability/PsrFeaturePkg/PsrSetup/UnitTest/CleanUp/GetPsrEventSource/CleanUpGetPsrEventSource.c
Features/Manageability/PsrFeaturePkg/PsrSetup/UnitTest/CleanUp/GetPsrEventSource/CleanUpGetPsrEventSource.h
Features/Manageability/PsrFeaturePkg/PsrSetup/UnitTest/CleanUp/GetPsrEventStatus/CleanUpGetPsrEventStatus.c
Features/Manageability/PsrFeaturePkg/PsrSetup/UnitTest/CleanUp/GetPsrEventStatus/CleanUpGetPsrEventStatus.h
Features/Manageability/PsrFeaturePkg/PsrSetup/UnitTest/CleanUp/GetPsrLogState/CleanUpGetPsrLogState.c
Features/Manageability/PsrFeaturePkg/PsrSetup/UnitTest/CleanUp/GetPsrLogState/CleanUpGetPsrLogState.h
Features/Manageability/PsrFeaturePkg/PsrSetup/UnitTest/CleanUp/PsrGetInfo/CleanUpPsrGetInfo.c
Features/Manageability/PsrFeaturePkg/PsrSetup/UnitTest/CleanUp/PsrGetInfo/CleanUpPsrGetInfo.h
Features/Manageability/PsrFeaturePkg/PsrSetup/UnitTest/CleanUp/PsrSetupInit/CleanUpPsrSetupInit.c
Features/Manageability/PsrFeaturePkg/PsrSetup/UnitTest/CleanUp/PsrSetupInit/CleanUpPsrSetupInit.h
Features/Manageability/PsrFeaturePkg/PsrSetup/UnitTest/CleanUp/StrTrim/CleanUpStrTrim.c
Features/Manageability/PsrFeaturePkg/PsrSetup/UnitTest/CleanUp/StrTrim/CleanUpStrTrim.h
Features/Manageability/PsrFeaturePkg/PsrSetup/UnitTest/CleanUp/UnixTimeStampToDate/CleanUpUnixTimeStampToDate.c
Features/Manageability/PsrFeaturePkg/PsrSetup/UnitTest/CleanUp/UnixTimeStampToDate/CleanUpUnixTimeStampToDate.h
Features/Manageability/PsrFeaturePkg/PsrSetup/UnitTest/CleanUp/UpdatePsrCapabilitiesInfo/CleanUpUpdatePsrCapabilitiesInfo.c
Features/Manageability/PsrFeaturePkg/PsrSetup/UnitTest/CleanUp/UpdatePsrCapabilitiesInfo/CleanUpUpdatePsrCapabilitiesInfo.h
Features/Manageability/PsrFeaturePkg/PsrSetup/UnitTest/PreRequisite/ConvertToString/PreConvertToString.c
Features/Manageability/PsrFeaturePkg/PsrSetup/UnitTest/PreRequisite/ConvertToString/PreConvertToString.h
Features/Manageability/PsrFeaturePkg/PsrSetup/UnitTest/PreRequisite/CountOfLeapYearsInRange/PreCountOfLeapYearsInRange.c
Features/Manageability/PsrFeaturePkg/PsrSetup/UnitTest/PreRequisite/CountOfLeapYearsInRange/PreCountOfLeapYearsInRange.h
Features/Manageability/PsrFeaturePkg/PsrSetup/UnitTest/PreRequisite/GetPsrEventAction/PreGetPsrEventAction.c
Features/Manageability/PsrFeaturePkg/PsrSetup/UnitTest/PreRequisite/GetPsrEventAction/PreGetPsrEventAction.h
Features/Manageability/PsrFeaturePkg/PsrSetup/UnitTest/PreRequisite/GetPsrEventName/PreGetPsrEventName.c
Features/Manageability/PsrFeaturePkg/PsrSetup/UnitTest/PreRequisite/GetPsrEventName/PreGetPsrEventName.h
Features/Manageability/PsrFeaturePkg/PsrSetup/UnitTest/PreRequisite/GetPsrEventSource/PreGetPsrEventSource.c
Features/Manageability/PsrFeaturePkg/PsrSetup/UnitTest/PreRequisite/GetPsrEventSource/PreGetPsrEventSource.h
Features/Manageability/PsrFeaturePkg/PsrSetup/UnitTest/PreRequisite/GetPsrEventStatus/PreGetPsrEventStatus.c
Features/Manageability/PsrFeaturePkg/PsrSetup/UnitTest/PreRequisite/GetPsrEventStatus/PreGetPsrEventStatus.h
Features/Manageability/PsrFeaturePkg/PsrSetup/UnitTest/PreRequisite/GetPsrLogState/PreGetPsrLogState.c
Features/Manageability/PsrFeaturePkg/PsrSetup/UnitTest/PreRequisite/GetPsrLogState/PreGetPsrLogState.h
Features/Manageability/PsrFeaturePkg/PsrSetup/UnitTest/PreRequisite/PsrGetInfo/PrePsrGetInfo.c
Features/Manageability/PsrFeaturePkg/PsrSetup/UnitTest/PreRequisite/PsrGetInfo/PrePsrGetInfo.h
Features/Manageability/PsrFeaturePkg/PsrSetup/UnitTest/PreRequisite/PsrSetupInit/PrePsrSetupInit.c
Features/Manageability/PsrFeaturePkg/PsrSetup/UnitTest/PreRequisite/PsrSetupInit/PrePsrSetupInit.h
Features/Manageability/PsrFeaturePkg/PsrSetup/UnitTest/PreRequisite/StrTrim/PreStrTrim.c
Features/Manageability/PsrFeaturePkg/PsrSetup/UnitTest/PreRequisite/StrTrim/PreStrTrim.h
Features/Manageability/PsrFeaturePkg/PsrSetup/UnitTest/PreRequisite/UnixTimeStampToDate/PreUnixTimeStampToDate.c
Features/Manageability/PsrFeaturePkg/PsrSetup/UnitTest/PreRequisite/UnixTimeStampToDate/PreUnixTimeStampToDate.h
Features/Manageability/PsrFeaturePkg/PsrSetup/UnitTest/PreRequisite/UpdatePsrCapabilitiesInfo/PreUpdatePsrCapabilitiesInfo.c
Features/Manageability/PsrFeaturePkg/PsrSetup/UnitTest/PreRequisite/UpdatePsrCapabilitiesInfo/PreUpdatePsrCapabilitiesInfo.h
Features/Manageability/PsrFeaturePkg/PsrSetup/UnitTest/PrivateMock/Library/HiiLibMock/HiiLibMock.c
Features/Manageability/PsrFeaturePkg/PsrSetup/UnitTest/PrivateMock/Library/HiiLibMock/HiiLibMock.inf
Features/Manageability/PsrFeaturePkg/PsrSetup/UnitTest/PrivateMock/PrivateMock.c
Features/Manageability/PsrFeaturePkg/PsrSetup/UnitTest/PrivateMock/PrivateMock.h
Features/Manageability/PsrFeaturePkg/PsrSetup/UnitTest/PsrSetupHost.inf
Features/Manageability/PsrFeaturePkg/PsrSetup/UnitTest/TestCase/ConvertToString/TestCaseConvertToString.c
Features/Manageability/PsrFeaturePkg/PsrSetup/UnitTest/TestCase/ConvertToString/TestCaseConvertToString.h
Features/Manageability/PsrFeaturePkg/PsrSetup/UnitTest/TestCase/CountOfLeapYearsInRange/TestCaseCountOfLeapYearsInRange.c
Features/Manageability/PsrFeaturePkg/PsrSetup/UnitTest/TestCase/CountOfLeapYearsInRange/TestCaseCountOfLeapYearsInRange.h
Features/Manageability/PsrFeaturePkg/PsrSetup/UnitTest/TestCase/GetPsrEventAction/TestCaseGetPsrEventAction.c
Features/Manageability/PsrFeaturePkg/PsrSetup/UnitTest/TestCase/GetPsrEventAction/TestCaseGetPsrEventAction.h
Features/Manageability/PsrFeaturePkg/PsrSetup/UnitTest/TestCase/GetPsrEventName/TestCaseGetPsrEventName.c
Features/Manageability/PsrFeaturePkg/PsrSetup/UnitTest/TestCase/GetPsrEventName/TestCaseGetPsrEventName.h
Features/Manageability/PsrFeaturePkg/PsrSetup/UnitTest/TestCase/GetPsrEventSource/TestCaseGetPsrEventSource.c
Features/Manageability/PsrFeaturePkg/PsrSetup/UnitTest/TestCase/GetPsrEventSource/TestCaseGetPsrEventSource.h
Features/Manageability/PsrFeaturePkg/PsrSetup/UnitTest/TestCase/GetPsrEventStatus/TestCaseGetPsrEventStatus.c
Features/Manageability/PsrFeaturePkg/PsrSetup/UnitTest/TestCase/GetPsrEventStatus/TestCaseGetPsrEventStatus.h
Features/Manageability/PsrFeaturePkg/PsrSetup/UnitTest/TestCase/GetPsrLogState/TestCaseGetPsrLogState.c
Features/Manageability/PsrFeaturePkg/PsrSetup/UnitTest/TestCase/GetPsrLogState/TestCaseGetPsrLogState.h
Features/Manageability/PsrFeaturePkg/PsrSetup/UnitTest/TestCase/PsrGetInfo/TestCasePsrGetInfo.c
Features/Manageability/PsrFeaturePkg/PsrSetup/UnitTest/TestCase/PsrGetInfo/TestCasePsrGetInfo.h
Features/Manageability/PsrFeaturePkg/PsrSetup/UnitTest/TestCase/PsrSetupInit/TestCasePsrSetupInit.c
Features/Manageability/PsrFeaturePkg/PsrSetup/UnitTest/TestCase/PsrSetupInit/TestCasePsrSetupInit.h
Features/Manageability/PsrFeaturePkg/PsrSetup/UnitTest/TestCase/StrTrim/TestCaseStrTrim.c
Features/Manageability/PsrFeaturePkg/PsrSetup/UnitTest/TestCase/StrTrim/TestCaseStrTrim.h
Features/Manageability/PsrFeaturePkg/PsrSetup/UnitTest/TestCase/UnixTimeStampToDate/TestCaseUnixTimeStampToDate.c
Features/Manageability/PsrFeaturePkg/PsrSetup/UnitTest/TestCase/UnixTimeStampToDate/TestCaseUnixTimeStampToDate.h
Features/Manageability/PsrFeaturePkg/PsrSetup/UnitTest/TestCase/UpdatePsrCapabilitiesInfo/TestCaseUpdatePsrCapabilitiesInfo.c
Features/Manageability/PsrFeaturePkg/PsrSetup/UnitTest/TestCase/UpdatePsrCapabilitiesInfo/TestCaseUpdatePsrCapabilitiesInfo.h
Features/Manageability/PsrFeaturePkg/PsrSetup/UnitTest/UnitTestMain.c
Features/Manageability/PsrFeaturePkg/PsrSetup/UnitTest/UnitTestMain.h
Features/Manageability/PsrFeaturePkg/Test/PcdLibMock.c
Features/Manageability/PsrFeaturePkg/Test/PcdLibMock.inf
Features/Manageability/PsrFeaturePkg/Test/PsrFeaturePkgHostTest.dsc
Features/PowerManagement/PmaxFeaturePkg/PmaxDxe/UnitTest/CleanUp/FindPmaxTable/CleanUpFindPmaxTable.c
Features/PowerManagement/PmaxFeaturePkg/PmaxDxe/UnitTest/CleanUp/FindPmaxTable/CleanUpFindPmaxTable.h
Features/PowerManagement/PmaxFeaturePkg/PmaxDxe/UnitTest/CleanUp/InstallTable/CleanUpInstallTable.c
Features/PowerManagement/PmaxFeaturePkg/PmaxDxe/UnitTest/CleanUp/InstallTable/CleanUpInstallTable.h
Features/PowerManagement/PmaxFeaturePkg/PmaxDxe/UnitTest/CleanUp/UpdatePmaxTable/CleanUpUpdatePmaxTable.c
Features/PowerManagement/PmaxFeaturePkg/PmaxDxe/UnitTest/CleanUp/UpdatePmaxTable/CleanUpUpdatePmaxTable.h
Features/PowerManagement/PmaxFeaturePkg/PmaxDxe/UnitTest/PmaxDxeHost.inf
Features/PowerManagement/PmaxFeaturePkg/PmaxDxe/UnitTest/PreRequisite/FindPmaxTable/PreFindPmaxTable.c
Features/PowerManagement/PmaxFeaturePkg/PmaxDxe/UnitTest/PreRequisite/FindPmaxTable/PreFindPmaxTable.h
Features/PowerManagement/PmaxFeaturePkg/PmaxDxe/UnitTest/PreRequisite/InstallTable/PreInstallTable.c
Features/PowerManagement/PmaxFeaturePkg/PmaxDxe/UnitTest/PreRequisite/InstallTable/PreInstallTable.h
Features/PowerManagement/PmaxFeaturePkg/PmaxDxe/UnitTest/PreRequisite/UpdatePmaxTable/PreUpdatePmaxTable.c
Features/PowerManagement/PmaxFeaturePkg/PmaxDxe/UnitTest/PreRequisite/UpdatePmaxTable/PreUpdatePmaxTable.h
Features/PowerManagement/PmaxFeaturePkg/PmaxDxe/UnitTest/PrivateMock/PrivateMock.c
Features/PowerManagement/PmaxFeaturePkg/PmaxDxe/UnitTest/PrivateMock/PrivateMock.h
Features/PowerManagement/PmaxFeaturePkg/PmaxDxe/UnitTest/TestCase/FindPmaxTable/TestCaseFindPmaxTable.c
Features/PowerManagement/PmaxFeaturePkg/PmaxDxe/UnitTest/TestCase/FindPmaxTable/TestCaseFindPmaxTable.h
Features/PowerManagement/PmaxFeaturePkg/PmaxDxe/UnitTest/TestCase/GetStrLength/TestCaseGetStrLength.c
Features/PowerManagement/PmaxFeaturePkg/PmaxDxe/UnitTest/TestCase/GetStrLength/TestCaseGetStrLength.h
Features/PowerManagement/PmaxFeaturePkg/PmaxDxe/UnitTest/TestCase/InstallPmaxTable/TestCaseInstallPmaxTable.c
Features/PowerManagement/PmaxFeaturePkg/PmaxDxe/UnitTest/TestCase/InstallPmaxTable/TestCaseInstallPmaxTable.h
Features/PowerManagement/PmaxFeaturePkg/PmaxDxe/UnitTest/TestCase/InstallTable/TestCaseInstallTable.c
Features/PowerManagement/PmaxFeaturePkg/PmaxDxe/UnitTest/TestCase/InstallTable/TestCaseInstallTable.h
Features/PowerManagement/PmaxFeaturePkg/PmaxDxe/UnitTest/TestCase/UpdatePmaxTable/TestCaseUpdatePmaxTable.c
Features/PowerManagement/PmaxFeaturePkg/PmaxDxe/UnitTest/TestCase/UpdatePmaxTable/TestCaseUpdatePmaxTable.h
Features/PowerManagement/PmaxFeaturePkg/PmaxDxe/UnitTest/UnitTestMain.c
Features/PowerManagement/PmaxFeaturePkg/PmaxDxe/UnitTest/UnitTestMain.h
Features/PowerManagement/PmaxFeaturePkg/Test/CommonMock/PcdLibMock.c
Features/PowerManagement/PmaxFeaturePkg/Test/CommonMock/PcdLibMock.inf
Features/PowerManagement/PmaxFeaturePkg/Test/PmaxFeaturePkgHostTest.dsc
Features/Storage/MultiIbbFeaturePkg/MultiIbbService/UnitTest/CleanUp/AdjustInitNemRange/CleanUpAdjustInitNemRange.c
Features/Storage/MultiIbbFeaturePkg/MultiIbbService/UnitTest/CleanUp/AdjustInitNemRange/CleanUpAdjustInitNemRange.h
Features/Storage/MultiIbbFeaturePkg/MultiIbbService/UnitTest/CleanUp/CreateSha384Hash/CleanUpCreateSha384Hash.c
Features/Storage/MultiIbbFeaturePkg/MultiIbbService/UnitTest/CleanUp/CreateSha384Hash/CleanUpCreateSha384Hash.h
Features/Storage/MultiIbbFeaturePkg/MultiIbbService/UnitTest/CleanUp/EndOfIbbNotifyCallback/CleanUpEndOfIbbNotifyCallback.c
Features/Storage/MultiIbbFeaturePkg/MultiIbbService/UnitTest/CleanUp/EndOfIbbNotifyCallback/CleanUpEndOfIbbNotifyCallback.h
Features/Storage/MultiIbbFeaturePkg/MultiIbbService/UnitTest/CleanUp/FvIntegrityCheck/CleanUpFvIntegrityCheck.c
Features/Storage/MultiIbbFeaturePkg/MultiIbbService/UnitTest/CleanUp/FvIntegrityCheck/CleanUpFvIntegrityCheck.h
Features/Storage/MultiIbbFeaturePkg/MultiIbbService/UnitTest/CleanUp/IbbCacheabilityType/CleanUpIbbCacheabilityType.c
Features/Storage/MultiIbbFeaturePkg/MultiIbbService/UnitTest/CleanUp/IbbCacheabilityType/CleanUpIbbCacheabilityType.h
Features/Storage/MultiIbbFeaturePkg/MultiIbbService/UnitTest/CleanUp/MemoryDiscoveredPpiNotifyCallback/CleanUpMemoryDiscoveredPpiNotifyCallback.c
Features/Storage/MultiIbbFeaturePkg/MultiIbbService/UnitTest/CleanUp/MemoryDiscoveredPpiNotifyCallback/CleanUpMemoryDiscoveredPpiNotifyCallback.h
Features/Storage/MultiIbbFeaturePkg/MultiIbbService/UnitTest/CleanUp/MultiIbbCacheMissDebugCheck/CleanUpMultiIbbCacheMissDebugCheck.c
Features/Storage/MultiIbbFeaturePkg/MultiIbbService/UnitTest/CleanUp/MultiIbbCacheMissDebugCheck/CleanUpMultiIbbCacheMissDebugCheck.h
Features/Storage/MultiIbbFeaturePkg/MultiIbbService/UnitTest/CleanUp/MultiIbbServiceEntryPoint/CleanUpMultiIbbServiceEntryPoint.c
Features/Storage/MultiIbbFeaturePkg/MultiIbbService/UnitTest/CleanUp/MultiIbbServiceEntryPoint/CleanUpMultiIbbServiceEntryPoint.h
Features/Storage/MultiIbbFeaturePkg/MultiIbbService/UnitTest/MultiIbbServiceHost.inf
Features/Storage/MultiIbbFeaturePkg/MultiIbbService/UnitTest/MultiIbbServiceHost_Ibbnp1.inf
Features/Storage/MultiIbbFeaturePkg/MultiIbbService/UnitTest/PreRequisite/AdjustInitNemRange/PreAdjustInitNemRange.c
Features/Storage/MultiIbbFeaturePkg/MultiIbbService/UnitTest/PreRequisite/AdjustInitNemRange/PreAdjustInitNemRange.h
Features/Storage/MultiIbbFeaturePkg/MultiIbbService/UnitTest/PreRequisite/CreateSha384Hash/PreCreateSha384Hash.c
Features/Storage/MultiIbbFeaturePkg/MultiIbbService/UnitTest/PreRequisite/CreateSha384Hash/PreCreateSha384Hash.h
Features/Storage/MultiIbbFeaturePkg/MultiIbbService/UnitTest/PreRequisite/EndOfIbbNotifyCallback/PreEndOfIbbNotifyCallback.c
Features/Storage/MultiIbbFeaturePkg/MultiIbbService/UnitTest/PreRequisite/EndOfIbbNotifyCallback/PreEndOfIbbNotifyCallback.h
Features/Storage/MultiIbbFeaturePkg/MultiIbbService/UnitTest/PreRequisite/FvIntegrityCheck/PreFvIntegrityCheck.c
Features/Storage/MultiIbbFeaturePkg/MultiIbbService/UnitTest/PreRequisite/FvIntegrityCheck/PreFvIntegrityCheck.h
Features/Storage/MultiIbbFeaturePkg/MultiIbbService/UnitTest/PreRequisite/IbbCacheabilityType/PreIbbCacheabilityType.c
Features/Storage/MultiIbbFeaturePkg/MultiIbbService/UnitTest/PreRequisite/IbbCacheabilityType/PreIbbCacheabilityType.h
Features/Storage/MultiIbbFeaturePkg/MultiIbbService/UnitTest/PreRequisite/MemoryDiscoveredPpiNotifyCallback/PreMemoryDiscoveredPpiNotifyCallback.c
Features/Storage/MultiIbbFeaturePkg/MultiIbbService/UnitTest/PreRequisite/MemoryDiscoveredPpiNotifyCallback/PreMemoryDiscoveredPpiNotifyCallback.h
Features/Storage/MultiIbbFeaturePkg/MultiIbbService/UnitTest/PreRequisite/MultiIbbCacheMissDebugCheck/PreMultiIbbCacheMissDebugCheck.c
Features/Storage/MultiIbbFeaturePkg/MultiIbbService/UnitTest/PreRequisite/MultiIbbCacheMissDebugCheck/PreMultiIbbCacheMissDebugCheck.h
Features/Storage/MultiIbbFeaturePkg/MultiIbbService/UnitTest/PreRequisite/MultiIbbServiceEntryPoint/PreMultiIbbServiceEntryPoint.c
Features/Storage/MultiIbbFeaturePkg/MultiIbbService/UnitTest/PreRequisite/MultiIbbServiceEntryPoint/PreMultiIbbServiceEntryPoint.h
Features/Storage/MultiIbbFeaturePkg/MultiIbbService/UnitTest/PrivateMock/MtrrLibMock/MtrrLibMock.c
Features/Storage/MultiIbbFeaturePkg/MultiIbbService/UnitTest/PrivateMock/MtrrLibMock/MtrrLibMock.inf
Features/Storage/MultiIbbFeaturePkg/MultiIbbService/UnitTest/PrivateMock/PeiServicesLibMock/PeiServicesLibMock.c
Features/Storage/MultiIbbFeaturePkg/MultiIbbService/UnitTest/PrivateMock/PeiServicesLibMock/PeiServicesLibMock.inf
Features/Storage/MultiIbbFeaturePkg/MultiIbbService/UnitTest/PrivateMock/PrivateMock.c
Features/Storage/MultiIbbFeaturePkg/MultiIbbService/UnitTest/PrivateMock/PrivateMock.h
Features/Storage/MultiIbbFeaturePkg/MultiIbbService/UnitTest/TestCase/AdjustInitNemRange/TestCaseAdjustInitNemRange.c
Features/Storage/MultiIbbFeaturePkg/MultiIbbService/UnitTest/TestCase/AdjustInitNemRange/TestCaseAdjustInitNemRange.h
Features/Storage/MultiIbbFeaturePkg/MultiIbbService/UnitTest/TestCase/CreateSha384Hash/TestCaseCreateSha384Hash.c
Features/Storage/MultiIbbFeaturePkg/MultiIbbService/UnitTest/TestCase/CreateSha384Hash/TestCaseCreateSha384Hash.h
Features/Storage/MultiIbbFeaturePkg/MultiIbbService/UnitTest/TestCase/EndOfIbbNotifyCallback/TestCaseEndOfIbbNotifyCallback.c
Features/Storage/MultiIbbFeaturePkg/MultiIbbService/UnitTest/TestCase/EndOfIbbNotifyCallback/TestCaseEndOfIbbNotifyCallback.h
Features/Storage/MultiIbbFeaturePkg/MultiIbbService/UnitTest/TestCase/FvIntegrityCheck/TestCaseFvIntegrityCheck.c
Features/Storage/MultiIbbFeaturePkg/MultiIbbService/UnitTest/TestCase/FvIntegrityCheck/TestCaseFvIntegrityCheck.h
Features/Storage/MultiIbbFeaturePkg/MultiIbbService/UnitTest/TestCase/IbbCacheabilityType/TestCaseIbbCacheabilityType.c
Features/Storage/MultiIbbFeaturePkg/MultiIbbService/UnitTest/TestCase/IbbCacheabilityType/TestCaseIbbCacheabilityType.h
Features/Storage/MultiIbbFeaturePkg/MultiIbbService/UnitTest/TestCase/MemoryDiscoveredPpiNotifyCallback/TestCaseMemoryDiscoveredPpiNotifyCallback.c
Features/Storage/MultiIbbFeaturePkg/MultiIbbService/UnitTest/TestCase/MemoryDiscoveredPpiNotifyCallback/TestCaseMemoryDiscoveredPpiNotifyCallback.h
Features/Storage/MultiIbbFeaturePkg/MultiIbbService/UnitTest/TestCase/MultiIbbCacheMissDebugCheck/TestCaseMultiIbbCacheMissDebugCheck.c
Features/Storage/MultiIbbFeaturePkg/MultiIbbService/UnitTest/TestCase/MultiIbbCacheMissDebugCheck/TestCaseMultiIbbCacheMissDebugCheck.h
Features/Storage/MultiIbbFeaturePkg/MultiIbbService/UnitTest/TestCase/MultiIbbServiceEntryPoint/TestCaseMultiIbbServiceEntryPoint.c
Features/Storage/MultiIbbFeaturePkg/MultiIbbService/UnitTest/TestCase/MultiIbbServiceEntryPoint/TestCaseMultiIbbServiceEntryPoint.h
Features/Storage/MultiIbbFeaturePkg/MultiIbbService/UnitTest/UnitTestMain.c
Features/Storage/MultiIbbFeaturePkg/MultiIbbService/UnitTest/UnitTestMain.h
Features/Storage/MultiIbbFeaturePkg/Test/CommonMock/PcdLibMock.c
Features/Storage/MultiIbbFeaturePkg/Test/CommonMock/PcdLibMock.inf
Features/Storage/MultiIbbFeaturePkg/Test/MultiIbbFeaturePkgHostTest.dsc
Features/Storage/NvmeFeaturePkg/NvmeEraseDxe/UnitTest/CleanUp/CleanUp.c
Features/Storage/NvmeFeaturePkg/NvmeEraseDxe/UnitTest/CleanUp/CleanUp.h
Features/Storage/NvmeFeaturePkg/NvmeEraseDxe/UnitTest/NvmeEraseDxeHost.inf
Features/Storage/NvmeFeaturePkg/NvmeEraseDxe/UnitTest/PreRequisite/PreRequisite.c
Features/Storage/NvmeFeaturePkg/NvmeEraseDxe/UnitTest/PreRequisite/PreRequisite.h
Features/Storage/NvmeFeaturePkg/NvmeEraseDxe/UnitTest/PrivateMock/NvmePassThruProtocolMock.c
Features/Storage/NvmeFeaturePkg/NvmeEraseDxe/UnitTest/PrivateMock/NvmePassThruProtocolMock.h
Features/Storage/NvmeFeaturePkg/NvmeEraseDxe/UnitTest/TestCase/GetNvmeEraseResult/GetNvmeEraseResultMock.h
Features/Storage/NvmeFeaturePkg/NvmeEraseDxe/UnitTest/TestCase/GetNvmeEraseResult/TestCase.c
Features/Storage/NvmeFeaturePkg/NvmeEraseDxe/UnitTest/TestCase/GetNvmeEstimateTime/GetNvmeEstimateTimeMock.h
Features/Storage/NvmeFeaturePkg/NvmeEraseDxe/UnitTest/TestCase/GetNvmeEstimateTime/TestCase.c
Features/Storage/NvmeFeaturePkg/NvmeEraseDxe/UnitTest/TestCase/GetParentProtocol/CleanUp.c
Features/Storage/NvmeFeaturePkg/NvmeEraseDxe/UnitTest/TestCase/GetParentProtocol/GetParentProtocolMock.h
Features/Storage/NvmeFeaturePkg/NvmeEraseDxe/UnitTest/TestCase/GetParentProtocol/PreRequisite.c
Features/Storage/NvmeFeaturePkg/NvmeEraseDxe/UnitTest/TestCase/GetParentProtocol/TestCase.c
Features/Storage/NvmeFeaturePkg/NvmeEraseDxe/UnitTest/TestCase/IsNvmeDevice/CleanUp.c
Features/Storage/NvmeFeaturePkg/NvmeEraseDxe/UnitTest/TestCase/IsNvmeDevice/IsNvmeDeviceMock.h
Features/Storage/NvmeFeaturePkg/NvmeEraseDxe/UnitTest/TestCase/IsNvmeDevice/PreRequisite.c
Features/Storage/NvmeFeaturePkg/NvmeEraseDxe/UnitTest/TestCase/IsNvmeDevice/TestCase.c
Features/Storage/NvmeFeaturePkg/NvmeEraseDxe/UnitTest/TestCase/NvmeDataBlockErase/CleanUp.c
Features/Storage/NvmeFeaturePkg/NvmeEraseDxe/UnitTest/TestCase/NvmeDataBlockErase/NvmeDataBlockEraseMock.h
Features/Storage/NvmeFeaturePkg/NvmeEraseDxe/UnitTest/TestCase/NvmeDataBlockErase/PreRequisite.c
Features/Storage/NvmeFeaturePkg/NvmeEraseDxe/UnitTest/TestCase/NvmeDataBlockErase/TestCase.c
Features/Storage/NvmeFeaturePkg/NvmeEraseDxe/UnitTest/TestCase/NvmeDataCryptoErase/CleanUp.c
Features/Storage/NvmeFeaturePkg/NvmeEraseDxe/UnitTest/TestCase/NvmeDataCryptoErase/NvmeDataCryptoEraseMock.h
Features/Storage/NvmeFeaturePkg/NvmeEraseDxe/UnitTest/TestCase/NvmeDataCryptoErase/PreRequisite.c
Features/Storage/NvmeFeaturePkg/NvmeEraseDxe/UnitTest/TestCase/NvmeDataCryptoErase/TestCase.c
Features/Storage/NvmeFeaturePkg/NvmeEraseDxe/UnitTest/TestCase/NvmeDataOverwrite/NvmeDataOverwriteMock.h
Features/Storage/NvmeFeaturePkg/NvmeEraseDxe/UnitTest/TestCase/NvmeDataOverwrite/TestCase.c
Features/Storage/NvmeFeaturePkg/NvmeEraseDxe/UnitTest/TestCase/NvmeEraseBindingSupported/CleanUp.c
Features/Storage/NvmeFeaturePkg/NvmeEraseDxe/UnitTest/TestCase/NvmeEraseBindingSupported/NvmeEraseBindingSupportedMock.h
Features/Storage/NvmeFeaturePkg/NvmeEraseDxe/UnitTest/TestCase/NvmeEraseBindingSupported/PreRequisite.c
Features/Storage/NvmeFeaturePkg/NvmeEraseDxe/UnitTest/TestCase/NvmeEraseBindingSupported/TestCase.c
Features/Storage/NvmeFeaturePkg/NvmeEraseDxe/UnitTest/TestCase/NvmeEraseBlocks/NvmeEraseBlocksMock.h
Features/Storage/NvmeFeaturePkg/NvmeEraseDxe/UnitTest/TestCase/NvmeEraseBlocks/TestCase.c
Features/Storage/NvmeFeaturePkg/NvmeEraseDxe/UnitTest/TestCase/NvmeEraseEntryPoint/CleanUp.c
Features/Storage/NvmeFeaturePkg/NvmeEraseDxe/UnitTest/TestCase/NvmeEraseEntryPoint/NvmeEraseEntryPointMock.h
Features/Storage/NvmeFeaturePkg/NvmeEraseDxe/UnitTest/TestCase/NvmeEraseEntryPoint/PreRequisite.c
Features/Storage/NvmeFeaturePkg/NvmeEraseDxe/UnitTest/TestCase/NvmeEraseEntryPoint/TestCase.c
Features/Storage/NvmeFeaturePkg/NvmeEraseDxe/UnitTest/TestCase/NvmeFormatNvmCommand/CleanUp.c
Features/Storage/NvmeFeaturePkg/NvmeEraseDxe/UnitTest/TestCase/NvmeFormatNvmCommand/NvmeFormatNvmCommandMock.h
Features/Storage/NvmeFeaturePkg/NvmeEraseDxe/UnitTest/TestCase/NvmeFormatNvmCommand/PreRequisite.c
Features/Storage/NvmeFeaturePkg/NvmeEraseDxe/UnitTest/TestCase/NvmeFormatNvmCommand/TestCase.c
Features/Storage/NvmeFeaturePkg/NvmeEraseDxe/UnitTest/TestCase/NvmeIdentifyController/CleanUp.c
Features/Storage/NvmeFeaturePkg/NvmeEraseDxe/UnitTest/TestCase/NvmeIdentifyController/NvmeIdentifyControllerMock.h
Features/Storage/NvmeFeaturePkg/NvmeEraseDxe/UnitTest/TestCase/NvmeIdentifyController/PreRequisite.c
Features/Storage/NvmeFeaturePkg/NvmeEraseDxe/UnitTest/TestCase/NvmeIdentifyController/TestCase.c
Features/Storage/NvmeFeaturePkg/NvmeEraseDxe/UnitTest/TestCase/SetNvmeEstimateTime/CleanUp.c
Features/Storage/NvmeFeaturePkg/NvmeEraseDxe/UnitTest/TestCase/SetNvmeEstimateTime/PreRequisite.c
Features/Storage/NvmeFeaturePkg/NvmeEraseDxe/UnitTest/TestCase/SetNvmeEstimateTime/SetNvmeEstimateTimeMock.h
Features/Storage/NvmeFeaturePkg/NvmeEraseDxe/UnitTest/TestCase/SetNvmeEstimateTime/TestCase.c
Features/Storage/NvmeFeaturePkg/NvmeEraseDxe/UnitTest/TestCase/UpdateResult/TestCase.c
Features/Storage/NvmeFeaturePkg/NvmeEraseDxe/UnitTest/TestCase/UpdateResult/UpdateResultMock.h
Features/Storage/NvmeFeaturePkg/NvmeEraseDxe/UnitTest/UnitTestMain.c
Features/Storage/NvmeFeaturePkg/NvmeEraseDxe/UnitTest/UnitTestMain.h
Features/Storage/NvmeFeaturePkg/NvmePciHcPei/UnitTest/NvmePciHcPeiHost.inf
Features/Storage/NvmeFeaturePkg/NvmePciHcPei/UnitTest/TestCase/NvmePciHcPeiTestCase.c
Features/Storage/NvmeFeaturePkg/NvmePciHcPei/UnitTest/TestCase/NvmePciHcPeiTestCase.h
Features/Storage/NvmeFeaturePkg/NvmePciHcPei/UnitTest/UnitTestMain.c
Features/Storage/NvmeFeaturePkg/NvmePciHcPei/UnitTest/UnitTestMain.h
Features/Storage/NvmeFeaturePkg/PowerLossNotifyDxe/UnitTest/CleanUp/CleanUp.c
Features/Storage/NvmeFeaturePkg/PowerLossNotifyDxe/UnitTest/CleanUp/CleanUp.h
Features/Storage/NvmeFeaturePkg/PowerLossNotifyDxe/UnitTest/PowerLossNotifyDxeHost.inf
Features/Storage/NvmeFeaturePkg/PowerLossNotifyDxe/UnitTest/PreRequisite/PreRequisite.c
Features/Storage/NvmeFeaturePkg/PowerLossNotifyDxe/UnitTest/PreRequisite/PreRequisite.h
Features/Storage/NvmeFeaturePkg/PowerLossNotifyDxe/UnitTest/PrivateMock/NvmePassThruProtocolMock.c
Features/Storage/NvmeFeaturePkg/PowerLossNotifyDxe/UnitTest/PrivateMock/NvmePassThruProtocolMock.h
Features/Storage/NvmeFeaturePkg/PowerLossNotifyDxe/UnitTest/PrivateMock/PlnSettingProtocolMock.c
Features/Storage/NvmeFeaturePkg/PowerLossNotifyDxe/UnitTest/PrivateMock/PlnSettingProtocolMock.h
Features/Storage/NvmeFeaturePkg/PowerLossNotifyDxe/UnitTest/TestCase/ConfigureDevicePln/CleanUp.c
Features/Storage/NvmeFeaturePkg/PowerLossNotifyDxe/UnitTest/TestCase/ConfigureDevicePln/ConfigureDevicePlnMock.h
Features/Storage/NvmeFeaturePkg/PowerLossNotifyDxe/UnitTest/TestCase/ConfigureDevicePln/PreRequisite.c
Features/Storage/NvmeFeaturePkg/PowerLossNotifyDxe/UnitTest/TestCase/ConfigureDevicePln/TestCase.c
Features/Storage/NvmeFeaturePkg/PowerLossNotifyDxe/UnitTest/TestCase/NvmeGetFeature/CleanUp.c
Features/Storage/NvmeFeaturePkg/PowerLossNotifyDxe/UnitTest/TestCase/NvmeGetFeature/NvmeGetFeatureMock.h
Features/Storage/NvmeFeaturePkg/PowerLossNotifyDxe/UnitTest/TestCase/NvmeGetFeature/PreRequisite.c
Features/Storage/NvmeFeaturePkg/PowerLossNotifyDxe/UnitTest/TestCase/NvmeGetFeature/TestCase.c
Features/Storage/NvmeFeaturePkg/PowerLossNotifyDxe/UnitTest/TestCase/NvmePassthruNotificationEvent/CleanUp.c
Features/Storage/NvmeFeaturePkg/PowerLossNotifyDxe/UnitTest/TestCase/NvmePassthruNotificationEvent/NvmePassthruNotificationEventMock.h
Features/Storage/NvmeFeaturePkg/PowerLossNotifyDxe/UnitTest/TestCase/NvmePassthruNotificationEvent/PreRequisite.c
Features/Storage/NvmeFeaturePkg/PowerLossNotifyDxe/UnitTest/TestCase/NvmePassthruNotificationEvent/TestCase.c
Features/Storage/NvmeFeaturePkg/PowerLossNotifyDxe/UnitTest/TestCase/NvmeSetFeature/CleanUp.c
Features/Storage/NvmeFeaturePkg/PowerLossNotifyDxe/UnitTest/TestCase/NvmeSetFeature/NvmeSetFeatureMock.h
Features/Storage/NvmeFeaturePkg/PowerLossNotifyDxe/UnitTest/TestCase/NvmeSetFeature/PreRequisite.c
Features/Storage/NvmeFeaturePkg/PowerLossNotifyDxe/UnitTest/TestCase/NvmeSetFeature/TestCase.c
Features/Storage/NvmeFeaturePkg/PowerLossNotifyDxe/UnitTest/TestCase/PowerLossNotifyEntryPoint/PowerLossNotifyEntryPointMock.h
Features/Storage/NvmeFeaturePkg/PowerLossNotifyDxe/UnitTest/TestCase/PowerLossNotifyEntryPoint/TestCase.c
Features/Storage/NvmeFeaturePkg/PowerLossNotifyDxe/UnitTest/UnitTestMain.c
Features/Storage/NvmeFeaturePkg/PowerLossNotifyDxe/UnitTest/UnitTestMain.h
Features/Storage/NvmeFeaturePkg/Test/CommonMock/BootServicesMock.c
Features/Storage/NvmeFeaturePkg/Test/CommonMock/BootServicesMock.h
Features/Storage/NvmeFeaturePkg/Test/CommonMock/UefiLibMock.c
Features/Storage/NvmeFeaturePkg/Test/NvmeFeaturePkgHostTest.dsc
Features/Storage/SataFeaturePkg/AhciPciHcPei/UnitTest/AhciPciHcPeiHost.inf
Features/Storage/SataFeaturePkg/AhciPciHcPei/UnitTest/TestCase/AhciPciHcPeiTestCase.c
Features/Storage/SataFeaturePkg/AhciPciHcPei/UnitTest/TestCase/AhciPciHcPeiTestCase.h
Features/Storage/SataFeaturePkg/AhciPciHcPei/UnitTest/UnitTestMain.c
Features/Storage/SataFeaturePkg/AhciPciHcPei/UnitTest/UnitTestMain.h
Features/Storage/SataFeaturePkg/Library/AhciCommandLib/UnitTest/AhciCommandLibHost.inf
Features/Storage/SataFeaturePkg/Library/AhciCommandLib/UnitTest/PrivateMock/AtaPassThruProtocolMock.c
Features/Storage/SataFeaturePkg/Library/AhciCommandLib/UnitTest/PrivateMock/AtaPassThruProtocolMock.h
Features/Storage/SataFeaturePkg/Library/AhciCommandLib/UnitTest/TestCase/AtaPrepareSecureErase/AtaPrepareSecureEraseMock.h
Features/Storage/SataFeaturePkg/Library/AhciCommandLib/UnitTest/TestCase/AtaPrepareSecureErase/AtaPrepareSecureEraseTestCase.c
Features/Storage/SataFeaturePkg/Library/AhciCommandLib/UnitTest/TestCase/AtaSanitizeCommand/AtaSanitizeCommandMock.h
Features/Storage/SataFeaturePkg/Library/AhciCommandLib/UnitTest/TestCase/AtaSanitizeCommand/AtaSanitizeCommandTestCase.c
Features/Storage/SataFeaturePkg/Library/AhciCommandLib/UnitTest/TestCase/DisableAtaPassword/DisableAtaPasswordMock.h
Features/Storage/SataFeaturePkg/Library/AhciCommandLib/UnitTest/TestCase/DisableAtaPassword/DisableAtaPasswordTestCase.c
Features/Storage/SataFeaturePkg/Library/AhciCommandLib/UnitTest/TestCase/GetAtaIdentifyData/GetAtaIdentifyDataMock.h
Features/Storage/SataFeaturePkg/Library/AhciCommandLib/UnitTest/TestCase/GetAtaIdentifyData/GetAtaIdentifyDataTestCase.c
Features/Storage/SataFeaturePkg/Library/AhciCommandLib/UnitTest/TestCase/SendAtaEraseUnit/SendAtaEraseUnitMock.h
Features/Storage/SataFeaturePkg/Library/AhciCommandLib/UnitTest/TestCase/SendAtaEraseUnit/SendAtaEraseUnitTestCase.c
Features/Storage/SataFeaturePkg/Library/AhciCommandLib/UnitTest/TestCase/SendAtaSecureErase/SendAtaSecureEraseMock.h
Features/Storage/SataFeaturePkg/Library/AhciCommandLib/UnitTest/TestCase/SendAtaSecureErase/SendAtaSecureEraseTestCase.c
Features/Storage/SataFeaturePkg/Library/AhciCommandLib/UnitTest/TestCase/SetAtaPassword/SetAtaPasswordMock.h
Features/Storage/SataFeaturePkg/Library/AhciCommandLib/UnitTest/TestCase/SetAtaPassword/SetAtaPasswordTestCase.c
Features/Storage/SataFeaturePkg/Library/AhciCommandLib/UnitTest/TestCase/UnlockAtaPassword/UnlockAtaPasswordMock.h
Features/Storage/SataFeaturePkg/Library/AhciCommandLib/UnitTest/TestCase/UnlockAtaPassword/UnlockAtaPasswordTestCase.c
Features/Storage/SataFeaturePkg/Library/AhciCommandLib/UnitTest/UnitTestMain.c
Features/Storage/SataFeaturePkg/Library/AhciCommandLib/UnitTest/UnitTestMain.h
Features/Storage/SataFeaturePkg/SataEraseDxe/UnitTest/CleanUp/CleanUp.c
Features/Storage/SataFeaturePkg/SataEraseDxe/UnitTest/CleanUp/CleanUp.h
Features/Storage/SataFeaturePkg/SataEraseDxe/UnitTest/PreRequisite/PreRequisite.c
Features/Storage/SataFeaturePkg/SataEraseDxe/UnitTest/PreRequisite/PreRequisite.h
Features/Storage/SataFeaturePkg/SataEraseDxe/UnitTest/PrivateMock/AtaPassThruProtocolMock.c
Features/Storage/SataFeaturePkg/SataEraseDxe/UnitTest/PrivateMock/AtaPassThruProtocolMock.h
Features/Storage/SataFeaturePkg/SataEraseDxe/UnitTest/SataEraseDxeHost.inf
Features/Storage/SataFeaturePkg/SataEraseDxe/UnitTest/TestCase/GetParentProtocol/CleanUp.c
Features/Storage/SataFeaturePkg/SataEraseDxe/UnitTest/TestCase/GetParentProtocol/GetParentProtocolMock.h
Features/Storage/SataFeaturePkg/SataEraseDxe/UnitTest/TestCase/GetParentProtocol/PreRequisite.c
Features/Storage/SataFeaturePkg/SataEraseDxe/UnitTest/TestCase/GetParentProtocol/TestCase.c
Features/Storage/SataFeaturePkg/SataEraseDxe/UnitTest/TestCase/GetPortNum/GetPortNumMock.h
Features/Storage/SataFeaturePkg/SataEraseDxe/UnitTest/TestCase/GetPortNum/TestCase.c
Features/Storage/SataFeaturePkg/SataEraseDxe/UnitTest/TestCase/GetSataEraseResult/GetSataEraseResultMock.h
Features/Storage/SataFeaturePkg/SataEraseDxe/UnitTest/TestCase/GetSataEraseResult/TestCase.c
Features/Storage/SataFeaturePkg/SataEraseDxe/UnitTest/TestCase/GetSataEstimateTime/GetSataEstimateTimeMock.h
Features/Storage/SataFeaturePkg/SataEraseDxe/UnitTest/TestCase/GetSataEstimateTime/TestCase.c
Features/Storage/SataFeaturePkg/SataEraseDxe/UnitTest/TestCase/IsSataDevice/CleanUp.c
Features/Storage/SataFeaturePkg/SataEraseDxe/UnitTest/TestCase/IsSataDevice/IsSataDeviceMock.h
Features/Storage/SataFeaturePkg/SataEraseDxe/UnitTest/TestCase/IsSataDevice/PreRequisite.c
Features/Storage/SataFeaturePkg/SataEraseDxe/UnitTest/TestCase/IsSataDevice/TestCase.c
Features/Storage/SataFeaturePkg/SataEraseDxe/UnitTest/TestCase/SataDataBlockErase/CleanUp.c
Features/Storage/SataFeaturePkg/SataEraseDxe/UnitTest/TestCase/SataDataBlockErase/PreRequisite.c
Features/Storage/SataFeaturePkg/SataEraseDxe/UnitTest/TestCase/SataDataBlockErase/SataDataBlockEraseMock.h
Features/Storage/SataFeaturePkg/SataEraseDxe/UnitTest/TestCase/SataDataBlockErase/TestCase.c
Features/Storage/SataFeaturePkg/SataEraseDxe/UnitTest/TestCase/SataDataCryptoErase/SataDataCryptoEraseMock.h
Features/Storage/SataFeaturePkg/SataEraseDxe/UnitTest/TestCase/SataDataCryptoErase/TestCase.c
Features/Storage/SataFeaturePkg/SataEraseDxe/UnitTest/TestCase/SataDataOverwrite/SataDataOverwriteMock.h
Features/Storage/SataFeaturePkg/SataEraseDxe/UnitTest/TestCase/SataDataOverwrite/TestCase.c
Features/Storage/SataFeaturePkg/SataEraseDxe/UnitTest/TestCase/SataEraseEntryPoint/SataEraseEntryPointMock.h
Features/Storage/SataFeaturePkg/SataEraseDxe/UnitTest/TestCase/SataEraseEntryPoint/TestCase.c
Features/Storage/SataFeaturePkg/SataEraseDxe/UnitTest/TestCase/SataGetEraseTimeout/SataGetEraseTimeoutMock.h
Features/Storage/SataFeaturePkg/SataEraseDxe/UnitTest/TestCase/SataGetEraseTimeout/TestCase.c
Features/Storage/SataFeaturePkg/SataEraseDxe/UnitTest/TestCase/SataSwapAtaString/SataSwapAtaStringMock.h
Features/Storage/SataFeaturePkg/SataEraseDxe/UnitTest/TestCase/SataSwapAtaString/TestCase.c
Features/Storage/SataFeaturePkg/SataEraseDxe/UnitTest/TestCase/SetSataEstimateTime/CleanUp.c
Features/Storage/SataFeaturePkg/SataEraseDxe/UnitTest/TestCase/SetSataEstimateTime/PreRequisite.c
Features/Storage/SataFeaturePkg/SataEraseDxe/UnitTest/TestCase/SetSataEstimateTime/SetSataEstimateTimeMock.h
Features/Storage/SataFeaturePkg/SataEraseDxe/UnitTest/TestCase/SetSataEstimateTime/TestCase.c
Features/Storage/SataFeaturePkg/SataEraseDxe/UnitTest/TestCase/UpdateResult/TestCase.c
Features/Storage/SataFeaturePkg/SataEraseDxe/UnitTest/TestCase/UpdateResult/UpdateResultMock.h
Features/Storage/SataFeaturePkg/SataEraseDxe/UnitTest/UnitTestMain.c
Features/Storage/SataFeaturePkg/SataEraseDxe/UnitTest/UnitTestMain.h
Features/Storage/SataFeaturePkg/Test/CommonMock/BootServicesMock.c
Features/Storage/SataFeaturePkg/Test/CommonMock/BootServicesMock.h
Features/Storage/SataFeaturePkg/Test/CommonMock/UefiLibMock.c
Features/Storage/SataFeaturePkg/Test/SataFeaturePkgHostTest.dsc
Features/Storage/UfsFeaturePkg/Test/UfsFeaturePkgHostTest.dsc
Features/Storage/UfsFeaturePkg/UfsEraseDxe/UnitTest/TestCase/GetUfsEstimateTime/GetUfsEstimateTimeMock.h
Features/Storage/UfsFeaturePkg/UfsEraseDxe/UnitTest/TestCase/GetUfsEstimateTime/TestCase.c
Features/Storage/UfsFeaturePkg/UfsEraseDxe/UnitTest/TestCase/SetUfsEstimateTime/CleanUp.c
Features/Storage/UfsFeaturePkg/UfsEraseDxe/UnitTest/TestCase/SetUfsEstimateTime/PreRequisite.c
Features/Storage/UfsFeaturePkg/UfsEraseDxe/UnitTest/TestCase/SetUfsEstimateTime/SetUfsEstimateTimeMock.h
Features/Storage/UfsFeaturePkg/UfsEraseDxe/UnitTest/TestCase/SetUfsEstimateTime/TestCase.c
Features/Storage/UfsFeaturePkg/UfsEraseDxe/UnitTest/UfsEraseDxeHost.inf
Features/Storage/UfsFeaturePkg/UfsEraseDxe/UnitTest/UnitTestMain.c
Features/Storage/UfsFeaturePkg/UfsEraseDxe/UnitTest/UnitTestMain.h
Features/Thermal/DptfFeaturePkg/DptfInstallTableDxe/UnitTest/CleanUp/InitializeDptf/CleanUpInitializeDptf.c
Features/Thermal/DptfFeaturePkg/DptfInstallTableDxe/UnitTest/CleanUp/InitializeDptf/CleanUpInitializeDptf.h
Features/Thermal/DptfFeaturePkg/DptfInstallTableDxe/UnitTest/CleanUp/LoadAcpiTables/CleanUpLoadAcpiTables.c
Features/Thermal/DptfFeaturePkg/DptfInstallTableDxe/UnitTest/CleanUp/LoadAcpiTables/CleanUpLoadAcpiTables.h
Features/Thermal/DptfFeaturePkg/DptfInstallTableDxe/UnitTest/DptfInstallTableDxeHost.inf
Features/Thermal/DptfFeaturePkg/DptfInstallTableDxe/UnitTest/PreRequisite/InitializeDptf/PreInitializeDptf.c
Features/Thermal/DptfFeaturePkg/DptfInstallTableDxe/UnitTest/PreRequisite/InitializeDptf/PreInitializeDptf.h
Features/Thermal/DptfFeaturePkg/DptfInstallTableDxe/UnitTest/PreRequisite/LoadAcpiTables/PreLoadAcpiTables.c
Features/Thermal/DptfFeaturePkg/DptfInstallTableDxe/UnitTest/PreRequisite/LoadAcpiTables/PreLoadAcpiTables.h
Features/Thermal/DptfFeaturePkg/DptfInstallTableDxe/UnitTest/PrivateMock/PrivateMock.c
Features/Thermal/DptfFeaturePkg/DptfInstallTableDxe/UnitTest/PrivateMock/PrivateMock.h
Features/Thermal/DptfFeaturePkg/DptfInstallTableDxe/UnitTest/TestCase/InitializeDptf/TestCaseInitializeDptf.c
Features/Thermal/DptfFeaturePkg/DptfInstallTableDxe/UnitTest/TestCase/InitializeDptf/TestCaseInitializeDptf.h
Features/Thermal/DptfFeaturePkg/DptfInstallTableDxe/UnitTest/TestCase/LoadAcpiTables/TestCaseLoadAcpiTables.c
Features/Thermal/DptfFeaturePkg/DptfInstallTableDxe/UnitTest/TestCase/LoadAcpiTables/TestCaseLoadAcpiTables.h
Features/Thermal/DptfFeaturePkg/DptfInstallTableDxe/UnitTest/UnitTestMain.c
Features/Thermal/DptfFeaturePkg/DptfInstallTableDxe/UnitTest/UnitTestMain.h
Features/Thermal/DptfFeaturePkg/Test/CommonMock/PcdLibMock.c
Features/Thermal/DptfFeaturePkg/Test/CommonMock/PcdLibMock.inf
Features/Thermal/DptfFeaturePkg/Test/DptfFeaturePkgHostTest.dsc
Features/UsbC/UsbCCapsuleFeaturePkg/Library/FmpDeviceLib/DiscreteTbt/GoogleTest/GTestFmpDeviceLibDiscreteTbt.cpp
Features/UsbC/UsbCCapsuleFeaturePkg/Library/FmpDeviceLib/DiscreteTbt/GoogleTest/GTestFmpDeviceLibDiscreteTbt.h
Features/UsbC/UsbCCapsuleFeaturePkg/Library/FmpDeviceLib/DiscreteTbt/GoogleTest/GTestFmpDeviceLibDiscreteTbt.inf
Features/UsbC/UsbCCapsuleFeaturePkg/Library/FmpDeviceLib/DiscreteTbt/GoogleTest/TestFmpDeviceCheckImage.cpp
Features/UsbC/UsbCCapsuleFeaturePkg/Library/FmpDeviceLib/DiscreteTbt/GoogleTest/TestFmpDeviceGetAttributes.cpp
Features/UsbC/UsbCCapsuleFeaturePkg/Library/FmpDeviceLib/DiscreteTbt/GoogleTest/TestFmpDeviceGetHardwareInstance.cpp
Features/UsbC/UsbCCapsuleFeaturePkg/Library/FmpDeviceLib/DiscreteTbt/GoogleTest/TestFmpDeviceGetImage.cpp
Features/UsbC/UsbCCapsuleFeaturePkg/Library/FmpDeviceLib/DiscreteTbt/GoogleTest/TestFmpDeviceGetImageTypeIdGuidPtr.cpp
Features/UsbC/UsbCCapsuleFeaturePkg/Library/FmpDeviceLib/DiscreteTbt/GoogleTest/TestFmpDeviceGetLowestSupportedVersion.cpp
Features/UsbC/UsbCCapsuleFeaturePkg/Library/FmpDeviceLib/DiscreteTbt/GoogleTest/TestFmpDeviceGetSize.cpp
Features/UsbC/UsbCCapsuleFeaturePkg/Library/FmpDeviceLib/DiscreteTbt/GoogleTest/TestFmpDeviceGetVersion.cpp
Features/UsbC/UsbCCapsuleFeaturePkg/Library/FmpDeviceLib/DiscreteTbt/GoogleTest/TestFmpDeviceGetVersionString.cpp
Features/UsbC/UsbCCapsuleFeaturePkg/Library/FmpDeviceLib/DiscreteTbt/GoogleTest/TestFmpDeviceLock.cpp
Features/UsbC/UsbCCapsuleFeaturePkg/Library/FmpDeviceLib/DiscreteTbt/GoogleTest/TestFmpDeviceSetContext.cpp
Features/UsbC/UsbCCapsuleFeaturePkg/Library/FmpDeviceLib/DiscreteTbt/GoogleTest/TestFmpDeviceSetImage.cpp
Features/UsbC/UsbCCapsuleFeaturePkg/Library/FmpDeviceLib/DiscreteTbt/GoogleTest/TestRegisterFmpInstaller.cpp
Features/UsbC/UsbCCapsuleFeaturePkg/Library/FmpDeviceLib/DiscreteTbt/GoogleTest/TestRegisterFmpUninstaller.cpp
Features/UsbC/UsbCCapsuleFeaturePkg/Library/FmpDeviceLib/PdBridge/GoogleTest/GTestFmpDeviceLibPdBridge.cpp
Features/UsbC/UsbCCapsuleFeaturePkg/Library/FmpDeviceLib/PdBridge/GoogleTest/GTestFmpDeviceLibPdBridge.h
Features/UsbC/UsbCCapsuleFeaturePkg/Library/FmpDeviceLib/PdBridge/GoogleTest/GTestFmpDeviceLibPdBridge.inf
Features/UsbC/UsbCCapsuleFeaturePkg/Library/FmpDeviceLib/PdBridge/GoogleTest/TestFmpDeviceCheckImage.cpp
Features/UsbC/UsbCCapsuleFeaturePkg/Library/FmpDeviceLib/PdBridge/GoogleTest/TestFmpDeviceGetAttributes.cpp
Features/UsbC/UsbCCapsuleFeaturePkg/Library/FmpDeviceLib/PdBridge/GoogleTest/TestFmpDeviceGetHardwareInstance.cpp
Features/UsbC/UsbCCapsuleFeaturePkg/Library/FmpDeviceLib/PdBridge/GoogleTest/TestFmpDeviceGetImage.cpp
Features/UsbC/UsbCCapsuleFeaturePkg/Library/FmpDeviceLib/PdBridge/GoogleTest/TestFmpDeviceGetImageTypeIdGuidPtr.cpp
Features/UsbC/UsbCCapsuleFeaturePkg/Library/FmpDeviceLib/PdBridge/GoogleTest/TestFmpDeviceGetLowestSupportedVersion.cpp
Features/UsbC/UsbCCapsuleFeaturePkg/Library/FmpDeviceLib/PdBridge/GoogleTest/TestFmpDeviceGetSize.cpp
Features/UsbC/UsbCCapsuleFeaturePkg/Library/FmpDeviceLib/PdBridge/GoogleTest/TestFmpDeviceGetVersion.cpp
Features/UsbC/UsbCCapsuleFeaturePkg/Library/FmpDeviceLib/PdBridge/GoogleTest/TestFmpDeviceGetVersionString.cpp
Features/UsbC/UsbCCapsuleFeaturePkg/Library/FmpDeviceLib/PdBridge/GoogleTest/TestFmpDeviceLock.cpp
Features/UsbC/UsbCCapsuleFeaturePkg/Library/FmpDeviceLib/PdBridge/GoogleTest/TestFmpDeviceSetContext.cpp
Features/UsbC/UsbCCapsuleFeaturePkg/Library/FmpDeviceLib/PdBridge/GoogleTest/TestFmpDeviceSetImage.cpp
Features/UsbC/UsbCCapsuleFeaturePkg/Library/FmpDeviceLib/PdBridge/GoogleTest/TestRegisterFmpInstaller.cpp
Features/UsbC/UsbCCapsuleFeaturePkg/Library/FmpDeviceLib/PdBridge/GoogleTest/TestRegisterFmpUninstaller.cpp
Features/UsbC/UsbCCapsuleFeaturePkg/Library/FmpDeviceLib/PdBridge/GoogleTest/TestUpdatePdBridgeVersion.cpp
Features/UsbC/UsbCCapsuleFeaturePkg/Library/FmpDeviceLib/UsbCRetimer/GoogleTest/GTestFmpDeviceLibUsbCRetimer.cpp
Features/UsbC/UsbCCapsuleFeaturePkg/Library/FmpDeviceLib/UsbCRetimer/GoogleTest/GTestFmpDeviceLibUsbCRetimer.h
Features/UsbC/UsbCCapsuleFeaturePkg/Library/FmpDeviceLib/UsbCRetimer/GoogleTest/GTestFmpDeviceLibUsbCRetimer.inf
Features/UsbC/UsbCCapsuleFeaturePkg/Library/FmpDeviceLib/UsbCRetimer/GoogleTest/TestConstructRetimerInstances.cpp
Features/UsbC/UsbCCapsuleFeaturePkg/Library/FmpDeviceLib/UsbCRetimer/GoogleTest/TestFmpDeviceCheckImage.cpp
Features/UsbC/UsbCCapsuleFeaturePkg/Library/FmpDeviceLib/UsbCRetimer/GoogleTest/TestFmpDeviceGetAttributes.cpp
Features/UsbC/UsbCCapsuleFeaturePkg/Library/FmpDeviceLib/UsbCRetimer/GoogleTest/TestFmpDeviceGetHardwareInstance.cpp
Features/UsbC/UsbCCapsuleFeaturePkg/Library/FmpDeviceLib/UsbCRetimer/GoogleTest/TestFmpDeviceGetImage.cpp
Features/UsbC/UsbCCapsuleFeaturePkg/Library/FmpDeviceLib/UsbCRetimer/GoogleTest/TestFmpDeviceGetImageTypeIdGuidPtr.cpp
Features/UsbC/UsbCCapsuleFeaturePkg/Library/FmpDeviceLib/UsbCRetimer/GoogleTest/TestFmpDeviceGetLowestSupportedVersion.cpp
Features/UsbC/UsbCCapsuleFeaturePkg/Library/FmpDeviceLib/UsbCRetimer/GoogleTest/TestFmpDeviceGetSize.cpp
Features/UsbC/UsbCCapsuleFeaturePkg/Library/FmpDeviceLib/UsbCRetimer/GoogleTest/TestFmpDeviceGetVersion.cpp
Features/UsbC/UsbCCapsuleFeaturePkg/Library/FmpDeviceLib/UsbCRetimer/GoogleTest/TestFmpDeviceGetVersionString.cpp
Features/UsbC/UsbCCapsuleFeaturePkg/Library/FmpDeviceLib/UsbCRetimer/GoogleTest/TestFmpDeviceLock.cpp
Features/UsbC/UsbCCapsuleFeaturePkg/Library/FmpDeviceLib/UsbCRetimer/GoogleTest/TestFmpDeviceSetContext.cpp
Features/UsbC/UsbCCapsuleFeaturePkg/Library/FmpDeviceLib/UsbCRetimer/GoogleTest/TestFmpDeviceSetImage.cpp
Features/UsbC/UsbCCapsuleFeaturePkg/Library/FmpDeviceLib/UsbCRetimer/GoogleTest/TestRegisterFmpInstaller.cpp
Features/UsbC/UsbCCapsuleFeaturePkg/Library/FmpDeviceLib/UsbCRetimer/GoogleTest/TestRegisterFmpUninstaller.cpp
Features/UsbC/UsbCCapsuleFeaturePkg/Library/TbtNvmRetimerUpdateLib/GoogleTest/TbtNvmDrvHr/GTestTbtNvmDrvHr.cpp
Features/UsbC/UsbCCapsuleFeaturePkg/Library/TbtNvmRetimerUpdateLib/GoogleTest/TbtNvmDrvHr/GTestTbtNvmDrvHr.h
Features/UsbC/UsbCCapsuleFeaturePkg/Library/TbtNvmRetimerUpdateLib/GoogleTest/TbtNvmDrvHr/GTestTbtNvmDrvHr.inf
Features/UsbC/UsbCCapsuleFeaturePkg/Library/TbtNvmRetimerUpdateLib/GoogleTest/TbtNvmDrvHr/TestRemoveTbtHostRouterList.cpp
Features/UsbC/UsbCCapsuleFeaturePkg/Library/TbtNvmRetimerUpdateLib/GoogleTest/TbtNvmDrvHr/TestTbtNvmDrvHrCtor.cpp
Features/UsbC/UsbCCapsuleFeaturePkg/Library/TbtNvmRetimerUpdateLib/GoogleTest/TbtNvmDrvHr/TestTbtNvmDrvHrDtor.cpp
Features/UsbC/UsbCCapsuleFeaturePkg/Library/TbtNvmRetimerUpdateLib/GoogleTest/TbtNvmDrvHr/TestTbtNvmDrvHrReadCioDevReg.cpp
Features/UsbC/UsbCCapsuleFeaturePkg/Library/TbtNvmRetimerUpdateLib/GoogleTest/TbtNvmDrvHr/TestTbtNvmDrvHrSendDrvReady.cpp
Features/UsbC/UsbCCapsuleFeaturePkg/Library/TbtNvmRetimerUpdateLib/GoogleTest/TbtNvmDrvHr/TestTbtNvmDrvHrWriteCioReg.cpp
Features/UsbC/UsbCCapsuleFeaturePkg/Library/TbtNvmRetimerUpdateLib/GoogleTest/TbtNvmDrvRetimerThruHr/GTestTbtNvmDrvRetimerThruHr.cpp
Features/UsbC/UsbCCapsuleFeaturePkg/Library/TbtNvmRetimerUpdateLib/GoogleTest/TbtNvmDrvRetimerThruHr/GTestTbtNvmDrvRetimerThruHr.h
Features/UsbC/UsbCCapsuleFeaturePkg/Library/TbtNvmRetimerUpdateLib/GoogleTest/TbtNvmDrvRetimerThruHr/GTestTbtNvmDrvRetimerThruHr.inf
Features/UsbC/UsbCCapsuleFeaturePkg/Library/TbtNvmRetimerUpdateLib/GoogleTest/TbtNvmDrvRetimerThruHr/TestCapabilityParsing.cpp
Features/UsbC/UsbCCapsuleFeaturePkg/Library/TbtNvmRetimerUpdateLib/GoogleTest/TbtNvmDrvRetimerThruHr/TestDtor.cpp
Features/UsbC/UsbCCapsuleFeaturePkg/Library/TbtNvmRetimerUpdateLib/GoogleTest/TbtNvmDrvRetimerThruHr/TestInitHW.cpp
Features/UsbC/UsbCCapsuleFeaturePkg/Library/TbtNvmRetimerUpdateLib/GoogleTest/TbtNvmDrvRetimerThruHr/TestReadIecs.cpp
Features/UsbC/UsbCCapsuleFeaturePkg/Library/TbtNvmRetimerUpdateLib/GoogleTest/TbtNvmDrvRetimerThruHr/TestStateFromDriver.cpp
Features/UsbC/UsbCCapsuleFeaturePkg/Library/TbtNvmRetimerUpdateLib/GoogleTest/TbtNvmDrvRetimerThruHr/TestTbtNvmDrvRetimerThruHrCtor.cpp
Features/UsbC/UsbCCapsuleFeaturePkg/Library/TbtNvmRetimerUpdateLib/GoogleTest/TbtNvmDrvRetimerThruHr/TestTerminateHW.cpp
Features/UsbC/UsbCCapsuleFeaturePkg/Library/TbtNvmRetimerUpdateLib/GoogleTest/TbtNvmDrvRetimerThruHr/TestWriteIecs.cpp
Features/UsbC/UsbCCapsuleFeaturePkg/Library/TbtNvmRetimerUpdateLib/GoogleTest/TbtNvmDrvRetimerThruHrHelpers/GTestTbtNvmDRThruHrHelpers.cpp
Features/UsbC/UsbCCapsuleFeaturePkg/Library/TbtNvmRetimerUpdateLib/GoogleTest/TbtNvmDrvRetimerThruHrHelpers/GTestTbtNvmDRThruHrHelpers.h
Features/UsbC/UsbCCapsuleFeaturePkg/Library/TbtNvmRetimerUpdateLib/GoogleTest/TbtNvmDrvRetimerThruHrHelpers/GTestTbtNvmDRThruHrHelpers.inf
Features/UsbC/UsbCCapsuleFeaturePkg/Library/TbtNvmRetimerUpdateLib/GoogleTest/TbtNvmDrvRetimerThruHrHelpers/TestSendCommandToLocalLc.cpp
Features/UsbC/UsbCCapsuleFeaturePkg/Library/TbtNvmRetimerUpdateLib/GoogleTest/TbtNvmDrvRetimerThruHrHelpers/TestSendEnumCmd.cpp
Features/UsbC/UsbCCapsuleFeaturePkg/Library/TbtNvmRetimerUpdateLib/GoogleTest/TbtNvmDrvRetimerThruHrHelpers/TestSendLsupCmdDis.cpp
Features/UsbC/UsbCCapsuleFeaturePkg/Library/TbtNvmRetimerUpdateLib/GoogleTest/TbtNvmDrvRetimerThruHrHelpers/TestSendLsupCmdEn.cpp
Features/UsbC/UsbCCapsuleFeaturePkg/Library/TbtNvmRetimerUpdateLib/GoogleTest/TbtNvmDrvRetimerThruHrHelpers/TestSendOfflineMode.cpp
Features/UsbC/UsbCCapsuleFeaturePkg/Library/TbtNvmRetimerUpdateLib/GoogleTest/TbtNvmDrvRetimerThruHrHelpers/TestWaitForMsgOutTxDone.cpp
Features/UsbC/UsbCCapsuleFeaturePkg/Library/TbtNvmRetimerUpdateLib/GoogleTest/TbtNvmDrvYflRouter/GTestTbtNvmDrvYflRouter.cpp
Features/UsbC/UsbCCapsuleFeaturePkg/Library/TbtNvmRetimerUpdateLib/GoogleTest/TbtNvmDrvYflRouter/GTestTbtNvmDrvYflRouter.h
Features/UsbC/UsbCCapsuleFeaturePkg/Library/TbtNvmRetimerUpdateLib/GoogleTest/TbtNvmDrvYflRouter/GTestTbtNvmDrvYflRouter.inf
Features/UsbC/UsbCCapsuleFeaturePkg/Library/TbtNvmRetimerUpdateLib/GoogleTest/TbtNvmDrvYflRouter/TestTbtNvmDrvYflForcePwrFunc.cpp
Features/UsbC/UsbCCapsuleFeaturePkg/Library/TbtNvmRetimerUpdateLib/GoogleTest/TbtNvmRetimerDrvHelpers/GTestTbtNvmRetimerDrvHelpers.cpp
Features/UsbC/UsbCCapsuleFeaturePkg/Library/TbtNvmRetimerUpdateLib/GoogleTest/TbtNvmRetimerDrvHelpers/GTestTbtNvmRetimerDrvHelpers.h
Features/UsbC/UsbCCapsuleFeaturePkg/Library/TbtNvmRetimerUpdateLib/GoogleTest/TbtNvmRetimerDrvHelpers/GTestTbtNvmRetimerDrvHelpers.inf
Features/UsbC/UsbCCapsuleFeaturePkg/Library/TbtNvmRetimerUpdateLib/GoogleTest/TbtNvmRetimerDrvHelpers/TestTbtDrvReadDwFromNvm.cpp
Features/UsbC/UsbCCapsuleFeaturePkg/Library/TbtNvmRetimerUpdateLib/GoogleTest/TbtNvmRetimerDrvHelpers/TestTbtDrvReadNvmVersion.cpp
Features/UsbC/UsbCCapsuleFeaturePkg/Library/TbtNvmRetimerUpdateLib/GoogleTest/TbtNvmRetimerDrvHelpers/TestTbtNvmDrvDeviceExecAuth.cpp
Features/UsbC/UsbCCapsuleFeaturePkg/Library/TbtNvmRetimerUpdateLib/GoogleTest/TbtNvmRetimerDrvHelpers/TestTbtNvmDrvDeviceWrBlk.cpp
Features/UsbC/UsbCCapsuleFeaturePkg/Library/TbtNvmRetimerUpdateLib/GoogleTest/TbtNvmRetimerDrvHelpers/TestTbtNvmDrvDeviceWrOffset.cpp
Features/UsbC/UsbCCapsuleFeaturePkg/Library/TbtNvmRetimerUpdateLib/GoogleTest/TbtNvmRetimerDrvHelpers/TestTbtNvmDrvSendCmd.cpp
Features/UsbC/UsbCCapsuleFeaturePkg/Library/TbtNvmRetimerUpdateLib/GoogleTest/TbtNvmRetimerDrvHelpers/TestTbtNvmDrvWaitForCmdCpl.cpp
Features/UsbC/UsbCCapsuleFeaturePkg/Library/TbtNvmRetimerUpdateLib/GoogleTest/TbtRetimerNvmUpdateLib/GTestTbtRetimerNvmUpdateLib.cpp
Features/UsbC/UsbCCapsuleFeaturePkg/Library/TbtNvmRetimerUpdateLib/GoogleTest/TbtRetimerNvmUpdateLib/GTestTbtRetimerNvmUpdateLib.h
Features/UsbC/UsbCCapsuleFeaturePkg/Library/TbtNvmRetimerUpdateLib/GoogleTest/TbtRetimerNvmUpdateLib/GTestTbtRetimerNvmUpdateLib.inf
Features/UsbC/UsbCCapsuleFeaturePkg/Library/TbtNvmRetimerUpdateLib/GoogleTest/TbtRetimerNvmUpdateLib/TestCreateHrDevInstance.cpp
Features/UsbC/UsbCCapsuleFeaturePkg/Library/TbtNvmRetimerUpdateLib/GoogleTest/TbtRetimerNvmUpdateLib/TestCreateRetimerDevInstance.cpp
Features/UsbC/UsbCCapsuleFeaturePkg/Library/TbtNvmRetimerUpdateLib/GoogleTest/TbtRetimerNvmUpdateLib/TestCreateTBTDevInstance.cpp
Features/UsbC/UsbCCapsuleFeaturePkg/Library/TbtNvmRetimerUpdateLib/GoogleTest/TbtRetimerNvmUpdateLib/TestDestroyRetimerDevInstance.cpp
Features/UsbC/UsbCCapsuleFeaturePkg/Library/TbtNvmRetimerUpdateLib/GoogleTest/TbtRetimerNvmUpdateLib/TestDestroyTbtDevInstance.cpp
Features/UsbC/UsbCCapsuleFeaturePkg/Library/TbtNvmRetimerUpdateLib/GoogleTest/TbtRetimerNvmUpdateLib/TestDriveToFwUpdateMode.cpp
Features/UsbC/UsbCCapsuleFeaturePkg/Library/TbtNvmRetimerUpdateLib/GoogleTest/TbtRetimerNvmUpdateLib/TestInitRetimerHW.cpp
Features/UsbC/UsbCCapsuleFeaturePkg/Library/TbtNvmRetimerUpdateLib/GoogleTest/TbtRetimerNvmUpdateLib/TestReadRetimerNvmVersion.cpp
Features/UsbC/UsbCCapsuleFeaturePkg/Library/TbtNvmRetimerUpdateLib/GoogleTest/TbtRetimerNvmUpdateLib/TestRestoreToOriginalMode.cpp
Features/UsbC/UsbCCapsuleFeaturePkg/Library/TbtNvmRetimerUpdateLib/GoogleTest/TbtRetimerNvmUpdateLib/TestTbtPdRetimerFwUpdateModeChange.cpp
Features/UsbC/UsbCCapsuleFeaturePkg/Library/TbtNvmRetimerUpdateLib/GoogleTest/TbtRetimerNvmUpdateLib/TestTbtSendOfflineMode.cpp
Features/UsbC/UsbCCapsuleFeaturePkg/Library/TbtNvmRetimerUpdateLib/GoogleTest/TbtRetimerNvmUpdateLib/TestTerminateRetimerHW.cpp
Features/UsbC/UsbCCapsuleFeaturePkg/Library/TbtNvmRetimerUpdateLib/GoogleTest/TbtRetimerNvmUpdateLib/TestUpdateDiscreteTbtNvmFirmware.cpp
Features/UsbC/UsbCCapsuleFeaturePkg/Library/TbtNvmRetimerUpdateLib/GoogleTest/TbtRetimerNvmUpdateLib/TestUpdateRetimerNvmFirmware.cpp
Features/UsbC/UsbCCapsuleFeaturePkg/Library/TbtNvmRetimerUpdateLib/GoogleTest/TbtRetimerNvmUpdateLib/TestUpdateRetimerNvmInformation.cpp
Features/Virtualization/DmarAcpiFeaturePkg/DmarInitDxe/UnitTest/DmarAcpiDxeHost.inf
Features/Virtualization/DmarAcpiFeaturePkg/DmarInitDxe/UnitTest/PrivateMock/PrivateMock.c
Features/Virtualization/DmarAcpiFeaturePkg/DmarInitDxe/UnitTest/PrivateMock/PrivateMock.h
Features/Virtualization/DmarAcpiFeaturePkg/DmarInitDxe/UnitTest/TestCase/AddAtsr/TestCaseAddAtsr.c
Features/Virtualization/DmarAcpiFeaturePkg/DmarInitDxe/UnitTest/TestCase/AddAtsr/TestCaseAddAtsr.h
Features/Virtualization/DmarAcpiFeaturePkg/DmarInitDxe/UnitTest/TestCase/AddAtsr/TestCaseAtsrStructure.c
Features/Virtualization/DmarAcpiFeaturePkg/DmarInitDxe/UnitTest/TestCase/AddAtsr/TestCaseDmarAtsr.h
Features/Virtualization/DmarAcpiFeaturePkg/DmarInitDxe/UnitTest/TestCase/AddDrhd/TestCaseAddDrhd.c
Features/Virtualization/DmarAcpiFeaturePkg/DmarInitDxe/UnitTest/TestCase/AddDrhd/TestCaseAddDrhd.h
Features/Virtualization/DmarAcpiFeaturePkg/DmarInitDxe/UnitTest/TestCase/AddDrhd/TestCaseDmarStructures.h
Features/Virtualization/DmarAcpiFeaturePkg/DmarInitDxe/UnitTest/TestCase/AddDrhd/TestCaseDrhdStructure1.c
Features/Virtualization/DmarAcpiFeaturePkg/DmarInitDxe/UnitTest/TestCase/AddRhsa/TestCaseAddRhsa.c
Features/Virtualization/DmarAcpiFeaturePkg/DmarInitDxe/UnitTest/TestCase/AddRhsa/TestCaseAddRhsa.h
Features/Virtualization/DmarAcpiFeaturePkg/DmarInitDxe/UnitTest/TestCase/AddRhsa/TestCaseDmarRhsa.h
Features/Virtualization/DmarAcpiFeaturePkg/DmarInitDxe/UnitTest/TestCase/AddRhsa/TestCaseRhsaStructure.c
Features/Virtualization/DmarAcpiFeaturePkg/DmarInitDxe/UnitTest/TestCase/AddRmrr/TestCaseAddRmrr.c
Features/Virtualization/DmarAcpiFeaturePkg/DmarInitDxe/UnitTest/TestCase/AddRmrr/TestCaseAddRmrr.h
Features/Virtualization/DmarAcpiFeaturePkg/DmarInitDxe/UnitTest/TestCase/AddRmrr/TestCaseDmarRmrr.h
Features/Virtualization/DmarAcpiFeaturePkg/DmarInitDxe/UnitTest/TestCase/AddRmrr/TestCaseRmrrStructure.c
Features/Virtualization/DmarAcpiFeaturePkg/DmarInitDxe/UnitTest/TestCase/AddSatc/TestCaseAddSatc.c
Features/Virtualization/DmarAcpiFeaturePkg/DmarInitDxe/UnitTest/TestCase/AddSatc/TestCaseAddSatc.h
Features/Virtualization/DmarAcpiFeaturePkg/DmarInitDxe/UnitTest/TestCase/AddSatc/TestCaseDmarSatc.h
Features/Virtualization/DmarAcpiFeaturePkg/DmarInitDxe/UnitTest/TestCase/AddSatc/TestCaseSatcStructure.c
Features/Virtualization/DmarAcpiFeaturePkg/DmarInitDxe/UnitTest/TestCase/AddSidp/TestCaseAddSidp.c
Features/Virtualization/DmarAcpiFeaturePkg/DmarInitDxe/UnitTest/TestCase/AddSidp/TestCaseAddSidp.h
Features/Virtualization/DmarAcpiFeaturePkg/DmarInitDxe/UnitTest/TestCase/AddSidp/TestCaseDmarSidp.h
Features/Virtualization/DmarAcpiFeaturePkg/DmarInitDxe/UnitTest/TestCase/AddSidp/TestCaseSidpStructure.c
Features/Virtualization/DmarAcpiFeaturePkg/DmarInitDxe/UnitTest/TestCase/CalculateDmarLength/TestCaseCalculateDmarLength.c
Features/Virtualization/DmarAcpiFeaturePkg/DmarInitDxe/UnitTest/TestCase/CalculateDmarLength/TestCaseCalculateDmarLength.h
Features/Virtualization/DmarAcpiFeaturePkg/DmarInitDxe/UnitTest/TestCase/CreateHeader/TestCaseCreateHeader.c
Features/Virtualization/DmarAcpiFeaturePkg/DmarInitDxe/UnitTest/TestCase/CreateHeader/TestCaseCreateHeader.h
Features/Virtualization/DmarAcpiFeaturePkg/DmarInitDxe/UnitTest/UnitTestMain.c
Features/Virtualization/DmarAcpiFeaturePkg/DmarInitDxe/UnitTest/UnitTestMain.h
Features/Virtualization/DmarAcpiFeaturePkg/DmarInitDxe/UnitTest/Utils/Utils.c
Features/Virtualization/DmarAcpiFeaturePkg/DmarInitDxe/UnitTest/Utils/Utils.h
Features/Virtualization/DmarAcpiFeaturePkg/Test/CommonMock/Library/BasePcdLibMock/BasePcdLibMock.c
Features/Virtualization/DmarAcpiFeaturePkg/Test/CommonMock/Library/BasePcdLibMock/BasePcdLibMock.inf
Features/Virtualization/DmarAcpiFeaturePkg/Test/DmarAcpiFeaturePkgHostTest.dsc
Features/WatchdogTimerFeaturePkg/Test/WatchdogTimerFeaturePkgHostTest.dsc
Features/WatchdogTimerFeaturePkg/WdtAppDxe/UnitTest/TestCase/WdtAppDxeTestCase.c
Features/WatchdogTimerFeaturePkg/WdtAppDxe/UnitTest/TestCase/WdtAppDxeTestCase.h
Features/WatchdogTimerFeaturePkg/WdtAppDxe/UnitTest/UnitTestMain.c
Features/WatchdogTimerFeaturePkg/WdtAppDxe/UnitTest/UnitTestMain.h
Features/WatchdogTimerFeaturePkg/WdtAppDxe/UnitTest/WdtAppDxeHost.inf
Features/WatchdogTimerFeaturePkg/WdtAppPei/UnitTest/TestCase/WdtAppPeiTestCase.c
Features/WatchdogTimerFeaturePkg/WdtAppPei/UnitTest/TestCase/WdtAppPeiTestCase.h
Features/WatchdogTimerFeaturePkg/WdtAppPei/UnitTest/UnitTestMain.c
Features/WatchdogTimerFeaturePkg/WdtAppPei/UnitTest/UnitTestMain.h
Features/WatchdogTimerFeaturePkg/WdtAppPei/UnitTest/WdtAppPeiHost.inf
Features/XmlCliFeaturePkg/Test/XmlCliFeaturePkgHostTest.dsc
Features/XmlCliFeaturePkg/XmlCliCommon/Dxe/UnitTest/TestCase/XmlCliCommonDxeTestCase.c
Features/XmlCliFeaturePkg/XmlCliCommon/Dxe/UnitTest/TestCase/XmlCliCommonDxeTestCase.h
Features/XmlCliFeaturePkg/XmlCliCommon/Dxe/UnitTest/UnitTestMain.c
Features/XmlCliFeaturePkg/XmlCliCommon/Dxe/UnitTest/UnitTestMain.h
Features/XmlCliFeaturePkg/XmlCliCommon/Dxe/UnitTest/XmlCliCommonDxeHost.inf
Features/XmlCliFeaturePkg/XmlCliCommon/Pei/UnitTest/TestCase/XmlCliCommonPeiTestCase.c
Features/XmlCliFeaturePkg/XmlCliCommon/Pei/UnitTest/TestCase/XmlCliCommonPeiTestCase.h
Features/XmlCliFeaturePkg/XmlCliCommon/Pei/UnitTest/UnitTestMain.c
Features/XmlCliFeaturePkg/XmlCliCommon/Pei/UnitTest/UnitTestMain.h
Features/XmlCliFeaturePkg/XmlCliCommon/Pei/UnitTest/XmlCliCommonPeiHost.inf
Features/XmlCliFeaturePkg/XmlCliCommon/Smm/UnitTest/TestCase/XmlCliCommonSmmTestCase.c
Features/XmlCliFeaturePkg/XmlCliCommon/Smm/UnitTest/TestCase/XmlCliCommonSmmTestCase.h
Features/XmlCliFeaturePkg/XmlCliCommon/Smm/UnitTest/UnitTestMain.c
Features/XmlCliFeaturePkg/XmlCliCommon/Smm/UnitTest/UnitTestMain.h
Features/XmlCliFeaturePkg/XmlCliCommon/Smm/UnitTest/XmlCliCommonSmmHost.inf
LICENSE.txt
OneSiliconPkg/Include/AcpiTables/Tse.asl
OneSiliconPkg/Include/ConfigBlock/HostBridge/HostBridgeConfig.h
OneSiliconPkg/Include/ConfigBlock/Memory/Ver6/MemoryConfig.h
OneSiliconPkg/Include/ConfigBlock/Tcss/TcssPeiPreMemConfig.h
OneSiliconPkg/Include/ConfigBlock/Vtd/VtdConfig.h
OneSiliconPkg/Include/Defines/HostBridgeDefines.h
OneSiliconPkg/Include/Defines/PcdPchBdfAssignment.h
OneSiliconPkg/Include/Defines/PchReservedResources.h
OneSiliconPkg/Include/Library/DebugToken.h
OneSiliconPkg/Include/Library/NguInfoLib.h
OneSiliconPkg/Include/Library/PcdEspiLib.h
OneSiliconPkg/Include/Library/PcdGpioNativeLib.h
OneSiliconPkg/Include/Library/PcdGpioTopologyLib.h
OneSiliconPkg/Include/Library/PcdInfoLib.h
OneSiliconPkg/Include/Library/PcdItssLib.h
OneSiliconPkg/Include/Library/PcdPeiLpssI2cSocInitLib.h
OneSiliconPkg/Include/Library/PcdPeiLpssI3cSocInitLib.h
OneSiliconPkg/Include/Library/PcdPeiLpssSpiSocInitLib.h
OneSiliconPkg/Include/Library/PcdPeiLpssUartSocInitLib.h
OneSiliconPkg/Include/Library/PcdPeiThcSocInitLib.h
OneSiliconPkg/Include/Library/PcdPolicyLib.h
OneSiliconPkg/Include/Library/PcdReserveMmio64SizeLib.h
OneSiliconPkg/Include/Library/PcdRtcAccessLib.h
OneSiliconPkg/Include/Library/PchInfoHob.h
OneSiliconPkg/Include/Library/PchLimits.h
OneSiliconPkg/Include/Ppi/SiPolicy.h
OneSiliconPkg/Include/Register/CpuGenInfoRegs.h
OneSiliconPkg/Include/Register/GenerationMsr.h
OneSiliconPkg/Include/Register/GpioAcpiDefines.h
OneSiliconPkg/Include/Register/GpioV2PcdPins.h
OneSiliconPkg/Include/Register/GpioV2PcdRegs.h
OneSiliconPkg/IncludePrivate/Library/LpssControllerInfoLib.h
OneSiliconPkg/IncludePrivate/Library/P2SbSocLib.h
OneSiliconPkg/IncludePrivate/Library/PcdPeiIshPolicyLib.h
OneSiliconPkg/IncludePrivate/Library/PcdSerialIoGpioAccessLib.h
OneSiliconPkg/IncludePrivate/Library/PcdTcssInitLib.h
OneSiliconPkg/IncludePrivate/Library/PeiPcdInitLib.h
OneSiliconPkg/IncludePrivate/PcdEspiDeviceIds.h
OneSiliconPkg/IncludePrivate/PcdSbPortIds.h
OneSiliconPkg/IncludePrivate/Register/CpuGenRegs.h
OneSiliconPkg/IncludePrivate/Register/GraphicsRegs.h
OneSiliconPkg/IncludePrivate/Register/HacRegs.h
OneSiliconPkg/IncludePrivate/Register/HostBridgeRegs.h
OneSiliconPkg/IncludePrivate/Register/ItbtPcieRegs.h
OneSiliconPkg/IncludePrivate/Register/MemSSRegs.h
OneSiliconPkg/IncludePrivate/Register/NocRegs.h
OneSiliconPkg/IncludePrivate/Register/PsfRegsPtlPcdWrapper.h
OneSiliconPkg/IncludePrivate/Register/SncuRegs.h
OneSiliconPkg/IncludePrivate/Register/VmdRegs.h
OneSiliconPkg/IncludePrivate/Register/VoltageRegulatorRegs.h
OneSiliconPkg/IncludePrivate/Register/VtdRegs.h
OneSiliconPkg/IpBlock/MemoryInit/Include/CMemoryInit.h
OneSiliconPkg/IpBlock/MemoryInit/Include/CMrcInterface.h
OneSiliconPkg/IpBlock/MemoryInit/Library/PeiDxeSmmMemAddrEncodeLib/decoder.h
OneSiliconPkg/IpBlock/MemoryInit/Library/PeiDxeSmmMemAddrEncodeLib/decoder_functions.c
OneSiliconPkg/IpBlock/MemoryInit/Library/PeiDxeSmmMemAddrEncodeLib/decoder_tables.h
OneSiliconPkg/IpBlock/MemoryInit/LibraryPrivate/MrcOemPlatform.c
OneSiliconPkg/IpBlock/MemoryInit/src/IncludePublic/CMrcInterfaceGlobalTypes.h
OneSiliconPkg/IpBlock/MemoryInit/src/IncludePublic/MrcGlobalDefinitions.h
OneSiliconPkg/IpBlock/PcieRp/LibraryPrivate/PeiPcieSipInitLib/PeiPcieSipInitLib.inf
OneSiliconPkg/Product/PantherLake/SiPkgPcdInit.dsc
PantherLakeBoardPkg/BoardPkg.dsc
PantherLakeBoardPkg/Features/Setup/Include/Dsc/SetupDxe.dsc
PantherLakeFspPkg/Test/PantherLakeFspPkgHostTest.dsc
PantherLakePlatSamplePkg/Features/Hsti/HstiIhvDxe/HstiIhvDxe.c
PantherLakePlatSamplePkg/Features/Hsti/HstiIhvDxe/HstiIhvDxe.h
PantherLakePlatSamplePkg/Include/SetupVariable.h
PantherLakePlatSamplePkg/Library/DxePlatformBootManagerLib/BdsPlatform.c
PantherLakePlatSamplePkg/Setup/Advanced.vfr
PantherLakePlatSamplePkg/Setup/PlatformSetup.c
